date,tier,title,grid,clues_across,clues_down
2026-09-08,mini,Quick Solve,##O#P##/FLAGONS/##T#R##/POS#RED/O###O#R/TAJIN#Y/S###S##,3. Plural of the large | 4. Point of sale computer terminal used by bartenders to enter drink orders and process checks | 5. Vibrant crimson tint characteristic of an Italian bitter apéritif or sweet vermouth | 7. Popular Mexican seasoning blend combining ground chili peppers,1. High-protein cereal grain added to brewing mashes to create silky | 2. Plural of the traditional Spanish glass wine vessels equipped with pouring spouts | 4. Plural of the traditional bulbous copper kettles used for artisanal batch distillation | 6. Flavor descriptor denoting the complete absence of residual sweetness
2026-09-08,midi,The Daily Grid,##DRYER#FIN/###Y##I#L##/BLUE##CHAR#/A###B#O#M##/S##GIN#FIGS/E###T###N#P/#LEWISBAG#I/#I##N##L##L/#N#EGG#E##L/BED###ASTI#/#S#########,1. Comparative tasting term denoting a cocktail formulation possessing less residual sugar | 4. Delicate citrus peel wing trimmed to resemble a fish fin for garnish | 5. Vibrant cyan tint imparted to tropical drinks by curaçao liqueur dyed with food-grade color | 6. The blackened carbonized wood layer torched into the interior walls of new bourbon barrels | 8. Botanical spirit flavored predominantly with aromatic juniper berries | 9. Plural of the sweet Mediterranean fruits macerated into autumnal brandies and rich syrups | 11. Heavy canvas pouch into which ice cubes are placed to be crushed dry with a wooden mallet | 13. Emulsifying cocktail ingredient whose white yields a silky textural foam collar | 14. The porous filter layer of crushed grain husks resting inside a mash tun during lautering | 15. Piedmontese province celebrated for sweet floral sparkling Moscato wines,2. Grain spirit that lends a dry and peppery spice backbone to a classic Manhattan | 3. Puerto Rico: the Caribbean island territory celebrated as the historic birthplace of the Piña Colada | 4. Igniting overproof spirits or expressed citrus oils to produce an aromatic flash of fire | 5. The foundational high-proof primary spirit around which a cocktail recipe is constructed | 7. Astringent sharp sensation on the tongue caused by high acidity or un-aged alcohol | 10. Liquid droplets caught safely inside the lower rubber grate of a bar service mat | 11. Plural of the insulated draught tubing lines running from cold walk-in kegs to bar faucets | 12. Plural classification of top-fermented beers encompassing pale ales
2026-09-08,main,The Masterpiece,###########BOWL/BARBACK##C#O#A#/#####A#FLAGONS#/#KIR#L#L#S#T#H#/#I#A#V#OAK#S###/#R#GUAVA####C##/DRY##D#T#DRIER#/#O###O#I####L#H/SYRUPS#NUTS#E#A/#A##U##G##PERRY/#LAMB#####E#Y##/B#G###N#F#E#S##/U#A#ICELAND#AGE/CAVA##A#T###L##/K#E#TOTS#ZESTER,1. Vessel designed for communal punches or the fluid basin of a cocktail glass | 3. The tireless bar assistant responsible for stocking ice prepping fruit and washing glasses | 6. Plural of the large | 7. Classic French apéritif combining crème de cassis with a pour of crisp dry white Aligoté wine | 9. Wood barrel standard responsible for lending vanillin and wood tannins to aged spirits | 10. Fragrant tropical fruit pureed into sweet pink nectars for Caribbean tiki swizzles | 12. Flavor descriptor denoting the complete absence of residual sweetness | 13. Alternative spelling for a cocktail profile featuring more bitter or spirit-forward balance | 15. Plural category of concentrated liquid sweeteners balancing cocktail acids | 17. Complimentary roasted and salted legumes served on bar counters to stimulate thirst | 19. Traditional fermented beverage produced exclusively from the juice of specific pear varieties | 20. Belgian sour wheat ale fermented spontaneously with wild Brettanomyces yeasts in open vats | 25. North Atlantic island nation distilling caraway-scented Brennivín schnapps | 26. Maturation period inside a wooden cask that mellows raw distillate | 27. Spanish sparkling wine produced predominantly in Catalonia via the traditional method | 28. Plural of the historic daily rum rations issued to sailors across the British Royal Navy | 29. Small metal kitchen tool featuring sharp circular teeth to scrape citrus zest,1. Novelty boot-shaped glass beer vessels utilized in lively German drinking traditions | 2. The fermented liquid wort or wine ready to be pumped into a copper still | 4. Apple and pear brandy crafted in Normandy and aged inside traditional oak vats | 5. Individual wooden barrel used to mature refine and color fine spirits | 6. Pouring a delicate spirit layer over the bowl of an inverted barspoon | 7. Luxurious French apéritif combining crème de cassis topped with dry sparkling champagne | 8. Microfiber cloth or cotton towel deployed by a bartender to keep the service station dry | 11. Savory seasoning blend combining crushed celery seeds with fine salt | 14. Toasted sweet meadow grass infused into modern artisanal bourbons to impart rustic farm notes | 16. Traditional British drinking establishment named as an abbreviation of public house | 18. Ergonomic cocktail layout engineered to maximize rapid drink production during busy rushes | 21. Desert succulent plant whose harvested core is roasted and pressed to produce mezcal | 22. Historic highball family pairing spirits with citrus juice and effervescent ginger beer | 23. Spirits served at ambient room temperature directly from the bottle without ice | 24. Rich lipid substance like melted butter
2026-09-09,mini,Morning Coffee,W###F##/A#BELL#/S###A##/HEADS#T/I#L#KIR/N#E###U/GAS#SUB,3. Bell-shaped Japanese jigger or the Division Bell mezcal cocktail created in New York | 4. The volatile | 7. Classic French apéritif combining crème de cassis with a pour of crisp dry white Aligoté wine | 8. Carbon dioxide or nitrogen used to carbonate beverages and propel draught liquid through lines | 9. To swap one spirit or modifier for another in a standard recipe to create a variation,1. Fat-washing technique infusing spirits with liquid lipids before freezing them out | 2. Curved | 5. Plural classification of top-fermented beers encompassing pale ales | 6. Coagulated protein and hop sediment that settles to the bottom of the brewing kettle
2026-09-09,midi,Midday Break,########GIG/K##KAHLUA#A/E#F#U###R#S/GROGS#CANE#/S#O#T###I#C/##TORCHES#A/T###I###H#R/O##BARN#I#P/N##O#I##N#A/I##COCO#GIN/CASK#O####O,1. Slang term for a bartender guest shift or evening hospitality event | 4. Rich Mexican coffee liqueur crafted with rum cane sugar and real Arabica beans | 7. Plural of the historic Royal Navy drinks mixing dark rum | 8. Tall tropical grass whose sweet sap is harvested to produce sugar and rum | 10. Plural of the culinary butane tools utilized by bartenders to singe peel oils and herbs | 12. Traditional timber farm building where rustic Belgian farmhouse saison ales are brewed | 14. Cream of coconut shorthand | 15. Botanical spirit flavored predominantly with aromatic juniper berries | 16. Individual wooden barrel used to mature refine and color fine spirits,1. Adorning the rim or surface of a cocktail with citrus herbs or brandied cherries | 2. Carbon dioxide or nitrogen used to carbonate beverages and propel draught liquid through lines | 3. Plural of the stainless steel pressurized barrels delivering draught beer and cider to bar taps | 5. Alpine country celebrated for apricot marillen schnapps and crisp Grüner Veltliner wines | 6. The flat | 9. Turin distillery credited with commercializing sweet vermouth through Antonio Carpano | 11. Bitter carbonated mixer sweetened with sugar and flavored with cinchona quinine | 12. Strong bottom-fermented German lager style brewed to celebrate seasonal transitions | 13. Puerto Rico: the Caribbean island territory celebrated as the historic birthplace of the Piña Colada
2026-09-09,main,Weekend Edition,###########S#W#/#L#####INDIANA#/HOP#####U##K#X#/#V##B#BOTTLE##N/MAPLE#R##A##O#E/#G##DEEP#MELLOW/KEGS##W##A##D##/###E##M#DRY####/###ARRAN#I#V#N#/FULL##S##N#A#O#/#M##VATS#D#MUGS/PALE##E####P#S#/#M#Y#DRAMBUIE##/FINES##I#A#R###/#####HERBY#OAK#,4. Midwestern American state home to massive historic distillation facilities producing rye | 6. Cone-shaped flower that provides floral bitterness and antimicrobial properties to beer | 8. A glass container with a narrow neck used to store and age wine | 11. Tree sap boiled into rich syrup providing autumnal wood notes to brown spirits | 13. Sensory descriptor for layered | 14. Rounded softened spirit profile achieved through lengthy barrel maturation | 15. Plural of the stainless steel pressurized barrels delivering draught beer and cider to bar taps | 17. Flavor descriptor denoting the complete absence of residual sweetness | 18. Scottish island whose Lochranza distillery produces unpeated | 21. Sensory descriptor for a rich | 23. Plural of the massive wooden or stainless bulk holding tanks used to marry blended spirits | 24. Plural of the heavy copper or ceramic handled vessels utilized to serve icy Moscow Mules | 25. Light-hued ale style characterized by crisp malt profiles and aromatic hops | 27. Scotch whisky liqueur sweetened with heather honey herbs and secret spices | 30. Delicate high-proof brandies distilled from exceptional estate wine harvests | 31. Aromatic descriptor for intense fresh garden botanical notes like mint | 32. Wood barrel standard responsible for lending vanillin and wood tannins to aged spirits,1. Traditional Japanese fermented alcoholic beverage made from polished rice and koji mold | 2. Natural beeswax melted over bottle closures to protect aged vintage spirits from ambient oxygen | 3. Pungent perennial European herb featuring intense celery and anise flavors used in savory drinks | 5. Hard-shelled seed like hazelnut or walnut macerated to yield rich nutty winter liqueurs | 7. The porous filter layer of crushed grain husks resting inside a mash tun during lautering | 8. Lead technical expert responsible for recipe development | 9. Tart | 10. Modern cocktail prefix designating contemporary regional classics like the New York Sour | 12. Historic classification for vintage cocktail formulas or Victorian sweetened Old Tom gin | 16. Protective heat-shrink foil capsule or wax shell safeguarding a bottle closure from air | 19. Popular Mexican cocktail shaking tequila with spicy sangrita | 20. Plural of the rich egg | 22. The savory | 26. Colloquial term for a morning revitalizer cocktail or a drop of modifier | 28. Delicate aerated foam or bubble cloud created with soy lecithin to crown modern cocktails | 29. Coastal cocktail family characterized by the Bay Breeze pairing vodka with fruit juices
2026-09-10,mini,Brain Snack,BRUT#B#/###ARAK/#L#V#Y#/PALE###/#R#RUN#/#DEN#U#/#####T#,1. Dry classification for sparkling wines containing less than twelve grams of sugar per liter | 4. Clear Levantine distilled spirit flavored with aniseed that turns milky white with water | 6. Light-hued ale style characterized by crisp malt profiles and aromatic hops | 7. A single complete cycle of heating | 9. Intimate subterranean cocktail lounge or cozy neighborhood retreat dedicated to fine drinks,2. Historic roadside inn or gathering hall licensed to serve hearty food and fermented drinks | 3. Coastal cocktail family characterized by the Bay Breeze pairing vodka with fruit juices | 5. Rendered pork lipid used in culinary mixology to fat-wash bourbon for savory old fashioneds | 8. Hard-shelled seed like hazelnut or walnut macerated to yield rich nutty winter liqueurs
2026-09-10,midi,Brain Teaser,HOSE#####A#/##U#TWISTED/COCO###K#J#/I#R####I#O#/N#O#CREME#C/N#S#R#####R/AVEZE#B#J#E/M###MARSALA/O#I#A#E#R#M/N#CAN#WASH#/##E#T######,1. Flexible food-grade braided tubing used to transfer mash | 4. Curled into a tight spiral to express essential citrus oils across the surface of a cocktail | 6. Cream of coconut shorthand | 7. French cordial designation for sweet | 9. Traditional French gentian liqueur crafted using wild roots harvested from Auvergne | 12. Fortified wine produced around the Sicilian city of Marsala used in aperitifs and cooking | 14. Aluminum beverage container increasingly used for ready-to-drink craft cocktails | 15. The fermented liquid wort or wine ready to be pumped into a copper still,2. Common disaccharide table sugar dissolved into equal measures of water to make standard simple syrup | 3. Tequila matured in small wooden barrels for at least one year to impart amber wood nuances | 5. To remove floating fat caps | 6. Aromatic sweet inner tree bark grated fresh over warm winter toddies | 7. Appellation for French traditional-method sparkling wines produced outside Champagne | 8. Heavy dairy fat floated atop Irish coffee or shaken with coffee liqueur for White Russians | 10. To ferment malted grains into beer or steep roasted beans for coffee cocktails | 11. Plural of the handled glass mason vessels frequently utilized for rustic moonshine cocktails | 13. The bartender's indispensable thermodynamic coolant and dilution control agent
2026-09-10,main,Brain Bender,COSMO#F###R####/A####TIPPLING#N/SPECS#T###N#ALE/K##O#W#G##D#S#T/#HORSERADISH###/#O#K#B#M####EYE/ANT####M##JUG##/#E###M#E##I#GUM/#Y##TAILINGS###/M####I####G####/O##VAT#N#NEAT##/U#P##A#O##R###S/SWIRLING##SECCO/S#N#O##SEC####U/E#K#GIG###SPEAR,1. Colloquial abbreviation for the pink Cosmopolitan cocktail shaken with citron vodka and cranberry | 4. Leisurely enjoying small measures of alcoholic mixed drinks throughout an evening | 7. The precise ingredient measurements and operational steps defining a standard cocktail recipe | 9. Top-fermented malt brew produced with warm fermentation yeast strains | 12. Pungent white root grated fresh into savory tomato mixes to deliver sharp | 13. Colloquial term for a morning revitalizer cocktail or a drop of modifier | 14. Roasted and crushed chicatana flying ant seasoning blended with salt to accompany neat mezcal | 15. Bulbous ceramic or glass container used to dispense communal table punch | 17. Arabic tree exudate boiled with sugar to produce velvety gomme syrup | 18. The oily low-alcohol fraction emerging at the end of a distillation run | 20. Enormous wooden or stainless vessel used for bulk spirit blending | 22. Spirits served at ambient room temperature directly from the bottle without ice | 25. Rotating a glass in small circles to coat the walls and release volatile aromatics | 27. Italian wine and vermouth label descriptor denoting a dry crisp finish | 28. French wine and cordial label indicator denoting a dry profile | 29. Slang term for a bartender guest shift or evening hospitality event | 30. Long narrow strip of cucumber or pineapple used to adorn tall highballs,1. Individual wooden barrel used to mature refine and color fine spirits | 2. The secure friction seal formed between two metal tins when locking a Boston shaker | 3. Plural of the tough protective skins of citrus fruits containing volatile aromatic oil sacs | 5. Carbon dioxide or nitrogen used to carbonate beverages and propel draught liquid through lines | 6. Fine wire mesh screen used during double-straining to catch microscopic ice shards | 8. Elastic natural bark harvested from Mediterranean cork oaks to seal fine wine and spirit bottles | 10. Tangled gossamer threads spun by cellar spiders across historic vintage wine bottles | 11. Gammel Dansk: traditional Danish bitter herbal spirit consumed at celebratory breakfast toasts | 12. Sweet viscous substance produced by bees lending floral notes to classic cocktails | 13. Emulsifying cocktail ingredient whose white yields a silky textural foam collar | 15. Plural hourglass metal tools used to measure spirits with volumetric accuracy | 16. Legendary Trader Vic tiki cocktail spotlighting aged rum lime curaçao and almond orgeat | 19. The delicate sparkling effervescent foam that rises when champagne is poured | 21. Plural of the rich egg | 23. Delicate pastel hue of pink gin seasoned with Angostura bitters or the gin Pink Lady | 24. Foundational cocktail template balancing spirit with citrus and sweetener | 26. The official shift journal recording daily bar inventory
2026-09-11,mini,Commuter Special,C#MUSTS/R#A#A#I/E#LIP#P/M#T##K#/AUSTRIA/N####W#/TAG#BIN,2. Plural of the freshly pressed unfermented grape juices containing skins | 5. The outer rim of a glassware bowl where garnishes are balanced | 7. Alpine country celebrated for apricot marillen schnapps and crisp Grüner Veltliner wines | 8. Printed label attached to a bottle neck declaring vintage | 9. Insulated stainless steel ice compartment in a cocktail well or cellar wine storage cubby,1. Appellation for French traditional-method sparkling wines produced outside Champagne | 2. Plural of the germinated barley grains kiln-dried to produce single malt Scotch whiskies | 3. Sweet raw fluid tapped from birch or maple trees fermented into regional wilderness wines | 4. A small | 6. Fuzzy emerald fruit featuring tart black seeds muddled into modern summer caipiroskas
2026-09-11,midi,Perfect Puzzler,POP##ESTERY/##I#S#W##A#/T#P#AJI##W#/AGE#V#T###B/R#SCOTCH##I/R###R#H#TOT/A#S###E#I#E/G#HIGHLAND#/O#I##O###E#/N#MEDOC#TEA/##S##P###P#,1. Audible sound of a sparkling wine cork release or colloquial term for soda | 3. Fruity funk-forward aroma profile produced by esters during warm wild fermentation | 8. Peruvian spicy yellow chili pepper muddled into fiery pisco sours and tropical drinks | 9. Maturation period inside a wooden cask that mellows raw distillate | 11. Malted barley or grain whisky produced distilled and aged for at least three years in Scotland | 12. Daily rum ration issued to Royal Navy sailors until Black Tot Day in 1970 | 14. Vast | 17. Prestigious Left Bank Bordeaux wine region celebrated for tannic | 18. Tannic herbal infusion frequently deployed as the diluting weak element in historic punches,2. Plural of the large wooden casks used to age and ship fortified Portuguese port wine | 4. Traditional American colonial thirst-quenching drink of water | 5. Unrefined natural sugar or raw unpasteurized egg white used to create a silky sour foam | 6. To taste slowly and mindfully | 7. Anise-scented culinary herb infused into savory dry vermouths and green botanical cocktail syrups | 10. Sharp alcohol burn or ginger heat perceived acutely on the palate | 12. Metal vessel of a two-piece Boston shaker used to conduct thermal transfer | 13. Plural classification of low-proof session cocktails crafted to mitigate intoxication | 15. Metal band hammered around barrel staves to compress and hold a cask together | 16. Sensory descriptor for layered
2026-09-11,main,The Grand Grid,TEA#F#####J###S/I#MALLETS#A#V#A/E#A#A##W##P#E#L/##RUM#LIP#ANCHO/##E#E##S##N#C#N/BOTA#M#T####H##/U#T#WIPES###I#S/SHIM#L#D##FROST/H##A#L###S####E/###T#SPICED#JAM/D#G######R#O#G#/ROUND####V#R#A#/Y#E##BARTENDERS/E#S##I#U#D#E###/R#TUMBLER#FRUIT,1. Tannic herbal infusion frequently deployed as the diluting weak element in historic punches | 6. Plural of the heavy wooden hammers utilized alongside canvas bags to shatter clear ice | 9. Distilled spirit crafted directly from fermented sugarcane juice or molasses | 10. The outer rim of a glassware bowl where garnishes are balanced | 11. Dried poblano chile providing sweet raisin notes and smoky warmth to Mexican liqueurs | 12. Traditional teardrop-shaped Spanish leather bladder used to squirt wine into the mouth | 14. Sanitizing cloths kept in sanitizer buckets to clean sticky bar counters throughout the night | 16. Low-alcohol cocktail engineered to moderate ethanol consumption over long sessions | 18. Crystalline white condensation blooming over the exterior of sub-zero freezer glassware | 20. Enriched with aromatic baking spices like cinnamon clove nutmeg and allspice | 21. Preserved fruit spread shaken into modern sours to deliver immediate fruit body and sweetness | 26. Palate descriptor for a mellow | 27. Plural of the hospitable professionals who mix drinks and take care of patrons at the bar | 29. Flat-bottomed drinking vessel lacking a stem or foot commonly used for neat pours | 30. Broad flavor category encompassing berries,1. Formal uniform neckwear or the act of knotting a slender strip of citrus peel for garnish | 2. Plural of the almond-flavored Italian cordials or the crisp cookies that share their flavor | 3. Open fire applied to ignite overproof rum floats or caramelize expressed orange peel oils | 4. East Asian island nation famed for highball perfection | 5. A sophisticated private parlor or historic European lounge dedicated to refined drinking | 7. Curled into a tight spiral to express essential citrus oils across the surface of a cocktail | 8. Amaro del Capo designation: celebrated Calabrian herbal liqueur served sub-zero | 12. Colloquial term for the historic Bushmills Irish whiskey distillery in County Antrim | 13. Plural of the heavy roller machines that crush whole malted barley grains into grist | 15. Slender vertical glass column supporting the bowl to prevent hand heat warming the cocktail | 17. Textured rubber runner placed beneath glassware on the bar rail to collect overflow droplets | 19. Presented gracefully to a hospitality guest with appropriate glassware | 22. Plant-based gelatin extracted from red algae utilized for freeze-thaw cocktail clarification | 23. Comparative tasting term denoting a cocktail formulation possessing less residual sugar | 24. A customer welcomed into a hospitality establishment to enjoy food | 25. The itemized drink ticket transmitted from the floor to the service well for preparation | 27. Acronym for Bottled in Bond | 28. Intensely bitter aromatic herb used in ancient folk tonics and medicinal restorative cordials
2026-09-12,mini,Fast Five,#####P#/BOTTLED/A####A#/RUN##R#/R##ROSE/URN#L##/M###DIP,2. Packaged into glass containers fitted with corks | 3. A single complete cycle of heating | 4. Delicate fragrant pink water distilled from flower petals used in Middle Eastern punches | 6. Heated ceramic or metal dispensing vessel utilized to keep mulled wine and hot toddies warm | 7. Quick immersion of glassware rims into juice or cordial before applying garnishes,1. Plural of the fragrant green orchard fruits distilled into delicate clear eau-de-vie | 2. High-ester white or dark rum stored in wooden casks before blending | 5. Historic classification for vintage cocktail formulas or Victorian sweetened Old Tom gin
2026-09-12,midi,Coffee Break,PIT#HAY#ASH/U#I#O##Y#A#/R#ESTATE#T#/E#R####L#U#/#####R#L#R#/I#DEMIJOHN#/M##G#C#W###/BUNG#E#BARK/I######I#Y#/B#BITTER#E#/E######DISH,1. Subterranean earthen conical oven filled with burning hardwood used to roast agave hearts | 3. Toasted sweet meadow grass infused into modern artisanal bourbons to impart rustic farm notes | 4. Fine carbon residue produced from roasting agave hearts in subterranean earthen pit ovens | 7. Agricultural property where spirits | 10. Bulbous glass carboy holding multiple gallons of aging spirit or fortified wine | 12. Tapered wooden or silicone stopper hammered into a barrel hole to seal it | 13. Angostura tree or cinchona covering harvested to yield bitter aromatic cocktail alkaloids | 15. Sharp palate-gripping sensation imparted by quinine gentian hops and citrus pith | 16. Shallow ceramic bar bowl filled with spiced olives or roasted almonds for table snacks,1. Distillate produced without additives artificial colorings or neutral grain cuts | 2. An individual horizontal layer of barrels stacked in a multi-story whiskey rickhouse | 3. Serving temperature suited for a buttered rum or winter toddy | 5. Award-winning gin-based tiki cocktail shaken with passionfruit | 6. Caribbean tropical cocktail combining white rum with Galliano | 8. Polished cereal grain fermented with koji mold to brew Japanese sake and distilled into soju | 9. The deliberate and joyful social act of drinking intoxicating cocktails in good company | 11. Emulsifying cocktail ingredient whose white yields a silky textural foam collar | 14. Plural of the spicy American whiskeys distilled from a mash bill containing at least 51 percent rye
2026-09-12,main,Heavy Hitter,#####B####CAROB/#POT#E#B###G##O/#U##BEERS#SECCO/ELDER##O##Q#R#T/#P##A##T#JULEPS/#SWANS#H##E#M##/##A#D###Z#EYE#H/##ROYALFIZZ###I/##M##L##N#E#BUG/#SILVER#G#R#R#H/##N##M#M###BUAL/KEG##B#ASH##I#A/#G#T#I#U#O##S#N/UGNI#CHIPOTLE#D/###POS###K##D##,2. Sweet Mediterranean tree pod roasted and infused into rich winter liqueurs and cordials | 5. Traditional bulbous copper alembic still utilized for rich batch distillation | 7. Fermented cereal beverages encompassing lagers ales stouts and wild lambics | 8. Italian wine and vermouth label descriptor denoting a dry crisp finish | 10. Elderflower or elderberry plant whose blossoms yield fragrant | 11. Southern American bourbon coolers served in chilled frosted silver cups with mounds of mint | 12. Plural of the curved swan neck pipes channeling alcohol vapor out of a pot still kettle | 15. Colloquial term for a morning revitalizer cocktail or a drop of modifier | 17. Rich gin sour shaken with a whole raw egg combining both the white protein and the yolk | 19. Wild ginger fermentation starter culture cultivated with sugar and water to brew ginger beer | 20. Clear un-aged spirit classification for tequila and light Caribbean rums | 22. Fragrant | 23. Stainless steel pressurized cylinder used to store and dispense draught beer or batched cocktails | 25. Fine carbon residue produced from roasting agave hearts in subterranean earthen pit ovens | 28. Ugni Blanc grape variety forming the vast majority of distillation wash for Cognac | 29. Smoke-dried ripe red jalapeño pepper delivering pungent campfire smoke to savory cocktails | 30. Point of sale computer terminal used by bartenders to enter drink orders and process checks,1. The industrious insect whose sweet wildflower honey anchors the Prohibition Bee's Knees | 3. Maturation period inside a wooden cask that mellows raw distillate | 4. Novelty boot-shaped glass beer vessels utilized in lively German drinking traditions | 5. Plural of the juicy fruit solids strained out of freshly pressed lemons and limes | 6. Savory clarified meat or vegetable stock warmed with spirits for winter savory drinks | 7. Distillate produced by boiling fermented grape wine or crushed orchard fruits | 8. Handheld hinged metal lever tool used to freshly press lemon and lime halves | 9. French cordial designation for sweet | 13. The gentle internal glow produced by the ingestion of high-proof spirits | 14. The lively palate prickle created by a sharp burst of fresh citrus and active effervescence | 16. Vast | 18. Plural of the historic pot stills featuring a rounded kettle and swan neck | 19. Over-agitated through violent shaking | 21. Hawaiian tropical island whose pineapples and sugar cane inspire exotic tiki punch bowls | 24. Emulsifying cocktail ingredient whose white yields a silky textural foam collar | 26. The Red Hook cocktail combining spicy rye whiskey with bitter Punt e Mes and maraschino | 27. Financial gratuity left by a patron to reward attentive hospitalian service
2026-09-13,mini,Quick Solve 2,D#PUFF#/AJI####/T#SAKE#/E#C###S/#COCO#T/####ICE/TRAIL#M,2. A fragrant plume of wood smoke escaping when a cloche is lifted before a guest | 3. Peruvian spicy yellow chili pepper muddled into fiery pisco sours and tropical drinks | 4. Traditional Japanese fermented alcoholic beverage made from polished rice and koji mold | 6. Cream of coconut shorthand | 8. The bartender's indispensable thermodynamic coolant and dilution control agent | 9. The Kentucky Bourbon Trail: an organized tourism route connecting historic distilleries,1. Sweet desert palm fruit steeped into rich brandies and spiced syrups for winter punches | 2. Clear South American grape brandy produced in the wine regions of Peru and Chile | 5. Slender vertical glass column supporting the bowl to prevent hand heat warming the cocktail | 7. Volatile aromatic liquid expelled from citrus rinds to perfume the surface of a cocktail
2026-09-13,midi,The Daily Grid 2,##H###GRAIN/#DEN#E##S#E/##A#PUNCH#T/AIR##G#A###/##TABERNA#E/POS##N##L#S/O##CLOSEOUT/D##H#L##E#E/##FIT##B##R/###L##PIPAS/###LOG#G###,2. Cereal crop seeds like rye barley corn and wheat that form the base mash of spirits | 5. Intimate subterranean cocktail lounge or cozy neighborhood retreat dedicated to fine drinks | 7. Five-ingredient communal drink template derived from the Sanskrit word for five | 9. Delicate aerated foam or bubble cloud created with soy lecithin to crown modern cocktails | 10. Historic regional Mexican term for an artisanal distillery producing agave spirits | 13. Point of sale computer terminal used by bartenders to enter drink orders and process checks | 14. The late-night procedure of counting drawers wiping down rails and storing garnishes | 15. The secure friction seal formed between two metal tins when locking a Boston shaker | 17. Plural of the traditional large oak casks used to age and transport fortified port wine | 18. The official shift journal recording daily bar inventory,1. The clean desirable middle fraction captured during spirit distillation runs | 3. Fine carbon residue produced from roasting agave hearts in subterranean earthen pit ovens | 4. Fine wire mesh screen used during double-straining to catch microscopic ice shards | 6. Aromatic chemical compound providing the distinctive warm flavor of cloves and allspice | 8. Aluminum beverage container increasingly used for ready-to-drink craft cocktails | 11. Succulent desert plant whose soothing | 12. Plural of the volatile fruity chemical compounds synthesized during warm fermentation | 13. Vanilla or cardamom seed vessel macerated into rich cocktail syrups | 14. To drastically lower temperature by stirring with ice or storing glassware in a freezer | 16. Large format geometric ice cube carved to minimize surface area and slow down dilution
2026-09-13,main,The Masterpiece 2,#OLOROSO##M####/####Y#U##KILNS#/#ROSE#M#N#N#U##/#I##M##PORT#T##/#M#TARO#G##ASH#/S###L#CASKS####/PUPITRE##E#####/R#####A##G#B#B#/I##FRENCHSHAKER/G######U###T#L#/##J##PIPES###L#/BLANCO##Y#RAKI#/A#M##X#WEB#L#N#/R########I#B#I#/KIT#CHARENTAIS#,1. Deep brown | 5. Plural of the large drying ovens where germinated barley is halted with warm air or peat smoke | 7. Delicate fragrant pink water distilled from flower petals used in Middle Eastern punches | 9. Fortified Portuguese wine produced in the Douro Valley and matured in seasoned oak pipes | 10. Starchy purple tropical root vegetable pureed into vibrant | 12. Fine carbon residue produced from roasting agave hearts in subterranean earthen pit ovens | 14. Wooden barrel containers used to age and mature spirits wines and beers | 16. Hinged wooden A-frame riddling rack used to tilt and turn champagne bottles | 19. Two-piece curvaceous all-metal cocktail shaker design also known as a Parisian shaker | 22. Plural of the large wooden casks used to age and ship fortified Portuguese port wine | 24. Pristine unaged tequila bottled directly after distillation to showcase pure agave notes | 25. Aniseed-flavored distilled spirit regarded as the national apéritif of Turkey | 27. Tangled gossamer threads spun by cellar spiders across historic vintage wine bottles | 29. Portable leather or canvas roll containing a bartender's personal jiggers | 30. Traditional copper pot still used to double-distill French Cognac in Charente,2. Malted rye cereal grain adding bold | 3. The total financial balance of a bar check encompassing food | 4. Herbaceous aromatic plant gently pressed or slapped to release essential oils in a Julep | 6. Complimentary roasted and salted legumes served on bar counters to stimulate thirst | 7. Circumference of a cocktail glass often coated with citrus juice and salt or sugar | 8. Plural of the rich egg | 11. Sensory descriptor for salty sea spray and briny seaweed aromas in coastal Scotch whiskies | 13. Small fresh cutting of mint or rosemary used as an aromatic vertical garnish | 15. Plural of the stainless steel pressurized barrels delivering draught beer and cider to bar taps | 17. Iconic fruit bat symbol emblazoned across every bottle of Bacardi rum since 1862 | 18. Plural of the Venetian sparkling cocktails combining white peach puree with crisp prosecco | 20. Pimm's-based fruit and botanical cooler traditionally garnished with cucumber | 21. Preserved fruit spread shaken into modern sours to deliver immediate fruit body and sweetness | 22. Traditional ceremonial corn and sugarcane distillate produced in Chiapas | 23. Colloquial term for a morning revitalizer cocktail or a drop of modifier | 24. Angostura tree or cinchona covering harvested to yield bitter aromatic cocktail alkaloids | 26. Quercus alba or American white oak utilized for charred bourbon barrels | 28. Insulated stainless steel ice compartment in a cocktail well or cellar wine storage cubby
2026-09-14,mini,Morning Coffee 2,#T##SUM/#E#M##A/MATURED/A##L##E/TUBES#I/#R#S##R/INN#PEA,2. The total financial balance of a bar check encompassing food | 5. Evolved and refined inside porous wooden casks over years of seasonal thermal expansion | 6. Cylindrical glass shooter vials utilized to serve modern party shots and cocktail flights | 8. Historic roadside public house providing food | 9. Butterfly pea blossom steeped to create an indigo tea that turns bright violet when exposed to acid,1. Tannic herbal infusion frequently deployed as the diluting weak element in historic punches | 3. Portuguese volcanic island renowned for producing fortified wines matured under heat | 4. Plural of the refreshing highball cocktails pairing spirit with spicy ginger beer and fresh lime | 5. Textured rubber runner placed beneath glassware on the bar rail to collect overflow droplets | 7. Heated ceramic or metal dispensing vessel utilized to keep mulled wine and hot toddies warm
2026-09-14,midi,Midday Break 2,##SEC#MARCS/#K##L####H#/NEWYORKSOUR/#G##V##M#R#/ASH#E#COUNT/#######G#I#/CHASER###N#/#E###I#PEG#/#ROUND#U###/#B###GINS##/##SKYE#T###,1. French wine and cordial label indicator denoting a dry profile | 3. Plural of the rustic French pomace brandies distilled from spent grape skins and seeds | 6. Classic bourbon sour crowned with a floating crimson layer of dry red wine | 8. Fine carbon residue produced from roasting agave hearts in subterranean earthen pit ovens | 9. Mental timing system practiced by bartenders to pour accurate fluid measures without jiggers | 10. A mild beverage like beer or soda consumed immediately following a straight shot of liquor | 13. Historic colonial measure for a unit of spirits served with soda | 14. Palate descriptor for a mellow | 15. Plural classification of botanical distillates defined by dominant wild juniper berry aromatics | 16. Hebridean Scottish isle famous for sea-lashed,2. Pungent dried flower bud pinned into citrus peels for hot spiced winter punches | 4. Rapidly spinning a barspoon through crushed ice to chill and dilute a drink evenly | 5. Plural of the stainless steel pressurized barrels delivering draught beer and cider to bar taps | 7. A thick | 11. Fragrant green plant leaf used fresh or dried to infuse botanical syrups and spirits | 12. Elevated mountain topography providing cool nights and high-acid terroir for wine grapes | 13. Dimpled structural indentation found at the base of heavy wine and champagne bottles
2026-09-14,main,Weekend Edition 2,TIPUNCH########/#####U#T##BOWLS/###VERDELHO##I#/#V###D#A##WOOD#/MAUI#SILKY####R/#L#######A##ROE/CLEAN#STIR#N##D/#E#C##H##A#O##S/##DISSOLVING##N/###D##T##B#S##A/##B##B###E##SAP/#HALFANDHALF##P/P#R##G#R#K#LIME/OAK###NOSE#O##R/X#SWIG#P#ROW###,1. Martinique national ritual mixing white agricole rum fresh lime peel and cane syrup | 4. Plural of the large cut-glass vessels utilized to serve communal alcoholic punches | 6. Medium-dry style of fortified Madeira wine renowned for its vibrant | 8. Porous European or American oak whose extraction provides vanillin and color to resting spirits | 9. Hawaiian tropical island whose pineapples and sugar cane inspire exotic tiki punch bowls | 10. Velvety smooth mouthfeel achieved by milk clarification or gum arabic syrups | 13. Savory fish caviar served on mother-of-pearl spoons alongside chilled dry martinis | 14. Palate descriptor for a neutral | 16. Gentle rotational mixing technique utilizing a teardrop barspoon to avoid aerating drinks | 18. Mixing solid sugar or salt completely into a liquid solvent until clear | 21. Sweet raw fluid tapped from birch or maple trees fermented into regional wilderness wines | 22. Draught beer presentation combining equal measures of two contrasting beer styles in one pint | 26. Green citrus fruit providing the essential tart crispness in Margaritas and Daiquiris | 27. Wood barrel standard responsible for lending vanillin and wood tannins to aged spirits | 28. The complex olfactory bouquet of aromas perceived above a cocktail glass | 29. A generous unmeasured gulp of a beverage taken directly from a glass or flask | 30. Linear alignment of bottles arranged along a speed rail or backbar shelf,2. Plural of the coagulated milk solids that capture bitter tannins and color during punch filtration | 3. Exotic blue-green color of tropical cocktails blending blue curaçao with pineapple juice | 4. Classic black silk necktie worn by formal bartenders in traditional European hotel bars | 5. The tight-fitting metal cap placed over a cocktail shaker tin before shaking | 7. Valle de Guadalupe: Mexico's premier coastal wine and artisanal brandy region in Baja | 11. Heavy Japanese diamond-cut crystal pitcher crafted specifically for smooth stirred drinks | 12. The gin-based ancestor of the vodka Bloody Mary | 15. Sour chemical compound like citric or malic acid that balances cocktail sugars | 16. Standard single measure of spirits consumed rapidly from a small heavy-bottomed glass | 17. Plural of the rich egg | 19. Plural of the dried tree coverings like cinchona and angostura providing bitter cocktail alkaloids | 20. Canvas Lewis pouch utilized with a heavy wooden mallet to pulverize clear ice into gravel | 23. Small bead of liquid such as saline solution or aromatic bitters applied with an eye-dropper | 24. The calibrated fluid stream emerging from a speed pour spout into a metal jigger | 25. Traditional ceremonial corn and sugarcane distillate produced in Chiapas
2026-09-15,mini,Brain Snack 2,PEPPERY/O######/LIMES##/A#A#H##/N#N#RUN/DOG#U#E/##O#BOW,1. Sharp tingling spice note characteristic of rye whiskey and green peppercorns | 2. Plural of the green citrus fruits that provide the foundational tart acid for Margaritas | 5. A single complete cycle of heating | 7. The classic Salty Dog cocktail combining vodka or gin with grapefruit juice in a salted glass | 8. Classic black silk necktie worn by formal bartenders in traditional European hotel bars,1. Historic Eastern European home of premium rye and potato vodkas distilled across centuries | 3. Luscious tropical stone fruit pureed into frozen sours and paired with smoky mezcal | 4. Colonial-era sweet-and-sour drinking syrup preserved with vinegar and macerated fruit | 6. Modern cocktail prefix designating contemporary regional classics like the New York Sour
2026-09-15,midi,Brain Teaser 2,EGG##M##M##/X##CHANNELS/TIP##S##A#C/R#I#SHARD#O/ANT##T##E#O/C##A#U#DROP/TOPPING#Y#S/###E#S#K###/#S#R###V#A#/#ENOTECA#J#/#C#L###STIR,1. Emulsifying cocktail ingredient whose white yields a silky textural foam collar | 4. Plural of the channel knives utilized behind the bar to cut long continuous spiral citrus peels | 6. Financial gratuity left by a patron to reward attentive hospitalian service | 8. Sharp needle of ice caught by a fine-mesh cone strainer during the double-straining pass | 9. Roasted and crushed chicatana flying ant seasoning blended with salt to accompany neat mezcal | 11. Small bead of liquid such as saline solution or aromatic bitters applied with an eye-dropper | 12. Adding a final splash of sparkling soda or champagne to finish a highball | 16. Specialized Italian wine repository and tasting room showcasing regional vintages and snacks | 17. Gentle rotational mixing technique utilizing a teardrop barspoon to avoid aerating drinks,1. Concentrated liquid essence pulled from botanical materials using high-proof alcohol | 2. Plural of the insulated vessels where milled grains steep in hot water to convert starches | 3. A commercial production cellar and tasting room dedicated to fermenting honey wines | 5. Plural of the metal shovels used to safely transfer ice into mixing tins without touching glass | 7. Subterranean earthen conical oven filled with burning hardwood used to roast agave hearts | 10. Bright orange Italian bitter liqueur with low proof and zesty rhubarb-orange gentian notes | 13. Traditional Slavic beverage fermented from stale sourdough rye bread | 14. French wine and cordial label indicator denoting a dry profile | 15. Peruvian spicy yellow chili pepper muddled into fiery pisco sours and tropical drinks
2026-09-15,main,Brain Bender 2,####B####W#PEG#/FUSELS##LINE##M/R#K#O####N#ASTI/O#Y#O##BEER###L/S#E#D#H##S#F##K/T###O#OAT#GROGS/E#AIR#L#I##E#I#/D###ALLSPICE#G#/#BURN#A#P#U#L#L/#O##G#N#E#B#A#A/#D##E#D#RUE#I#M/LEES####A#SHRUB/#G#O#N#URN##D##/CANTEEN#Y#DASH#/#####W#########,3. Historic colonial measure for a unit of spirits served with soda | 4. Plural of the oily | 6. Insulated draught tubing delivering pressurized beer or pre-batched cocktails to bar taps | 8. Piedmontese province celebrated for sweet floral sparkling Moscato wines | 9. Effervescent fermented malt beverage known as humanity's oldest alcoholic drink | 12. Cereal grain added to brewing mashes to contribute velvety mouthfeel and creamy head to stout | 14. Plural of the historic Royal Navy drinks mixing dark rum | 16. Delicate aerated foam or bubble cloud created with soy lecithin to crown modern cocktails | 17. Dried Jamaican pimento berry possessing the flavor nuances of clove cinnamon and nutmeg | 19. The warming | 22. Intensely bitter aromatic herb used in ancient folk tonics and medicinal restorative cordials | 23. Dead yeast cells and sediment settling to the bottom of wine and beer tanks | 25. Colonial-era sweet-and-sour drinking syrup preserved with vinegar and macerated fruit | 27. Heated ceramic or metal dispensing vessel utilized to keep mulled wine and hot toddies warm | 28. Rigid portable travel vessel historically carried by soldiers to hold water or spirits | 29. Standard micro-measurement dispensed from a bitters bottle with a single downward flick,1. Crimson-fleshed Sicilian citrus fruit delivering sweet raspberry-like tartness to winter drinks | 2. Plural of the fermented grape beverages encompassing reds | 3. Butterfly pea blossom steeped to create an indigo tea that turns bright violet when exposed to acid | 4. Chilled until an exterior layer of white condensation forms across the glassware surface | 5. Hebridean Scottish isle famous for sea-lashed | 7. Plural of the dairy liquids curdled with citrus juice to clarify historic English punches | 10. The low-country nation that invented malt-wine genever | 11. Pouring technique where fluid volume is estimated accurately by mental tempo without jiggers | 13. Historic Irish whiskey classic stirred with sweet red vermouth and green Chartreuse | 15. Slang term for a bartender guest shift or evening hospitality event | 18. Uniform square ice units utilized for standard shaking | 19. Traditional Spanish wine tavern | 20. Historic New Jersey distillery holding federal distillery permit number one for applejack | 21. Belgian sour wheat ale fermented spontaneously with wild Brettanomyces yeasts in open vats | 24. Archaic colloquial term for an habitual or notorious drinker | 26. Modern cocktail prefix designating contemporary regional classics like the New York Sour
2026-09-16,mini,Commuter Special 2,BOWLS##/##H##P#/#RICKEY/##S##A#/TIKIS#G/A#Y#O#A/X##RYES,1. Plural of the large cut-glass vessels utilized to serve communal alcoholic punches | 4. Highball cocktail combining a base spirit with fresh lime juice and club soda | 5. Plural term for tropical drinks served in exotic ceramic Polynesian vessels | 8. Plural of the spicy American whiskeys distilled from a mash bill containing at least 51 percent rye,2. Spelling variation used in Scotland Japan and Canada for aged grain distillates | 3. Butterfly pea blossom steeped to create an indigo tea that turns bright violet when exposed to acid | 5. Federal excise duty levied on distilled spirits that sparked the historic Whiskey Rebellion | 6. Fermented umami-rich soybean sauce deployed in micro-drops to season savory modern martinis | 7. Carbon dioxide or nitrogen used to carbonate beverages and propel draught liquid through lines
2026-09-16,midi,Perfect Puzzler 2,###BRANDY##/GOSE#N#####/I##AVEZE#Z#/G##M#T##PEA/##L##H#S#S#/#TINTORETTO/##Q##L#A#Y#/#MUG#E#L###/T#E#P#BEERS/A#U#O##D#O#/PORTS####W#,1. Distillate produced by boiling fermented grape wine or crushed orchard fruits | 3. Historic German warm-fermented wheat beer style brewed with coriander seed and sea salt | 4. Traditional French gentian liqueur crafted using wild roots harvested from Auvergne | 6. Butterfly pea blossom steeped to create an indigo tea that turns bright violet when exposed to acid | 9. Venetian sparkling cocktail variation pairing dry prosecco with tart fresh pomegranate juice | 10. Heavy handled vessel often crafted from copper or stoneware for cold drinks | 13. Fermented cereal beverages encompassing lagers ales stouts and wild lambics | 15. Plural of the fortified Portuguese sweet dessert wines aged in seasoned wooden pipes,1. Famous Kentucky bourbon distilling family synonymous with Clermont and white label whiskey | 2. The volatile essential oil compound responsible for the signature licorice flavor in anise | 3. Slang term for a bartender guest shift or evening hospitality event | 5. Palate descriptor for a bright | 7. Sweetened spirit base infused with botanicals fruits herbs nuts or dairy | 8. Secured against ambient oxygen with a natural cork closure | 11. Faucet system used to draw draught beer or pre-batched cocktails from a pressurized keg | 12. Point of sale computer terminal used by bartenders to enter drink orders and process checks | 14. Linear alignment of bottles arranged along a speed rail or backbar shelf
2026-09-16,main,The Grand Grid 2,POD##B#M#ROAST#/U##QUININE##H##/N#B##T#S#C#MAT#/C#I###PORTS#N##/HOT#S####I##K##/##T#H####FAT#G#/CHELADAS#I###R#/U#R#R##TIER#CAP/P#SUDS#A#R#V#P#/#D####DRYSHAKE#/#ROBUR#A###M##A/#O#U###N###P##I/#PORT#PIG#KIT#R/#S#N###S###R##E/##STINGER#DOLIN,1. Vanilla or cardamom seed vessel macerated into rich cocktail syrups | 4. The thermal process of heavily kilning barley malts to produce dark chocolate and coffee notes | 6. Bitter alkaloid extracted from cinchona tree bark essential for authentic tonic water | 8. Textured rubber runner placed beneath glassware on the bar rail to collect overflow droplets | 9. Plural of the fortified Portuguese sweet dessert wines aged in seasoned wooden pipes | 10. Serving temperature suited for a buttered rum or winter toddy | 12. Rich lipid substance like melted butter | 14. Plural of the crisp Mexican beer serves seasoned simply with fresh lime juice and sea salt | 16. An individual horizontal layer of barrels stacked in a multi-story whiskey rickhouse | 17. Protective closure over a bottle finish or the frothy crown atop a sour | 18. The thick aerated foam head blooming atop a freshly poured draught beer or stout | 21. To agitate cocktail ingredients with egg white without ice to build an airy emulsion | 22. Quercus robur or European pedunculate oak wood prized for aging brandies | 25. Fortified Portuguese wine produced in the Douro Valley and matured in seasoned oak pipes | 26. Historic term for a clandestine unlicensed 19th-century saloon | 27. Portable leather or canvas roll containing a bartender's personal jiggers | 28. Classic stirred nightcap pairing Cognac with white crème de menthe served neat or on the rocks | 29. Renowned French vermouth producer based in the alpine region of Chambery,1. Five-ingredient communal drink template derived from the Sanskrit word for five | 2. Colloquial abbreviation for a micro-dose dash of aromatic bitters | 3. Fermented Japanese savory paste fat-washed into bourbon to impart deep brothy umami | 4. Plural of the multi-column distillation towers that refine alcohol up to 96 percent ABV | 5. The threaded metal pipe running through the bar wall connecting the beer line to the faucet | 7. Aromatic botanical tinctures used by the dash to season and unite cocktail components | 11. Sharp needle of ice caught by a fine-mesh cone strainer during the double-straining pass | 13. The versatile vine fruit fermented into wine and distilled into fine brandy and Cognac | 14. Pimm's-based fruit and botanical cooler traditionally garnished with cucumber | 15. Star-shaped spice pod rich in volatile anethole oils used to perfume mulled wines and cordials | 19. Popular Mexican cocktail shaking tequila with spicy sangrita | 20. Plural of the tart Lemon Drop cocktails shaken with vodka | 23. Sensory descriptor for the dark | 24. Drought-resistant Spanish white grape variety widely planted to distill Brandy de Jerez
2026-09-17,mini,Fast Five 2,#CHARRO/##A####/#SYRAH#/#P##E#M/PIN#J#I/#C#BOWL/BEE###L,1. Charro Negro: popular Mexican highball combining blanco tequila | 3. Dark | 6. Slender metal or bamboo skewer used to spear brandied cherries and olives | 7. Vessel designed for communal punches or the fluid basin of a cocktail glass | 8. The industrious insect whose sweet wildflower honey anchors the Prohibition Bee's Knees,2. Toasted sweet meadow grass infused into modern artisanal bourbons to impart rustic farm notes | 3. Dried aromatic bark seed or fruit like cinnamon or nutmeg used to season drinks | 4. Tequila matured in small wooden barrels for at least one year to impart amber wood nuances | 5. Heavy grooved roller machinery that pulverizes malted barley into grist before mashing
2026-09-17,midi,Coffee Break 2,A#SMOKY####/GUM##I###S#/E#O#CLOCHE#/##G##N#I#R#/G##B###T#V#/O#SAUCER#I#/M##R#U#UGNI/MALT#B#S#G#/E##EYE##T#S/###N#SALINE/#SODA###P#C,2. Campfire and peat aroma notes characteristic of Islay whiskies and pit-roasted mezcal | 4. Arabic tree exudate boiled with sugar to produce velvety gomme syrup | 6. Glass dome bell jar placed over a cocktail to trap aromatic wood smoke before service | 10. Wide shallow stemmed glassware originally designed for sparkling wine service | 12. Ugni Blanc grape variety forming the vast majority of distillation wash for Cognac | 13. Germinated barley dried in a kiln that forms the basis of single malt whiskies | 14. Colloquial term for a morning revitalizer cocktail or a drop of modifier | 17. Salt water solution added via dropper to enhance flavors and suppress bitterness | 18. Carbonated water charged with carbon dioxide to impart effervescence without sugar,1. Maturation period inside a wooden cask that mellows raw distillate | 2. A thick | 3. High-temperature drying oven where germinated green barley is halted with warm air or peat | 5. The gracious physical delivery of finished beverages and hospitality to a patron | 7. Fruit genus encompassing lemons limes oranges and grapefruits vital to sour drinks | 8. Compound syrup emulsified with gum arabic to impart a luxurious silky mouthfeel | 9. To professionally mix cocktails | 11. Uniform square ice units utilized for standard shaking | 15. Financial gratuity left by a patron to reward attentive hospitalian service | 16. French wine and cordial label indicator denoting a dry profile
2026-09-17,main,Heavy Hitter 2,#W#M###A#TOAST#/#HEART#S#I##P##/#E#P##PHENOLIC#/#Y#L####L###N##/#STEEP#FIERY##S/C#O##I##X#U#BOT/A#M##T##I#N###O/SEC#CHERRY####U/K#O#R##O###SALT/S#L#U##S#POT#A#/#BLUSH#E#A#E#Y#/R#I#H#GLENLIVET/I#N##S#L#D#N#R#/MASH#AGE#A#####/#####P##ANTICA#,4. The warm | 6. The pristine | 7. Medicinal peaty chemical flavor compounds characteristic of Islay single malts | 9. To soak herbs | 12. Palate descriptor for intense warmth and heat delivered by high-proof | 16. Colloquial abbreviation for a glass bottle stored in the speed well | 17. French wine and cordial label indicator denoting a dry profile | 18. Stone fruit brandied or preserved in marasca syrup to garnish classic stirred Manhattans | 20. Mineral compound applied to glass rims to suppress perceived bitterness and heighten sweetness | 22. Traditional bulbous copper alembic still utilized for rich batch distillation | 23. A delicate pink tint in wine or cocktails created by a brief maceration of red grape skins | 25. Pioneering Speyside single malt Scotch distillery legally licensed by George Smith in 1824 | 27. Mixture of crushed grains and hot water steeped to convert starches into fermentable sugars | 28. Maturation period inside a wooden cask that mellows raw distillate | 29. Carpano Antica Formula: luxurious sweet red vermouth rich with real vanilla beans,1. Plural of the liquid proteins remaining in clarified punch that impart a silky mouthfeel | 2. Tree sap boiled into rich syrup providing autumnal wood notes to brown spirits | 3. Fine carbon residue produced from roasting agave hearts in subterranean earthen pit ovens | 4. Metal vessel of a two-piece Boston shaker used to conduct thermal transfer | 5. To twirl a twisted barspoon or swizzle stick rapidly between both palms to chill a drink | 8. Sweetened hydro-alcoholic botanical solution historically prescribed as medicine | 10. Old Tom gin variation of the Collins family charged with sparkling mineral water | 11. Bitter white spongy layer beneath citrus skin that must be avoided when garnishing | 13. A single complete cycle of heating | 14. Very dark top-fermented ale brewed with roasted malts delivering coffee and chocolate notes | 15. Wooden barrel containers used to age and mature spirits wines and beers | 18. Pulverized ice fractured into small irregular pieces to deliver rapid chilling in cobblers | 19. African hibiscus variety steeped with ginger and winter spices to brew Caribbean holiday sorrel | 20. Traditional German stoneware or glass beer mug fitted with a hinged pewter thumb-lid | 21. A distinct stratum of cordial resting atop a denser liquid by virtue of specific gravity | 22. Fragrant tropical green leaf delivering sweet basmati rice and vanilla perfume to modern drinks | 24. Circumference of a cocktail glass often coated with citrus juice and salt or sugar | 26. Sweet raw fluid tapped from birch or maple trees fermented into regional wilderness wines
2026-09-18,mini,Quick Solve 3,#Z#####/TEAL###/#S##J##/#T##A#W/CYNAR#O/A##S##O/P#SHARD,2. Exotic blue-green color of tropical cocktails blending blue curaçao with pineapple juice | 5. Bitter Italian amaro infused with artichoke leaves and a proprietary blend of botanicals | 7. Sharp needle of ice caught by a fine-mesh cone strainer during the double-straining pass,1. Palate descriptor for a bright | 3. Mason glass vessel popular for serving rustic Moonshine drinks and shrub coolers | 4. Porous European or American oak whose extraction provides vanillin and color to resting spirits | 5. Protective closure over a bottle finish or the frothy crown atop a sour | 6. Fine carbon residue produced from roasting agave hearts in subterranean earthen pit ovens
2026-09-18,midi,The Daily Grid 3,####N#V#TOP/##FLORAL##I/B###G#P#N#S/A#####O#O#C/T#SPEAR#R#O/I#E####GILL/DECANTER##A/A#C##O#AIR#/SMOG#NIP#I#/#####K#P#C#/TAHONA#AGED,3. To fill the remaining headspace of a tall glass with soda | 5. Fragrant aroma nuances reminiscent of elderflower violets roses and chamomile | 8. Long narrow strip of cucumber or pineapple used to adorn tall highballs | 9. Historic British imperial liquid measure equivalent to one quarter of a pint | 10. Decorative glass bottle used to aerate fine wines and present aged brown spirits | 12. Delicate aerated foam or bubble cloud created with soy lecithin to crown modern cocktails | 14. A thick | 15. A diminutive pour or pocket-sized serving of spirits | 16. Massive volcanic stone wheel pulled by a mule to crush roasted agave piñas | 17. Matured inside charred or toasted wooden casks to pick up color and complexity,1. Rich holiday beverage crafted with beaten eggs cream sugar and spirits | 2. The gaseous ethanol evaporated from boiling beer wash that ascends the neck of a still | 4. Popular Chilean highball combining South American grape pisco with cola over ice | 6. Plural of the traditional Brazilian shaken cachaça drinks featuring fruit and milk | 7. Toasted marine seaweed sheet clipped to glassware rims to provide maritime salinity | 8. Italian wine and vermouth label descriptor denoting a dry crisp finish | 9. Northern Italian pomace brandy distilled from the skins | 11. Fragrant South American seed rich in natural coumarin evoking vanilla | 13. Polished cereal grain fermented with koji mold to brew Japanese sake and distilled into soju
2026-09-18,main,The Masterpiece 3,###P#W##BARKS##/##TORONTO######/#F#R#O##N#C#W##/#I#RED#MIMOSAS#/#N#O####T#O#X##/CORN#TARO#L##O#/###S##C##NEGRA#/MUG##TIE##R##K#/A###B#D#M##I#E#/R#G#A#SEASONING/CRUSTA##R##N##U/S#E#####R#A###Y/##SWIZZLING#TEA/CUT#####E#E###N/####BREAD##SODA,3. Plural of the dried tree coverings like cinchona and angostura providing bitter cocktail alkaloids | 4. Stirred Canadian rye whiskey classic accented with the bracing bitterness of Fernet-Branca | 8. Vibrant crimson tint characteristic of an Italian bitter apéritif or sweet vermouth | 9. Plural of the popular brunch cocktails combining fresh orange juice with sparkling wine | 10. Primary grain component required to comprise at least 51 percent of an American bourbon mash | 11. Starchy purple tropical root vegetable pureed into vibrant | 14. Spanish classification for dark | 15. Heavy handled vessel often crafted from copper or stoneware for cold drinks | 16. Formal uniform neckwear or the act of knotting a slender strip of citrus peel for garnish | 21. Treating a barrel with wine or adding dashes of aromatic bitters to condition a drink | 23. Classic nineteenth-century cocktail featuring an all-over sugar rim and huge lemon peel | 25. Churning a cocktail vigorously with crushed ice using a natural pronged wooden stick | 26. Tannic herbal infusion frequently deployed as the diluting weak element in historic punches | 27. The deliberate operational division separating heads | 28. Sensory descriptor for toasty brioche and yeast notes developed in vintage champagne | 29. Carbonated water charged with carbon dioxide to impart effervescence without sugar,1. Plural of the traditional Spanish glass wine vessels equipped with pouring spouts | 2. Porous European or American oak whose extraction provides vanillin and color to resting spirits | 3. Dried fermented skipjack tuna flakes infused into spirits to yield umami depth | 5. Very pale | 6. Long refreshing low-proof iced beverage combining spirit ginger ale and citrus | 7. Natural beeswax melted over bottle closures to protect aged vintage spirits from ambient oxygen | 12. Plural of the organic chemical compounds like citric and malic acid that balance cocktail sugar | 13. Exhibiting the rich | 15. Plural of the rustic French pomace brandies distilled from spent grape skins and seeds | 17. Iconic fruit bat symbol emblazoned across every bottle of Bacardi rum since 1862 | 18. Blended together in neutral bulk vats to allow multiple cask distillates to harmonize | 19. Historic roadside public house providing food | 20. A customer welcomed into a hospitality establishment to enjoy food | 22. South American nation celebrated for historic wooden Demerara pot stills on the River Demerara | 24. Maturation period inside a wooden cask that mellows raw distillate
2026-09-19,mini,Morning Coffee 3,####ASH/RICE##U/##A#C#G/POBLANO/E###S##/RAW#C##/U##CORN,1. Fine carbon residue produced from roasting agave hearts in subterranean earthen pit ovens | 3. Polished cereal grain fermented with koji mold to brew Japanese sake and distilled into soju | 6. Dark green mild chili pepper roasted to craft spicy Mexican Ancho Reyes verde liqueur | 7. Unrefined natural sugar or raw unpasteurized egg white used to create a silky sour foam | 8. Primary grain component required to comprise at least 51 percent of an American bourbon mash,2. Alpine spritz cocktail combining sparkling prosecco with elderflower cordial | 4. Colloquial bar patron order shorthand for a glass of dry Cabernet Sauvignon red wine | 5. Spanish cooperage term for an oak barrel or wooden cask utilized for aging wines | 6. The South American Andean nation celebrated for grape pisco and the iconic egg-white Pisco Sour
2026-09-19,midi,Midday Break 3,CURDS#LUSH#/###E##I#H##/BATCHED#A#S/O##A####N#P/OBAN#SHAKER/Z##TAP####I/E##E#E#KNOT/#KIR#E####Z/#E#SUDS#F#E/EGG###I#I#R/######PURE#,1. Plural of the coagulated milk solids that capture bitter tannins and color during punch filtration | 3. A cocktail profile characterized by rich | 5. Pre-measured and combined in bulk quantities to ensure rapid | 7. Western Highland coastal distillery town renowned for maritime | 8. Two or three-piece vessel used to chill aerate and dilute ingredients by vigorous agitation | 9. Faucet system used to draw draught beer or pre-batched cocktails from a pressurized keg | 10. Decorative knot tied into a long strip of citrus peel before floating it across a drink | 11. Classic French apéritif combining crème de cassis with a pour of crisp dry white Aligoté wine | 12. The thick aerated foam head blooming atop a freshly poured draught beer or stout | 15. Emulsifying cocktail ingredient whose white yields a silky textural foam collar | 16. Distillate produced without additives artificial colorings or neutral grain cuts,2. Plural of the heavy cut-crystal bottles used to aerate fine wines and showcase aged spirits | 3. The tight-fitting metal cap placed over a cocktail shaker tin before shaking | 4. The threaded metal pipe running through the bar wall connecting the beer line to the faucet | 5. Colloquial slang term for intoxicating alcoholic beverages | 6. Simple | 8. Ergonomic cocktail layout engineered to maximize rapid drink production during busy rushes | 11. Stainless steel pressurized cylinder used to store and dispense draught beer or batched cocktails | 13. A small | 14. Evergreen coniferous tree whose fresh needles infuse alpine gins and brandies
2026-09-19,main,Weekend Edition 3,##BAG##P###GOSE/####ROLLING##W#/##R#O##U###SHIM/#ZING##M#B###Z#/##C#S###PAY##Z#/##A###E##R#D#L#/FERNETS##SHAKEN/L#D###PUNT#S#D#/I###C#A##O#H###/P##CARDAMOM#POD/S#S#S#I##L##O##/#BUCK#N##SOJUS#/##Z###EGG#A#R#N/QUERCUS#I#TIE#E/########G#S#ROW,1. Canvas Lewis pouch utilized with a heavy wooden mallet to pulverize clear ice into gravel | 4. Historic German warm-fermented wheat beer style brewed with coriander seed and sea salt | 6. Gently transferring a cocktail between mixing tins without agitation to avoid foam | 8. Low-alcohol cocktail engineered to moderate ethanol consumption over long sessions | 9. The lively palate prickle created by a sharp burst of fresh citrus and active effervescence | 11. To settle the itemized cocktail ledger before departing a hospitality establishment | 14. Plural of the intensely bitter | 15. Agitated forcefully back and forth inside an iced metal tin to chill | 16. Dimpled structural indentation found at the base of heavy wine and champagne bottles | 18. Pungent | 19. Vanilla or cardamom seed vessel macerated into rich cocktail syrups | 21. Historic highball family pairing spirits with citrus juice and effervescent ginger beer | 22. Plural of the clear Korean distilled spirits traditionally produced from rice or sweet potatoes | 24. Emulsifying cocktail ingredient whose white yields a silky textural foam collar | 27. Botanical tree genus encompassing the white and European oaks used for spirit casks | 28. Formal uniform neckwear or the act of knotting a slender strip of citrus peel for garnish | 29. Linear alignment of bottles arranged along a speed rail or backbar shelf,2. Plural of the historic Royal Navy drinks mixing dark rum | 3. Sweet stone fruit fermented into European slivovitz and Japanese umeshu plum liqueur | 5. Rapidly churned with crushed ice using a multi-pronged Caribbean bois lélé branch | 7. Iconic commercial pastis brand created in Marseille renowned for its licorice profile | 10. Plural of the tall counter-side seats arranged along the perimeter of the drinking rail | 12. Plural of the most widely cultivated Espadín agave plants harvested across Oaxaca for mezcal | 13. Standard micro-measurement dispensed from a bitters bottle with a single downward flick | 14. Category of rich cocktails shaken with spirits sugar and an entire raw egg | 17. Individual wooden barrel used to mature refine and color fine spirits | 19. Fitted metal or plastic spout placed on bottle necks to regulate fluid velocity | 20. Iconic French bittersweet apéritif distilled from wild yellow gentian roots | 23. High-protein cereal grain added to brewing mashes to create silky | 25. Slang term for a bartender guest shift or evening hospitality event | 26. Modern cocktail prefix designating contemporary regional classics like the New York Sour
2026-09-20,mini,Brain Snack 3,DROPS##/###I##R/#PUNCHY/#E#A##E/#DASHES/#R#####/ROSSO##,1. Plural of the tart Lemon Drop cocktails shaken with vodka | 4. Possessing bold spirit strength and concentrated vibrant flavor intensity | 5. Plural micro-measures of aromatic bitters dispensed with firm downward shakes | 6. Italian classification for traditional sweet red vermouth flavored with vanilla and herbs,2. Plural of the trimmed hearts of agave plants roasted to yield mezcal and tequila | 3. Plural of the spicy American whiskeys distilled from a mash bill containing at least 51 percent rye | 4. Pedro Ximénez: ultra-sweet Spanish dark sherry crafted from sun-dried white grapes
2026-09-20,midi,Brain Teaser 3,###SCOTCH#E/V###A##O##U/E#BONITO##G/R#I#E##P##E/DUNK##RED#N/E##I#H#R##O/#RETRONASAL/#####T#G#S#/#M##S##E#H#/BARBACKS#E#/#T##P###INK,1. Malted barley or grain whisky produced distilled and aged for at least three years in Scotland | 6. Dried fermented skipjack tuna flakes infused into spirits to yield umami depth | 7. German dark bottom-fermented lager style brewed with Munich malts delivering toasty bread notes | 9. Vibrant crimson tint characteristic of an Italian bitter apéritif or sweet vermouth | 11. The sensory perception of volatile aroma molecules traveling from the oral cavity to the olfactory bulb | 15. Plural of the indispensable bar assistants who stock ice | 16. Cuttlefish or squid pigment deployed to turn savory cocktails midnight black,2. Tall tropical grass whose sweet sap is harvested to produce sugar and rum | 3. Plural of the historic timber workshops where wooden maturation barrels are crafted and fired | 4. Aromatic chemical compound providing the distinctive warm flavor of cloves and allspice | 5. Portuguese descriptor for young | 6. Insulated stainless steel ice compartment in a cocktail well or cellar wine storage cubby | 8. Portable leather or canvas roll containing a bartender's personal jiggers | 10. Serving temperature suited for a buttered rum or winter toddy | 12. Tasting of campfire ash and wood embers | 13. Textured rubber runner placed beneath glassware on the bar rail to collect overflow droplets | 14. Sweet raw fluid tapped from birch or maple trees fermented into regional wilderness wines
2026-09-20,main,Brain Bender 3,#####DOUBLE#H##/########U##TIN#/#CLOVERCLUB#G##/#H####A#B#ASH##/PINT##C###R##M#/#N#A##KEG#SOJUS/TOSS######P##G#/#I#T#S##FOOT###/ESTERY##O#O##M#/###R#RETRONASAL/RUMS#U##T##L#D#/E####PITH##E#E#/DROP#S#O##P#PIT/#I#O###P##A##R#/#MIXERS#CRYSTAL,1. Measure consisting of two standard spirit pours or the act of double-straining | 4. Metal vessel of a two-piece Boston shaker used to conduct thermal transfer | 5. Pre-Prohibition Philadelphia classic shaking gin with fresh lemon raspberry syrup and egg white | 8. Fine carbon residue produced from roasting agave hearts in subterranean earthen pit ovens | 9. Standard sixteen-ounce liquid measure popular in British and American beer service | 12. Stainless steel pressurized cylinder used to store and dispense draught beer or batched cocktails | 13. Plural of the clear Korean distilled spirits traditionally produced from rice or sweet potatoes | 14. To throw a cocktail through the air between high-held vessels to aerate and chill smoothly | 16. The flat | 17. Fruity funk-forward aroma profile produced by esters during warm wild fermentation | 19. The sensory perception of volatile aroma molecules traveling from the oral cavity to the olfactory bulb | 21. Plural classification of cane-derived distillates encompassing dark | 22. Bitter white spongy layer beneath citrus skin that must be avoided when garnishing | 24. Small bead of liquid such as saline solution or aromatic bitters applied with an eye-dropper | 28. Subterranean earthen conical oven filled with burning hardwood used to roast agave hearts | 29. Non-alcoholic carbonated sodas juices and tonics paired with base spirits | 30. High-clarity glass formulated with minerals,2. The swollen rounded lower kettle section of a traditional copper alembic still | 3. Glass style or drink format served long with sparkling mixer in a tall tumbler | 5. Conical fine-mesh metal sieve prized in culinary mixology for ultra-fine straining | 6. Multi-tiered stainless steel hanging rail holding high-frequency pouring bottles at hip height | 7. Long-shafted twisted metal utensil calibrated with a five-milliliter teardrop bowl | 10. Plural of the professional evaluators assessing balance and aroma in wine and spirits | 11. Heavy handled vessel often crafted from copper or stoneware for cold drinks | 15. Plural category of concentrated liquid sweeteners balancing cocktail acids | 16. Scottish firth near Edinburgh whose shores house historic grain distilleries and bond houses | 18. Portuguese volcanic island renowned for producing fortified wines matured under heat | 20. Top-fermented malt brew produced with warm fermentation yeast strains | 21. Vibrant crimson tint characteristic of an Italian bitter apéritif or sweet vermouth | 23. To fill the remaining headspace of a tall glass with soda | 25. Circumference of a cocktail glass often coated with citrus juice and salt or sugar | 26. Traditional ceremonial corn and sugarcane distillate produced in Chiapas | 27. To settle the itemized cocktail ledger before departing a hospitality establishment
2026-09-21,mini,Commuter Special 3,#B###P#/#ANCHO#/#Y#L#U#/##POURS/#K#C#E#/#I#HERB/FREE#S#,3. Dried poblano chile providing sweet raisin notes and smoky warmth to Mexican liqueurs | 5. Dispenses measured volumes of liquor from a bottle neck into a jigger or mixing tin | 7. Fragrant green plant leaf used fresh or dried to infuse botanical syrups and spirits | 8. Pouring technique where fluid volume is estimated accurately by mental tempo without jiggers,1. Coastal cocktail family characterized by the Bay Breeze pairing vodka with fruit juices | 2. Fitted speed spouts inserted into bottle necks to regulate fluid velocity | 4. Glass dome bell jar placed over a cocktail to trap aromatic wood smoke before service | 6. Classic French apéritif combining crème de cassis with a pour of crisp dry white Aligoté wine
2026-09-21,midi,Perfect Puzzler 3,CUP#STEEP##/A#E##E###T#/BLACKANDTAN/#####R###N#/MOLASSES#N#/#N####L#BIB/#I#A#KIR#N#/FOAMS#X#ASH/#N#A##I###A/##ORDER###T/###O##SEC##,1. Pimm's-based fruit and botanical cooler traditionally garnished with cucumber | 3. To soak herbs | 6. Layered draught beer pint pairing a base of pale ale topped gently with dark Irish dry stout | 7. Dense bittersweet black syrup byproduct of sugarcane refining fermented into rum | 10. Acronym for Bottled in Bond | 12. Classic French apéritif combining crème de cassis with a pour of crisp dry white Aligoté wine | 13. Plural of the delicate aerated culinary heads created atop modern avant-garde cocktails | 14. Fine carbon residue produced from roasting agave hearts in subterranean earthen pit ovens | 16. The itemized drink ticket transmitted from the floor to the service well for preparation | 17. French wine and cordial label indicator denoting a dry profile,1. Colloquial bar patron order shorthand for a glass of dry Cabernet Sauvignon red wine | 2. Butterfly pea blossom steeped to create an indigo tea that turns bright violet when exposed to acid | 4. Droplets forming on glass walls caused by surface tension and alcohol evaporation | 5. Astringent polyphenol compounds extracted from grape skins and charred oak staves | 8. Pickled pearl garnish that uniquely transforms a standard Gin Martini into a Gibson | 9. Plural of the historic medicinal sweetened spirit concoctions macerated with herbs | 11. Italian herbal liqueur macerated with bitter roots and botanicals drunk as a digestif | 15. Dense
2026-09-21,main,The Grand Grid 3,#CHAMPAGNES##P#/R######R#####E#/U####GRAPPA#BAG/MALT#R#I#U##E#O/#N#A#O#NAPKIN#L/#G#R#W###I##T#D/PORTOLIGHT#BOW#/#S###E###R##N##/#T##URN#TEA#I##/CUBA###W####TAB/#R#C#B#I##AGE#U/PARISIENNE####R/A##D#B#E#Y##FIN/LOW####RYE##A#T/E##FUNKY##OATS#,1. Plural of the prestigious traditional-method sparkling wines produced in the Champagne AOC | 5. Northern Italian pomace brandy distilled from the skins | 7. Canvas Lewis pouch utilized with a heavy wooden mallet to pulverize clear ice into gravel | 9. Germinated barley dried in a kiln that forms the basis of single malt whiskies | 12. Small folded paper square or linen coaster placed beneath a served drink to catch condensation | 13. Modern South American sour shaking Peruvian pisco with lime | 14. Classic black silk necktie worn by formal bartenders in traditional European hotel bars | 15. Heated ceramic or metal dispensing vessel utilized to keep mulled wine and hot toddies warm | 16. Tannic herbal infusion frequently deployed as the diluting weak element in historic punches | 17. The Caribbean island nation that birthed the Daiquiri | 20. Running ledger of drink purchases settled at the conclusion of a bar visit | 23. Maturation period inside a wooden cask that mellows raw distillate | 24. Curvaceous French cocktail shaker design featuring a nesting metal lid without a built-in strainer | 26. Delicate citrus peel wing trimmed to resemble a fish fin for garnish | 27. Cocktail classification featuring reduced alcohol by volume designed for daytime session sipping | 28. Grain spirit that lends a dry and peppery spice backbone to a classic Manhattan | 29. Earthy feral fermentation notes characteristic of Jamaican rums and wild cachaças | 30. High-protein cereal grain added to brewing mashes to create silky,2. Cereal crop seeds like rye barley corn and wheat that form the base mash of spirits | 3. Butterfly pea blossom steeped to create an indigo tea that turns bright violet when exposed to acid | 4. Distilled spirit crafted directly from fermented sugarcane juice or molasses | 5. Airtight glass or stainless jug used to carry draft beer home from a brewery | 6. Hinged wooden A-frame riddling rack used to tilt and turn champagne bottles | 7. Volcanic clay fining agent utilized by winemakers to precipitate out cloudy haze proteins | 8. Golden tequila or rum classification indicating brief wooden cask resting or caramel tint | 10. Trinidadian aromatic bitters house celebrated for its oversized label and secret gentian blend | 11. Sharp mouth-puckering sourness derived from unripened fruit or fresh citrus | 18. Sour chemical compound like citric or malic acid that balances cocktail sugars | 19. An agricultural estate or processing facility where harvested grapes are fermented into wine | 21. Sensory descriptor for the dark | 22. Acronym for Bottled in Bond | 24. Light-hued ale style characterized by crisp malt profiles and aromatic hops | 25. Colloquial term for a morning revitalizer cocktail or a drop of modifier | 26. Rich lipid substance like melted butter
2026-09-22,mini,Fast Five 3,##J####/#BIB#C#/H#G##U#/ORGEAT#/O#E#S#T/P#R#T#I/S#SLICE,2. Acronym for Bottled in Bond | 5. Milky French sweet syrup crafted from blanched almonds sugar and orange blossom water | 8. Flat triangular or wedge-shaped cutting of fresh fruit applied to a cocktail rim,1. Plural hourglass metal tools used to measure spirits with volumetric accuracy | 3. The deliberate operational division separating heads | 4. Plural metal bands binding the exterior staves of a wooden aging barrel | 6. Piedmontese province celebrated for sweet floral sparkling Moscato wines | 7. Formal uniform neckwear or the act of knotting a slender strip of citrus peel for garnish
2026-09-22,midi,Coffee Break 3,OAT####CORN/#J#POP#H###/DIP##U#A##P/E##VINCITTO/NOG##T##O#U/##LINES#P#R/##A##M##P##/R#SWEET#I#S/A#G##S##NET/CROZE#DOG#E/K#W#######M,1. Cereal grain added to brewing mashes to contribute velvety mouthfeel and creamy head to stout | 3. Primary grain component required to comprise at least 51 percent of an American bourbon mash | 4. Audible sound of a sparkling wine cork release or colloquial term for soda | 6. Quick immersion of glassware rims into juice or cordial before applying garnishes | 8. Thick | 10. Rich holiday beverage crafted with beaten eggs cream sugar and spirits | 12. Plural of the insulated draught tubing lines running from cold walk-in kegs to bar faucets | 14. Primary taste sensation delivered by sucrose honey and fruit nectars | 16. Fine wire mesh screen used during double-straining to catch microscopic ice shards | 17. The circular groove carved into the interior ends of barrel staves to seat the head | 18. The classic Salty Dog cocktail combining vodka or gin with grapefruit juice in a salted glass,2. Peruvian spicy yellow chili pepper muddled into fiery pisco sours and tropical drinks | 3. Spiced black tea infusion featuring cardamom cloves and cinnamon used in punches | 5. Italian vermouth from Turin characterized by one point of sweetness and half a point of bitterness | 6. Intimate subterranean cocktail lounge or cozy neighborhood retreat dedicated to fine drinks | 7. Act of dispensing spirits from a bottle neck using measured tempo and speed spouts | 9. Adding a final splash of sparkling soda or champagne to finish a highball | 11. Scottish industrial port city whose shipping docks transported Scotch whisky to the world | 13. Multi-tiered stainless steel hanging rail holding high-frequency pouring bottles at hip height | 15. Slender vertical glass column supporting the bowl to prevent hand heat warming the cocktail
2026-09-22,main,Heavy Hitter 3,##PUB#####VAPOR/####OXYMEL##R##/##FIN##A##P#OAK/C#A#E##U#NOGS##/HOT##TWIG#S#EGG/A##C#A####SEC#I/R##I#V#SAGE#C#B/#FUDGE#U##T#O#S/###E#RIB######O/CITRON##R###S#N/##A#####U#T#L#S/#EXTRAANEJO#I##/#Y###G#I##N#NEW/#E##TEMPERING#E/#####D####C#S#B,1. Traditional British drinking establishment named as an abbreviation of public house | 3. The gaseous ethanol evaporated from boiling beer wash that ascends the neck of a still | 5. Ancient Greek medicinal elixir formulated by combining raw vinegar and honey with herbs | 7. Delicate citrus peel wing trimmed to resemble a fish fin for garnish | 9. Wood barrel standard responsible for lending vanillin and wood tannins to aged spirits | 11. Plural of the rich egg | 12. Serving temperature suited for a buttered rum or winter toddy | 13. Woody botanical sprig of rosemary or thyme torched over a cocktail glass as a smoking garnish | 14. Emulsifying cocktail ingredient whose white yields a silky textural foam collar | 17. French wine and cordial label indicator denoting a dry profile | 18. Velvety green garden herb with piney camphor notes shaken into savory modern gin smashes | 19. Sensory descriptor for the rich chocolate and dairy notes found in dark imperial stouts | 20. Crisp stalk of fresh green celery trimmed to garnish a savory Bloody Mary or Red Snapper | 21. Large fragrant citrus fruit with a thick rind historically candied and infused into vodkas | 26. Tequila classification indicating spirit aged inside oak casks for a minimum of three full years | 29. Modern cocktail prefix designating contemporary regional classics like the New York Sour | 31. Letting sub-zero freezer ice warm to ambient temperature so it will not shatter,2. Bone dry: a cocktail or wine completely devoid of perceived residual sweetness | 4. Venetian sparkling wine produced predominantly from the Glera grape in autoclaves | 6. Hawaiian tropical island whose pineapples and sugar cane inspire exotic tiki punch bowls | 7. Rich lipid substance like melted butter | 8. Historic British restorative beverage crafted from hot curdled spiced milk mixed with ale or sack | 10. The blackened carbonized wood layer torched into the interior walls of new bourbon barrels | 13. Historic roadside inn or gathering hall licensed to serve hearty food and fermented drinks | 15. Plural of the savory Martini variation adorned with pickled pearl onions | 16. Fermented beverage crafted from the pressed juice of bittersweet apples | 18. To swap one spirit or modifier for another in a standard recipe to create a variation | 22. Federal excise duty levied on distilled spirits that sparked the historic Whiskey Rebellion | 23. Intensely bitter aromatic herb used in ancient folk tonics and medicinal restorative cordials | 24. Plural of the historic long drink template pairing spirits water sugar and fruit cordials | 25. Bitter carbonated mixer sweetened with sugar and flavored with cinchona quinine | 26. Colloquial term for a morning revitalizer cocktail or a drop of modifier | 27. Matured inside charred or toasted wooden casks to pick up color and complexity | 28. A diminutive pour or pocket-sized serving of spirits | 30. Tangled gossamer threads spun by cellar spiders across historic vintage wine bottles
2026-09-23,mini,Quick Solve 4,SEC#BUG/O#U#A#R/T#PORTO/#F##B#G/#ALOE#S/#T##R##/##SNAP#,1. French wine and cordial label indicator denoting a dry profile | 3. Wild ginger fermentation starter culture cultivated with sugar and water to brew ginger beer | 5. Traditional Portuguese geographic designation for rich fortified wines from the Douro | 7. Succulent desert plant whose soothing | 8. The crisp,1. Archaic colloquial term for an habitual or notorious drinker | 2. Pimm's-based fruit and botanical cooler traditionally garnished with cucumber | 3. High-acid | 4. Plural of the historic Royal Navy drinks mixing dark rum | 6. Rich lipid substance like melted butter
2026-09-23,midi,The Daily Grid 4,G#BREAD#BIB/I##U####I##/GREECE#AGAR/####I##N##I/C#MANHATTAN/O###N#I###D/O##BARRIL#S/POS#M######/E#O#A##ACAI/R#JULEPS###/S#U####HOOK,2. Sensory descriptor for toasty brioche and yeast notes developed in vintage champagne | 4. Acronym for Bottled in Bond | 5. Mediterranean nation celebrated for aniseed-flavored ouzo and floral Metaxa grape brandy | 7. Plant-based gelatin extracted from red algae utilized for freeze-thaw cocktail clarification | 10. Stirred masterpiece combining American rye whiskey sweet red vermouth and Angostura | 12. Wild agave variety displaying a vertical trunk-like stalk that yields earthy spirits | 13. Point of sale computer terminal used by bartenders to enter drink orders and process checks | 15. Dark purple Brazilian Amazonian palm berry pureed into vibrant | 16. Southern American bourbon coolers served in chilled frosted silver cups with mounds of mint | 17. The Red Hook cocktail combining spicy rye whiskey with bitter Punt e Mes and maraschino,1. Slang term for a bartender guest shift or evening hospitality event | 3. Intensely bitter aromatic herb used in ancient folk tonics and medicinal restorative cordials | 4. Large format geometric ice cube carved to minimize surface area and slow down dilution | 6. The organic aldehyde compound providing the distinctive warm flavor of cinnamon bark | 7. Roasted and crushed chicatana flying ant seasoning blended with salt to accompany neat mezcal | 8. Plural of the tough protective skins of citrus fruits containing volatile aromatic oil sacs | 9. Plural of the master craftsmen who construct | 11. Delicate aerated foam or bubble cloud created with soy lecithin to crown modern cocktails | 14. Clear Korean distilled spirit traditionally produced from rice or sweet potatoes | 15. Fine carbon residue produced from roasting agave hearts in subterranean earthen pit ovens
2026-09-23,main,The Masterpiece 4,BASIL##TOMMYS##/#B####P##I#####/#S##QUAFFS##G##/FIN###L##T#HAY#/#N#S#TOTS#P#U#A/ETHYL#M#O#A#GUM/#H#R##I#THYME#A/#E#A##N##O####R/##CHINOTTO##O#I/##O####I#PULLS#/PALE#UGNI###O##/U#L####T###BREW/BLOCK#MARC##O##/##I#I###O#WASH#/CEDAR#NEW###O##,1. Pungent green garden herb muddled into modern gin smashes and savory drinks | 3. Tommy's Margarita: modern San Francisco classic substituting rich agave nectar for triple sec | 6. Drinks hearty | 8. Delicate citrus peel wing trimmed to resemble a fish fin for garnish | 9. Toasted sweet meadow grass infused into modern artisanal bourbons to impart rustic farm notes | 11. Plural of the historic daily rum rations issued to sailors across the British Royal Navy | 15. Ethyl alcohol or ethanol | 16. Arabic tree exudate boiled with sugar to produce velvety gomme syrup | 17. Woody garden herb lending savory herbal notes to syrups and botanical spirits | 19. Small bitter citrus fruit cultivated in Italy to flavor amari and dark sodas | 22. The manual downward strokes of a draught beer tap handle made during a service shift | 23. Light-hued ale style characterized by crisp malt profiles and aromatic hops | 24. Ugni Blanc grape variety forming the vast majority of distillation wash for Cognac | 25. To ferment malted grains into beer or steep roasted beans for coffee cocktails | 26. Massive geometric cube of crystal-clear Clinebell ice carved to melt at a slow | 28. French pomace brandy distilled from the skins and seeds remaining after grape pressing | 30. The fermented liquid wort or wine ready to be pumped into a copper still | 31. Aromatic softwood whose fragrant shavings are burned to smoke cocktail glassware | 32. Modern cocktail prefix designating contemporary regional classics like the New York Sour,2. Anise-rich high-proof green spirit that forms a cloudy louche when diluted with ice water | 4. An ultra-fine atomized cloud of peated scotch or absinthe sprayed across a finished cocktail | 5. Chalk-loving white grape variety grown in Jerez that forms the sole base of dry sherries | 7. The dial instrument measuring internal pressure in gas cylinders and draft beer systems | 10. Dark | 12. Archaic colloquial term for an habitual or notorious drinker | 13. To settle the itemized cocktail ledger before departing a hospitality establishment | 14. Plural classification of bitter herbal Italian digestif liqueurs | 18. Metal band hammered around barrel staves to compress and hold a cask together | 19. A mixture where microscopic insoluble particles remain evenly suspended throughout a liquid | 20. Tinta Roriz: the Portuguese name for Tempranillo grapes used to make fortified port wine | 21. Deep brown | 23. Traditional British drinking establishment named as an abbreviation of public house | 27. Classic French apéritif combining crème de cassis with a pour of crisp dry white Aligoté wine | 29. Linear alignment of bottles arranged along a speed rail or backbar shelf
2026-09-24,mini,Morning Coffee 4,##B#T##/#HOTEL#/##D#A##/HAY###S/E##WASH/A###N#E/DILUTED,3. Grand hospitality establishment whose bars birthed classic drinks like the Singapore Sling | 4. Toasted sweet meadow grass infused into modern artisanal bourbons to impart rustic farm notes | 6. The fermented liquid wort or wine ready to be pumped into a copper still | 8. Softened in alcohol proof and expanded in flavor volume through the melting of cocktail ice,1. The textural weight viscosity and substance of a beverage upon the tongue | 2. Tannic herbal infusion frequently deployed as the diluting weak element in historic punches | 4. Dense frothy layer of foam resting atop a poured beer or shaken sour | 5. Rustic wooden outbuilding housing an artisanal moonshine still or barrel maturation rack | 7. Roasted and crushed chicatana flying ant seasoning blended with salt to accompany neat mezcal
2026-09-24,midi,Midday Break 4,#KILNS#####/#A#I##H####/SHED#WORT#A/#L####T#O#S/#U###D##SOT/BARSMITHS#I/###T#S#E#I#/#GUEST#ANT#/B##A#I#D#A#/OXYMEL#YOLK/W####L###Y#,1. Plural of the large drying ovens where germinated barley is halted with warm air or peat smoke | 4. Rustic wooden outbuilding housing an artisanal moonshine still or barrel maturation rack | 5. Sweet unfermented liquid extracted from mashing grains before yeast pitching | 9. Archaic colloquial term for an habitual or notorious drinker | 10. Plural of the specialized artisans who design and forge professional barware | 14. A customer welcomed into a hospitality establishment to enjoy food | 15. Roasted and crushed chicatana flying ant seasoning blended with salt to accompany neat mezcal | 17. Ancient Greek medicinal elixir formulated by combining raw vinegar and honey with herbs | 18. Rich,1. Rich Mexican coffee liqueur crafted with rum cane sugar and real Arabica beans | 2. The tight-fitting metal cap placed over a cocktail shaker tin before shaking | 3. Serving temperature suited for a buttered rum or winter toddy | 6. To throw a cocktail through the air between high-held vessels to aerate and chill smoothly | 7. Piedmontese province celebrated for sweet floral sparkling Moscato wines | 8. To separate volatile alcohol vapor from boiling liquid wash inside a copper still | 11. High-temperature water vapor pumped through still jackets to boil distillation washes | 12. Possessing a dense luxurious foam collar or intensely aromatic spirit potency | 13. Mediterranean country that birthed the Negroni | 16. Classic black silk necktie worn by formal bartenders in traditional European hotel bars
2026-09-24,main,Weekend Edition 4,###TOTS##S#####/KIWI####BUNG#F#/I##P##P##G##CUP/RIM#SHIITAKE#S#/#N##O#N##R#G#E#/#DRAM###O##GOLD/#I##MUDDLER##S#/BAR#E###D#Y####/#N##L####PEACH#/MARRIED###M#O##/####E####LAIRDS/#FLORAL#R#L#N#W/##E####ROOTS##I/#BEERS##O###BIG/##S###BITE#####,1. Plural of the historic daily rum rations issued to sailors across the British Royal Navy | 3. Fuzzy emerald fruit featuring tart black seeds muddled into modern summer caipiroskas | 4. Tapered wooden or silicone stopper hammered into a barrel hole to seal it | 7. Pimm's-based fruit and botanical cooler traditionally garnished with cucumber | 8. Circumference of a cocktail glass often coated with citrus juice and salt or sugar | 10. Rich earthy mushroom infused into rye whiskey for savory Manhattan variations | 12. Traditional Scottish measure representing a small warm pour of whisky | 14. Golden tequila or rum classification indicating brief wooden cask resting or caramel tint | 15. Hardwood or composite bar mallet used to express oils from herbs and juices from fruit | 17. The counter across which hospitality and mixed drinks are served | 18. Orchard stone fruit pureed with sparkling prosecco to create the Venetian Bellini | 20. Blended together in neutral bulk vats to allow multiple cask distillates to harmonize | 21. Historic New Jersey distillery holding federal distillery permit number one for applejack | 23. Fragrant aroma nuances reminiscent of elderflower violets roses and chamomile | 26. Plural of the underground plant structures like gentian and angelica providing bitter depth | 27. Fermented cereal beverages encompassing lagers ales stouts and wild lambics | 28. Large format geometric ice cube carved to minimize surface area and slow down dilution | 29. Sharp alcohol burn or ginger heat perceived acutely on the palate,1. Financial gratuity left by a patron to reward attentive hospitalian service | 2. Crystalline carbohydrate derived from cane or beets vital for simple syrup | 3. Classic French apéritif combining crème de cassis with a pour of crisp dry white Aligoté wine | 5. Plural of the oily | 6. Slender metal or bamboo skewer used to spear brandied cherries and olives | 9. Midwestern American state home to massive historic distillation facilities producing rye | 10. Trained wine professional possessing certified mastery over cellarage and beverage pairings | 11. Emulsifying cocktail ingredient whose white yields a silky textural foam collar | 13. Historic classification for vintage cocktail formulas or Victorian sweetened Old Tom gin | 16. Malted rye cereal grain adding bold | 19. Primary grain component required to comprise at least 51 percent of an American bourbon mash | 22. A generous unmeasured gulp of a beverage taken directly from a glass or flask | 24. Dead yeast cells and sediment settling to the bottom of wine and beer tanks | 25. Underground plant tissue such as ginger or gentian that contributes grounding earthy notes
2026-09-25,mini,Brain Snack 4,SWEDEN#/#E###U#/#BURNT#/R####T#/ISOAMYL/C###U#O/HAY#D#G,1. Scandinavian country celebrated for winter wheat vodkas and aromatic caraway-spiced aquavits | 4. Sensory descriptor for the dark | 6. Isoamyl acetate: the signature ester responsible for delivering rich banana notes to wheat beers | 9. Toasted sweet meadow grass infused into modern artisanal bourbons to impart rustic farm notes,2. Tangled gossamer threads spun by cellar spiders across historic vintage wine bottles | 3. Sensory tasting descriptor for oxidized hazelnut notes found in Oloroso sherries and orgeat | 5. Cocktail simple syrup prepared at a concentrated ratio of two parts sugar to one part water | 7. Sediment or rich dark slurry left at the base of poorly strained infusions | 8. The official shift journal recording daily bar inventory
2026-09-25,midi,Brain Teaser 4,D###T#Z#RED/E#FLACON##O/R#E#P#M#BOW/BURN##B#E#N/Y#N#JUICE##/#WEB##E###Z/##T#CIGAR#I/DUST##L###N/E###SHAVING/N###E#S####/#PISCOSOUR#,4. Vibrant crimson tint characteristic of an Italian bitter apéritif or sweet vermouth | 6. Small elegant glass bottle or pocket flask used to hold rare liqueurs or bitters | 7. Classic black silk necktie worn by formal bartenders in traditional European hotel bars | 8. Scottish brook or pristine freshwater stream feeding a Highland whisky distillery washback | 9. Fresh liquid extracted from citrus fruits providing the indispensable acid foundation in sours | 10. Tangled gossamer threads spun by cellar spiders across historic vintage wine bottles | 12. Aromatic pairing note of dried tobacco leaf that complements heavy pot still rum and Cognac | 13. To lightly grate nutmeg cocoa or cinnamon over a cocktail foam collar | 14. Scraping micro-thin snow-like flakes from a solid clear ice block for juleps | 15. Iconic South American cocktail shaking grape pisco with fresh lime juice,1. Classic cocktail shaking bourbon with fresh tart grapefruit juice and honey syrup | 2. Faucet system used to draw draught beer or pre-batched cocktails from a pressurized keg | 3. Extremely tall | 5. Cocktail served chilled without ice in a stemmed glass after being shaken or stirred | 6. Plural of the intensely bitter | 7. The industrious insect whose sweet wildflower honey anchors the Prohibition Bee's Knees | 11. The lively palate prickle created by a sharp burst of fresh citrus and active effervescence | 13. Intimate subterranean cocktail lounge or cozy neighborhood retreat dedicated to fine drinks | 14. French wine and cordial label indicator denoting a dry profile
2026-09-25,main,Brain Bender 4,##D#E#BEER#G###/#NEAT#U####A#R#/##E#N#S##J#STIR/#SPLASH##U###C#/#C######FLOATED/CORNER#O#E##I#R/#F###Y#I#P##E#I/#FLUTEGLASS#RUN/#L##W###V#####K/HAITI#B#I#KEG#E/#W##G#I#A###I#R/######T#TAHONA#/#B#MALT#I###G#A/#I#U##E#O##LEGS/#BED#BRINY##R#H,3. Effervescent fermented malt beverage known as humanity's oldest alcoholic drink | 5. Spirits served at ambient room temperature directly from the bottle without ice | 8. Gentle rotational mixing technique utilizing a teardrop barspoon to avoid aerating drinks | 9. Imprecise free-pour measure of a mixer liquid added to top off a highball | 10. Gently layered on top of a drink using the convex back of a barspoon | 13. The curved ergonomic corner of a bar counter where conversational energy congregates | 16. Tall | 19. A single complete cycle of heating | 20. Caribbean nation renowned for its artisanal | 22. Stainless steel pressurized cylinder used to store and dispense draught beer or batched cocktails | 24. Massive volcanic stone wheel pulled by a mule to crush roasted agave piñas | 26. Germinated barley dried in a kiln that forms the basis of single malt whiskies | 28. Droplets of wine or spirit crawling down inside glass walls indicating viscosity | 29. The porous filter layer of crushed grain husks resting inside a mash tun during lautering | 30. Salty oceanic flavor profile typical of coastal single malts and olive dirty martinis,1. Sensory descriptor for layered | 2. Volcanic Sicilian mountain whose mineral-rich slopes yield complex wines and herbal amari | 3. Colloquial term for the historic Bushmills Irish whiskey distillery in County Antrim | 4. Carbon dioxide or nitrogen used to carbonate beverages and propel draught liquid through lines | 6. Polished cereal grain fermented with koji mold to brew Japanese sake and distilled into soju | 7. Southern American bourbon coolers served in chilled frosted silver cups with mounds of mint | 9. Prohibition cocktail created in Paris pairing American rye | 11. An individual horizontal layer of barrels stacked in a multi-story whiskey rickhouse | 12. Patron visiting a hospitality establishment to enjoy mixed drinks and companionship | 14. Grain spirit that lends a dry and peppery spice backbone to a classic Manhattan | 15. Volatile aromatic liquid expelled from citrus rinds to perfume the surface of a cocktail | 17. Woody botanical sprig of rosemary or thyme torched over a cocktail glass as a smoking garnish | 18. Pale violet gin classic pairing maraschino liqueur and fresh lemon with crème de violette | 21. Sharp palate-gripping sensation imparted by quinine gentian hops and citrus pith | 23. Spicy rhizome muddled or brewed into fiery beer for Bucks and Mules | 25. Acronym for Bottled in Bond | 26. Sediment or rich dark slurry left at the base of poorly strained infusions | 27. Fine carbon residue produced from roasting agave hearts in subterranean earthen pit ovens
2026-09-26,mini,Commuter Special 4,TOURIGA/U###N##/BIB#DOG/##A#I#R/PERLAGE/A#K#N#Y/Y##TAX#,1. Touriga Nacional: Portugal's finest dark grape variety providing structure to vintage ports | 3. Acronym for Bottled in Bond | 5. The classic Salty Dog cocktail combining vodka or gin with grapefruit juice in a salted glass | 7. The continuous upward stream of tiny effervescent carbonation bubbles in champagne | 8. Federal excise duty levied on distilled spirits that sparked the historic Whiskey Rebellion,1. Large container packed with crushed ice to chill bottled beers and wines | 2. Midwestern American state home to massive historic distillation facilities producing rye | 4. Angostura tree or cinchona covering harvested to yield bitter aromatic cocktail alkaloids | 6. Grey Goose: luxury French vodka distilled from Picardy wheat and Gensac spring water | 7. To settle the itemized cocktail ledger before departing a hospitality establishment
2026-09-26,midi,Perfect Puzzler 4,LIMES###G#C/A#U###TORCH/W#G#V###E#A/#ESTERIFY#N/####N#N###N/MAPLE#K#TIE/U###N##Q##L/G#T#C#SUM#S/#MAUI##A###/##P#AMARI##/BASE###T###,1. Plural of the green citrus fruits that provide the foundational tart acid for Margaritas | 5. Butane culinary flame used behind the bar to caramelize herbs and toast sweet garnishes | 7. Chemical synthesis of alcohols and acids into intensely fruity aromatic compounds | 9. Tree sap boiled into rich syrup providing autumnal wood notes to brown spirits | 10. Formal uniform neckwear or the act of knotting a slender strip of citrus peel for garnish | 13. The total financial balance of a bar check encompassing food | 14. Hawaiian tropical island whose pineapples and sugar cane inspire exotic tiki punch bowls | 15. Plural classification of bitter herbal Italian digestif liqueurs | 16. The foundational high-proof primary spirit around which a cocktail recipe is constructed,1. Legislative statute governing liquor licensing closing hours and taxation | 2. Plural of the heavy copper or ceramic handled vessels utilized to serve icy Moscow Mules | 3. Grey Goose: luxury French vodka distilled from Picardy wheat and Gensac spring water | 4. Plural of the channel knives utilized behind the bar to cut long continuous spiral citrus peels | 6. Flexible whalebone and silver cup tool used to extract sherry samples through the barrel bung | 8. Cuttlefish or squid pigment deployed to turn savory cocktails midnight black | 9. Heavy handled vessel often crafted from copper or stoneware for cold drinks | 11. Liquid volumetric measure equal to two pints or thirty-two fluid ounces | 12. Plural of the draught beer faucets lining the back counter of a modern public house
2026-09-26,main,The Grand Grid 4,#ORANGE#B######/#A###A##ANCHO##/#T#C#SOUR#U##D#/#SEAL###M#P#BIT/###S#CIDERS##S#/#S#C#H##N####S#/TAHONA###D#J#O#/#P###MANZANILLA/###W#P###R#G#V#/JICARA#B#KEG#I#/#N#R#GLOW##ETNA/#N#M#N#O#AIR#G#/T#PIPETTE#N#S#C/A##N#S#S#SKYE#A/BOGGY#######CUP,1. Citrus fruit whose dried Seville peel is essential for crafting orange curaçao | 4. Dried poblano chile providing sweet raisin notes and smoky warmth to Mexican liqueurs | 7. Foundational cocktail template balancing spirit with citrus and sweetener | 9. Protective heat-shrink foil capsule or wax shell safeguarding a bottle closure from air | 10. Colloquial abbreviation for a micro-dose dash of aromatic bitters | 11. Plural of the fermented apple beverages encompassing dry | 13. Massive volcanic stone wheel pulled by a mule to crush roasted agave piñas | 16. Extremely dry delicate sherry produced exclusively in the coastal air of Sanlucar de Barrameda | 18. Traditional small bowl carved from a dried gourd used to sip mezcal in Oaxaca | 21. Stainless steel pressurized cylinder used to store and dispense draught beer or batched cocktails | 22. The warm amber luminescence displayed by an aged spirit when held up to barroom light | 23. Volcanic Sicilian mountain whose mineral-rich slopes yield complex wines and herbal amari | 24. Delicate aerated foam or bubble cloud created with soy lecithin to crown modern cocktails | 27. Slender graduated dropper used to apply exact drops of saline solution or acid to drinks | 30. Hebridean Scottish isle famous for sea-lashed | 31. Sensory tasting descriptor for damp mossy earth and peat notes found in Islay whiskies | 32. Pimm's-based fruit and botanical cooler traditionally garnished with cucumber,1. High-protein cereal grain added to brewing mashes to create silky | 2. Carbon dioxide or nitrogen used to carbonate beverages and propel draught liquid through lines | 3. Plural of the professional hosts and mixologists working behind the hospitality counter | 5. Plural of the historic British summer wine and fruit coolers traditionally fortified with spirits | 6. Spanish cooperage term for an oak barrel or wooden cask utilized for aging wines | 8. Mixing solid sugar or salt completely into a liquid solvent until clear | 11. Plural of the prestigious traditional-method sparkling wines produced in the Champagne AOC | 12. Sweet raw fluid tapped from birch or maple trees fermented into regional wilderness wines | 14. Rich molasses-heavy rum classification or beer roasted to a deep mahogany hue | 15. Hourglass-shaped dual-sided metal measuring tool vital for bar precision | 17. The gentle internal glow produced by the ingestion of high-proof spirits | 19. Historic roadside public house providing food | 20. Novelty boot-shaped glass beer vessels utilized in lively German drinking traditions | 25. Cuttlefish or squid pigment deployed to turn savory cocktails midnight black | 26. Running ledger of drink purchases settled at the conclusion of a bar visit | 28. French wine and cordial label indicator denoting a dry profile | 29. Protective closure over a bottle finish or the frothy crown atop a sour
2026-09-27,mini,Fast Five 4,DRY###P/#U##F#I/SECCO#L/H###U#S/R#AIREN/U#G###E/BREW##R,1. Flavor descriptor denoting the complete absence of residual sweetness | 5. Italian wine and vermouth label descriptor denoting a dry crisp finish | 6. Drought-resistant Spanish white grape variety widely planted to distill Brandy de Jerez | 7. To ferment malted grains into beer or steep roasted beans for coffee cocktails,2. Intensely bitter aromatic herb used in ancient folk tonics and medicinal restorative cordials | 3. Tall slender footed glass designed to showcase the clarity and bubbles of crisp lagers | 4. Four Roses: historic Kentucky bourbon distillery celebrated for ten distinct mash bill recipes | 5. Colonial-era sweet-and-sour drinking syrup preserved with vinegar and macerated fruit | 6. Maturation period inside a wooden cask that mellows raw distillate
2026-09-27,midi,Coffee Break 4,##S##D#W###/#BERGAMOT##/B#C##T#R#D#/O##CHEATER#/T#H#A#P##Y#/A#O#R#E#I#S/BLOODORANGE/A#P###I#N#E/G#S#OATS##D/######I#POS/####GIFT###,4. Aromatic Calabrian citrus fruit whose fragrant peel oil provides the signature aroma of Earl Grey | 7. Small squeeze bottle or speed bottle holding small portions of juices or bitter liqueurs | 13. Crimson-fleshed Sicilian citrus fruit delivering sweet raspberry-like tartness to winter drinks | 14. High-protein cereal grain added to brewing mashes to create silky | 15. Point of sale computer terminal used by bartenders to enter drink orders and process checks | 16. A premium bottle of wine or aged spirit presented to a bartender or dinner host,1. French wine and cordial label indicator denoting a dry profile | 2. Sweet desert palm fruit steeped into rich brandies and spiced syrups for winter punches | 3. Sweet unfermented liquid extracted from mashing grains before yeast pitching | 5. Leather travel wine pouch equipped with a narrow nozzle for communal squirting | 6. Flavor descriptor denoting the complete absence of residual sweetness | 8. Beverage containing significant alcoholic strength | 9. Dry or bitter low-alcohol drink consumed prior to a meal to stimulate appetite | 10. Plural metal bands binding the exterior staves of a wooden aging barrel | 11. Historic roadside public house providing food | 12. Plural of the botanical capsules like coriander and anise providing volatile oils to gin
2026-09-27,main,Heavy Hitter 4,F###ZIP##OATS##/I#F###E#M##E#K#/G#R##MAUI#PALE#/GROGS###L#I##G#/Y#T###D#L#N#V#T/#CHICHI#SHAKE#O/##Y###S###C#NIP/#B#BOTA#FLOAT##/#A#O##R#O#L####/#S#O#CORONA###S/BEET##N#T#D#S#A/###L##N##MASH#L/HOSE#SOJU###ANT/A##G#O######R#S/TIE##T##JULEP##,2. The bright effervescent snap and energetic citrus bite experienced in a well-balanced highball | 4. High-protein cereal grain added to brewing mashes to create silky | 9. Hawaiian tropical island whose pineapples and sugar cane inspire exotic tiki punch bowls | 10. Light-hued ale style characterized by crisp malt profiles and aromatic hops | 11. Plural of the historic Royal Navy drinks mixing dark rum | 15. Tropical cocktail variation substituting neutral vodka for light rum in a classic Piña Colada | 16. Agitative mixing technique used with citrus and dairy to chill aerate and emulsify | 17. A diminutive pour or pocket-sized serving of spirits | 19. Traditional teardrop-shaped Spanish leather bladder used to squirt wine into the mouth | 20. A delicate top layer of high-proof spirit or heavy cream poured gently over the back of a spoon | 21. The crown of creamy foam resting atop a poured beer or a famous brand of Mexican lager | 23. Earthy crimson root vegetable roasted and pureed to lend deep red hue and earthy sugar to sours | 25. Mixture of crushed grains and hot water steeped to convert starches into fermentable sugars | 26. Flexible food-grade silicone tubing used to transfer beer wash or spirits between vessels | 27. Clear Korean distilled spirit traditionally produced from rice or sweet potatoes | 28. Roasted and crushed chicatana flying ant seasoning blended with salt to accompany neat mezcal | 29. Formal uniform neckwear or the act of knotting a slender strip of citrus peel for garnish | 30. Historic American beverage of spirits sugar and crushed ice crowned with fresh mint,1. Sensory tasting descriptor for rich | 3. Butterfly pea blossom steeped to create an indigo tea that turns bright violet when exposed to acid | 5. Tannic herbal infusion frequently deployed as the diluting weak element in historic punches | 6. Light airy bubble texture created by shaking fresh fruit citrus with proteins | 7. Plural of the heavy roller machines that crush whole malted barley grains into grist | 8. Stainless steel pressurized cylinder used to store and dispense draught beer or batched cocktails | 10. Blended Puerto Rican icon marrying white rum sweet pineapple juice and rich coconut cream | 12. Iconic Italian amaretto liqueur from Saronno celebrated for its rich marzipan-apricot aroma | 13. Gas relief valve atop a fermentation tank allowing metabolic carbon dioxide to escape safely | 14. To fill the remaining headspace of a tall glass with soda | 18. The foundational high-proof primary spirit around which a cocktail recipe is constructed | 19. To illegally manufacture | 20. The flat | 22. Mineral seasonings deployed to suppress perceived bitterness and heighten fruit flavors | 24. Palate descriptor for intense | 26. Dense | 27. Archaic colloquial term for an habitual or notorious drinker
2026-09-28,mini,Quick Solve 5,#BELL#B/S###O#U/M#COCOA/A#I#H#L/SODA#G#/H#E##A#/##RINSE,1. Bell-shaped Japanese jigger or the Division Bell mezcal cocktail created in New York | 5. Roasted cacao bean powder providing earthy chocolate bitterness to flips and dessert drinks | 6. Carbonated water charged with carbon dioxide to impart effervescence without sugar | 8. Technique of coating a chilled glass interior with a fragrant spirit like absinthe before pouring,2. Deep Scottish freshwater lake supplying soft peaty brewing and chilling water to distilleries | 3. Fragrant | 4. Variant of the Julep family pairing spirits and sweetener with muddled seasonal fruit and mint | 5. Fermented beverage crafted from the pressed juice of bittersweet apples | 7. Carbon dioxide or nitrogen used to carbonate beverages and propel draught liquid through lines
2026-09-28,midi,The Daily Grid 5,####P######/DOG#E#STEMS/#A#HAT###I#/#T###I##HAY/#SPOONS##M#/S#A##S##SIP/T#N#D##K#B#/ELDERFLOWER/E#A#O##M#A#/P#NIP##BUCK/####SOJU#H#,2. The classic Salty Dog cocktail combining vodka or gin with grapefruit juice in a salted glass | 4. Slender vertical supports of fine glassware designed to prevent hand heat warming the drink | 6. Dense | 8. Toasted sweet meadow grass infused into modern artisanal bourbons to impart rustic farm notes | 9. Long spiral-handled utensils designed to smoothly rotate around mixing glasses | 12. A small | 15. Delicate creamy blossom that yields fragrant | 16. A diminutive pour or pocket-sized serving of spirits | 17. Historic highball family pairing spirits with citrus juice and effervescent ginger beer | 18. Clear Korean distilled spirit traditionally produced from rice or sweet potatoes,1. Butterfly pea blossom steeped to create an indigo tea that turns bright violet when exposed to acid | 3. High-protein cereal grain added to brewing mashes to create silky | 5. Vintage highball shaking blended Scotch whisky with dry vermouth and tart grapefruit juice | 7. Plural of the stainless steel vessels that seal together to form a two-piece Boston shaker | 10. Fragrant tropical green leaf delivering sweet basmati rice and vanilla perfume to modern drinks | 11. To soak herbs | 13. Plural of the tart Lemon Drop cocktails shaken with vodka | 14. Giant dried kelp providing natural glutamic acid umami to savory martinis
2026-09-28,main,The Masterpiece 5,#####V#P##DROPS/S###MAGUEY#O#O#/E#Y##L#R###LARD/E#E##V#E###L#T#/DILUTED#P###POP/##L#I#O#O#S#U#U/#BONE#G#RUE#N#B/S#W#####T#KICK#/H#BATIDAS#T#H#L/A#I#I#E##B##E#U/KIR#PIN#SOURSOP/E#D#U####D####U/R###NORWAY##B#L/S###C#####AJI#I/###CHILLS###BIN,3. Plural of the tart Lemon Drop cocktails shaken with vodka | 7. Indigenous Mexican term for the diverse family of agave plants used for mezcal | 9. Rendered pork lipid used in culinary mixology to fat-wash bourbon for savory old fashioneds | 10. Softened in alcohol proof and expanded in flavor volume through the melting of cocktail ice | 14. Audible sound of a sparkling wine cork release or colloquial term for soda | 17. Bone dry: a cocktail or wine completely devoid of perceived residual sweetness | 18. Intensely bitter aromatic herb used in ancient folk tonics and medicinal restorative cordials | 20. The invigorating alcoholic warmth and ginger spice delivered by a well-made Moscow Mule | 21. Plural of the traditional Brazilian shaken cachaça drinks featuring fruit and milk | 26. Classic French apéritif combining crème de cassis with a pour of crisp dry white Aligoté wine | 27. Slender metal or bamboo skewer used to spear brandied cherries and olives | 28. Tropical guanabana fruit yielding creamy tart pulp prized in Caribbean rum punches | 29. Nordic home of Linje aquavit aged inside oak sherry casks that cross the equator on sea vessels | 31. Peruvian spicy yellow chili pepper muddled into fiery pisco sours and tropical drinks | 32. Reduces beverage temperature via thermodynamic heat exchange with ice cubes | 33. Insulated stainless steel ice compartment in a cocktail well or cellar wine storage cubby,1. The mechanical flow-control device inside a tap or pressure tank regulating liquid output | 2. Distillate produced without additives artificial colorings or neutral grain cuts | 4. To gently tip a cocktail back and forth between two shaker tins to mix without creating foam | 5. Traditional Portuguese geographic designation for rich fortified wines from the Douro | 6. Aromatic botanical capsule like coriander | 8. Caribbean tropical cocktail combining white rum with Galliano | 11. Formal uniform neckwear or the act of knotting a slender strip of citrus peel for garnish | 12. The classic Salty Dog cocktail combining vodka or gin with grapefruit juice in a salted glass | 13. Plural of the fortified Portuguese sweet dessert wines aged in seasoned wooden pipes | 14. Communal bowls of spirit citrus spices sugar and water that birthed modern cocktails | 15. Traditional British drinking establishment named as an abbreviation of public house | 16. Traditional designation for German and Austrian sparkling wines produced in regional cellars | 19. Plural of the two-piece metal tins utilized to chill | 22. Martinique national ritual mixing white agricole rum fresh lime peel and cane syrup | 23. Intimate subterranean cocktail lounge or cozy neighborhood retreat dedicated to fine drinks | 24. The yellow resinous gland on hop cones containing bitter alpha acids and essential oils | 25. The textural weight viscosity and substance of a beverage upon the tongue | 30. Acronym for Bottled in Bond
2026-09-29,mini,Morning Coffee 5,PUBS#B#/E#I##A#/G#BYRRH/#B###B#/BOTTLED/#D###R#/EYE#TAB,1. Plural of the traditional public houses serving draught ales and hearty tavern fare | 4. French fortified red wine apéritif aromatized with quinine bark and orange peel | 6. Packaged into glass containers fitted with corks | 7. Colloquial term for a morning revitalizer cocktail or a drop of modifier | 8. Running ledger of drink purchases settled at the conclusion of a bar visit,1. Historic colonial measure for a unit of spirits served with soda | 2. Acronym for Bottled in Bond | 3. High-acid | 5. The textural weight viscosity and substance of a beverage upon the tongue
2026-09-29,midi,Midday Break 5,#TIPPLE#BOT/#O#O##S#E##/#N#PEPPERY#/GIG###A#M#S/#C#ACID#U#U/######I#DEN/ASH###N#A#S/#T#FUSEL##E/#E#I##S#CUT/TEARS###A##/#P###KILNS#,1. To drink intoxicating alcoholic beverages in small leisurely quantities throughout an evening | 4. Colloquial abbreviation for a glass bottle stored in the speed well | 5. Sharp tingling spice note characteristic of rye whiskey and green peppercorns | 6. Slang term for a bartender guest shift or evening hospitality event | 8. Sour chemical compound like citric or malic acid that balances cocktail sugars | 9. Intimate subterranean cocktail lounge or cozy neighborhood retreat dedicated to fine drinks | 10. Fine carbon residue produced from roasting agave hearts in subterranean earthen pit ovens | 12. Higher-order oily alcohol compound contributing pungent off-flavors and heavy body to raw spirits | 13. The deliberate operational division separating heads | 14. Droplets forming on glass walls caused by surface tension and alcohol evaporation | 15. Plural of the large drying ovens where germinated barley is halted with warm air or peat smoke,1. Bitter carbonated mixer sweetened with sugar and flavored with cinchona quinine | 2. Audible sound of a sparkling wine cork release or colloquial term for soda | 3. Plural of the most widely cultivated Espadín agave plants harvested across Oaxaca for mezcal | 4. Atlantic island territory famous for Gosling's black seal rum and the dark 'n stormy | 7. Tropical layered cocktail featuring dark rum | 11. To soak herbs | 12. Evergreen coniferous tree whose fresh needles infuse alpine gins and brandies | 13. Aluminum beverage container increasingly used for ready-to-drink craft cocktails
2026-09-29,main,Weekend Edition 5,MARC##H##MIST##/###URBAN###H##C/PEAR##T#MARASCA/I##D#W#####V##V/T#ELDERFLOWER#A/H##I#B#I#I#####/##ANT#IRELAND#D/###G####S#####A/##H#PIT#POURERS/#MUD##A#A##Y##H/##G#P#BUD##EYE#/#BODEGA#I##S#G#/#R##G#C#NEW#AGE/#E##########S##/SWITCHEL###CHAI,1. French pomace brandy distilled from the skins and seeds remaining after grape pressing | 4. An ultra-fine atomized cloud of peated scotch or absinthe sprayed across a finished cocktail | 6. City-center cocktail bars and micro-distilleries driving modern craft mixology revivals | 8. Orchard fruit cold-fermented and double-distilled to yield fragrant clear Poire Williams brandy | 9. Small dark bitter cherry cultivated in Croatia used to distill Maraschino liqueur | 11. Delicate creamy blossom that yields fragrant | 14. Roasted and crushed chicatana flying ant seasoning blended with salt to accompany neat mezcal | 15. The Emerald Isle celebrated across the globe for smooth | 19. Subterranean earthen conical oven filled with burning hardwood used to roast agave hearts | 21. Fitted speed spouts inserted into bottle necks to regulate fluid velocity | 23. Sediment or rich dark slurry left at the base of poorly strained infusions | 25. Aromatic dried flower bud like clove or unexpanded hop cone used in brewing and infusions | 26. Colloquial term for a morning revitalizer cocktail or a drop of modifier | 28. Traditional Spanish wine tavern | 29. Modern cocktail prefix designating contemporary regional classics like the New York Sour | 30. Maturation period inside a wooden cask that mellows raw distillate | 31. Traditional American colonial thirst-quenching drink of water | 32. Spiced black tea infusion featuring cardamom cloves and cinnamon used in punches,2. Using acidic citrus juice to destabilize milk proteins during punch clarification | 3. Dense | 5. Ultra-fine snow-like ice scraped from a clear block to build mounded julep presentations | 7. Spanish sparkling wine produced predominantly in Catalonia via the traditional method | 8. Bitter white spongy layer beneath citrus skin that must be avoided when garnishing | 10. Tangled gossamer threads spun by cellar spiders across historic vintage wine bottles | 12. Evergreen coniferous tree whose fresh needles infuse alpine gins and brandies | 13. Volatile aromatic liquid expelled from citrus rinds to perfume the surface of a cocktail | 16. The most commonly cultivated agave variety utilized to produce artisanal mezcal | 17. Standard micro-measurement dispensed from a bitters bottle with a single downward flick | 18. Alpine spritz cocktail combining sparkling prosecco with elderflower cordial | 20. Traditional French corner shop licensed to sell tobacco | 22. Plural of the spicy American whiskeys distilled from a mash bill containing at least 51 percent rye | 24. Historic colonial measure for a unit of spirits served with soda | 27. Emulsifying cocktail ingredient whose white yields a silky textural foam collar | 28. To ferment malted grains into beer or steep roasted beans for coffee cocktails | 30. Fine carbon residue produced from roasting agave hearts in subterranean earthen pit ovens
2026-09-30,mini,Brain Snack 5,#BAUME#/####A##/BOX#RUN/O###T#O/WASHING/L#U#N##/S#BUILD,1. Hydrometer scale historically measuring the density of sugar syrups and wine must | 3. Cellar storage crate or modern bag-in-box wine packaging format | 4. A single complete cycle of heating | 6. Fat-washing technique infusing spirits with liquid lipids before freezing them out | 8. Mixing technique assembling a cocktail directly inside the serving glass without a shaker,2. The definitive stirred classic cocktail uniting crisp gin with dry white vermouth and an olive | 3. Plural of the large cut-glass vessels utilized to serve communal alcoholic punches | 5. Rich holiday beverage crafted with beaten eggs cream sugar and spirits | 7. To swap one spirit or modifier for another in a standard recipe to create a variation
2026-09-30,midi,Brain Teaser 5,###P##N#L##/#FRUCTOSE#B/###P##G#E#A/#TWIGS##S#N/#I#T##D###A/#P#R#TAVERN/#P#E##T#S#A/#L##B#E#T##/ZESTERS#E##/I###E###RIM/N#HAT#GAS##,4. Naturally occurring fruit sugar providing sweet | 6. Plural of the woody botanical sprigs like thyme and rosemary deployed as fragrant garnishes | 8. Historic roadside inn or gathering hall licensed to serve hearty food and fermented drinks | 11. Plural of the notched metal tools used to scrape ultra-fine threads of aromatic citrus rind | 12. Circumference of a cocktail glass often coated with citrus juice and salt or sugar | 13. Dense | 14. Carbon dioxide or nitrogen used to carbonate beverages and propel draught liquid through lines,1. Hinged wooden A-frame riddling rack used to tilt and turn champagne bottles | 2. Rich holiday beverage crafted with beaten eggs cream sugar and spirits | 3. Dead yeast cells and sediment settling to the bottom of wine and beer tanks | 5. Tropical fruit whose sweet essence is captured in tiki cordials and brandies | 6. To drink intoxicating alcoholic beverages in small leisurely quantities throughout an evening | 7. Plural of the sweet desert palm fruits steeped into rich dark rum punches and syrups | 9. Plural of the volatile fruity chemical compounds synthesized during warm fermentation | 10. Earthy crimson root vegetable roasted and pureed to lend deep red hue and earthy sugar to sours | 11. Colloquial bar patron order shorthand for a pour of jammy Californian Zinfandel wine
2026-09-30,main,Brain Bender 5,GREECE#CAP#TRUB/E########L####L/R#W#####RAKIS#O/M#H#CUPS#Z##P#O/AJI###I#BARTEND/N#PUPITRE#O#L#Y/Y###O#H#D#ANT#M/####M#####S###A/##P#E###FIT#BAR/#MULLED#R#####Y/T#N#O##BOGGY###/WET##B##Z###BAG/I###MAPLE#B#E##/GROG#Y##NOILLY#/##########G#L##,1. Mediterranean nation celebrated for aniseed-flavored ouzo and floral Metaxa grape brandy | 2. Protective closure over a bottle finish or the frothy crown atop a sour | 4. Coagulated protein and hop sediment that settles to the bottom of the brewing kettle | 7. Plural of the aniseed-flavored spirits served with cold water as Turkey's national drink | 9. Plural of the historic British summer wine and fruit coolers traditionally fortified with spirits | 11. Peruvian spicy yellow chili pepper muddled into fiery pisco sours and tropical drinks | 12. To professionally mix cocktails | 14. Hinged wooden A-frame riddling rack used to tilt and turn champagne bottles | 16. Roasted and crushed chicatana flying ant seasoning blended with salt to accompany neat mezcal | 18. The secure friction seal formed between two metal tins when locking a Boston shaker | 19. The counter across which hospitality and mixed drinks are served | 20. Gently heated with winter spices like cinnamon and clove | 22. Sensory tasting descriptor for damp mossy earth and peat notes found in Islay whiskies | 23. Cocktail formulation featuring a generous measure of vermouth relative to the base spirit | 25. Canvas Lewis pouch utilized with a heavy wooden mallet to pulverize clear ice into gravel | 26. Tree sap boiled into rich syrup providing autumnal wood notes to brown spirits | 28. Historic Royal Navy drink of rum diluted with water citrus and raw sugar | 29. Noilly Prat: renowned French dry vermouth producer situated on the Mediterranean coast,1. The European brewing heartland renowned for pristine pilsners | 3. Historic European city square lined with outdoor café terraces serving afternoon apéritifs | 5. Savory restorative vodka highball seasoned with tomato juice Worcestershire horseradish and celery | 6. A rapid shake conducted with only a few pebble ice cubes to aerate without over-diluting | 8. Ancient nutty cereal grain mashed and distilled into smooth | 10. Bitter white spongy layer beneath citrus skin that must be avoided when garnishing | 12. The porous filter layer of crushed grain husks resting inside a mash tun during lautering | 13. The thermal process of heavily kilning barley malts to produce dark chocolate and coffee notes | 15. Large ancestral Southeast Asian citrus fruit delivering mild sweet grapefruit flavors | 17. Dimpled structural indentation found at the base of heavy wine and champagne bottles | 18. Blended with crushed ice to a thick | 21. Woody botanical sprig of rosemary or thyme torched over a cocktail glass as a smoking garnish | 24. Coastal cocktail family characterized by the Bay Breeze pairing vodka with fruit juices | 25. Bell-shaped Japanese jigger or the Division Bell mezcal cocktail created in New York | 27. Large format geometric ice cube carved to minimize surface area and slow down dilution
2026-10-01,mini,Commuter Special 5,PASTIS#/E#I##O#/RED##T#/L#E####/A#CASKS/G#A#U##/E#RUMS#,1. French anise-flavored apéritif that turns opaque and milky white when diluted with water | 4. Vibrant crimson tint characteristic of an Italian bitter apéritif or sweet vermouth | 5. Wooden barrel containers used to age and mature spirits wines and beers | 7. Plural classification of cane-derived distillates encompassing dark,1. The continuous upward stream of tiny effervescent carbonation bubbles in champagne | 2. Classic French or American sour pairing dry Cognac with orange triple sec and lemon in a sugar rim | 3. Archaic colloquial term for an habitual or notorious drinker | 6. The total financial balance of a bar check encompassing food
2026-10-01,midi,Perfect Puzzler 5,E###RUSTIC#/GRAF#P#####/G##OAT#U#F#/#BUG#O#N#E#/#A###D#D#I#/GREY#AVERNA/#B#E#T#R#T#/WAKAME#B##R/#D#S###AEJO/#OPTIC#R##O/#S#S###SEKT,2. Artisanal rough-hewn production style showcasing terroir rather than hyper-refinement | 4. Rustic farmhouse hybrid beverage produced by co-fermenting sweet apple cider with beer wort | 6. Cereal grain added to brewing mashes to contribute velvety mouthfeel and creamy head to stout | 9. Wild ginger fermentation starter culture cultivated with sugar and water to brew ginger beer | 10. Grey Goose: luxury French vodka distilled from Picardy wheat and Gensac spring water | 12. Celebrated Sicilian amaro from Caltanissetta rich with candied citrus peel | 13. Dark green edible sea kelp steeped to yield subtle savory marine salinity in modern cocktails | 15. Tequila matured in small wooden barrels for at least one year to impart amber wood nuances | 16. Wall-mounted inverted measuring dispenser ubiquitous in British pubs to pour exact spirits | 17. Traditional designation for German and Austrian sparkling wines produced in regional cellars,1. Emulsifying cocktail ingredient whose white yields a silky textural foam collar | 3. Historic stirred cocktail balancing spicy rye whiskey with amontillado sherry and Grand Marnier | 5. Dense aromatic white vapor produced when dry ice or liquid nitrogen meets cocktail liquids | 7. Plural of the lower modular stainless steel sinks and drainboards situated beneath the bar | 8. The impure heads and tails fraction from a distillation run set aside to be redistilled | 9. Caribbean island recognized as the home of Mount Gay | 11. Plural of the diverse strains of microscopic fungi that convert simple sugars into ethanol | 14. Underground plant tissue such as ginger or gentian that contributes grounding earthy notes
2026-10-01,main,The Grand Grid 5,#B#####B#######/PUNCHY#AVEZE##I/#G##A##R####T#C/C#C#TOTS#A#CANE/R#H####T#N##P#W/E#I#TINONTIN##E/MANGO##O##R#S#L/E#A#U##L#DISTIL/##T#R#####S#I##/#TONIC#C#CHERRY/#A##G##H######O/#I#BARBACKS#F#L/#L#L#Y#R#I#PINK/#S#U#E#R#T##G##/##WET#MOP#COSMO,3. Possessing bold spirit strength and concentrated vibrant flavor intensity | 5. Traditional French gentian liqueur crafted using wild roots harvested from Auvergne | 10. Plural of the historic daily rum rations issued to sailors across the British Royal Navy | 12. Tall tropical grass whose sweet sap is harvested to produce sugar and rum | 13. Modern two-piece metal shaker set pairing a 28-ounce tin with an 18-ounce cheater tin | 15. Luscious tropical stone fruit pureed into frozen sours and paired with smoky mezcal | 17. To separate volatile alcohol vapor from boiling liquid wash inside a copper pot still | 18. Bitter carbonated mixer sweetened with sugar and flavored with cinchona quinine | 20. Stone fruit brandied or preserved in marasca syrup to garnish classic stirred Manhattans | 22. Plural of the indispensable bar assistants who stock ice | 26. Delicate pastel hue of pink gin seasoned with Angostura bitters or the gin Pink Lady | 27. Cocktail formulation featuring a generous measure of vermouth relative to the base spirit | 28. Long-handled absorbent cotton cleaning tool used to scrub and dry bar floors during closeout | 29. Colloquial abbreviation for the pink Cosmopolitan cocktail shaken with citron vodka and cranberry,1. Wild ginger fermentation starter culture cultivated with sugar and water to brew ginger beer | 2. Tall backless or cushioned seat positioned along the front length of a bar counter | 4. Dense | 6. Insulated stainless steel sink situated directly in front of the bartender to hold ice | 7. Faucet system used to draw draught beer or pre-batched cocktails from a pressurized keg | 8. French cordial designation for sweet | 9. Fortified Piedmontese red wine aromatized with cinchona bark | 11. Roasted and crushed chicatana flying ant seasoning blended with salt to accompany neat mezcal | 13. Touriga Nacional: Portugal's finest dark grape variety providing structure to vintage ports | 14. Whiskey style distilled in Ireland traditionally triple-distilled in large copper pot stills | 16. Gentle rotational mixing technique utilizing a teardrop barspoon to avoid aerating drinks | 18. The heavy | 19. Charro Negro: popular Mexican highball combining blanco tequila | 21. Rich | 22. Vibrant cyan tint imparted to tropical drinks by curaçao liqueur dyed with food-grade color | 23. Grain spirit that lends a dry and peppery spice backbone to a classic Manhattan | 24. Portable leather or canvas roll containing a bartender's personal jiggers | 25. Plural of the sweet Mediterranean fruits macerated into autumnal brandies and rich syrups
2026-10-02,mini,Fast Five 5,MOP####/A#U#G#O/TABERNA/U###I#T/RAKIS##/E#I#TEA/DARK###,1. Long-handled absorbent cotton cleaning tool used to scrub and dry bar floors during closeout | 5. Historic regional Mexican term for an artisanal distillery producing agave spirits | 6. Plural of the aniseed-flavored spirits served with cold water as Turkey's national drink | 8. Tannic herbal infusion frequently deployed as the diluting weak element in historic punches | 9. Rich molasses-heavy rum classification or beer roasted to a deep mahogany hue,1. Evolved and refined inside porous wooden casks over years of seasonal thermal expansion | 2. Traditional British drinking establishment named as an abbreviation of public house | 3. Coarsely ground malted barley milled between rollers and prepared for the hot mash tun | 4. Cereal grain added to brewing mashes to contribute velvety mouthfeel and creamy head to stout | 7. Classic French apéritif combining crème de cassis with a pour of crisp dry white Aligoté wine
2026-10-02,midi,Coffee Break 5,##T##F###K#/BRAZIL#GLEN/L#P##U###G#/U##R#TIKIS#/S##U#E##N##/H##BUG#INK#/###Y#L####S/##H#TAG###I/RYE##S#PULP/##RUSSIA#A#/WEB####Y#W#,4. South American giant renowned for unrefined sugarcane cachaça and the muddled lime Caipirinha | 5. Scottish Gaelic geographical term for a valley | 7. Plural term for tropical drinks served in exotic ceramic Polynesian vessels | 9. Wild ginger fermentation starter culture cultivated with sugar and water to brew ginger beer | 10. Cuttlefish or squid pigment deployed to turn savory cocktails midnight black | 13. Printed label attached to a bottle neck declaring vintage | 14. Grain spirit that lends a dry and peppery spice backbone to a classic Manhattan | 15. Crushed fibrous fruit solids separated from fresh citrus juice during the fine-straining pass | 17. Historic northern empire renowned for charcoal-filtered wheat vodkas served ice-cold | 18. Tangled gossamer threads spun by cellar spiders across historic vintage wine bottles,1. Faucet system used to draw draught beer or pre-batched cocktails from a pressurized keg | 2. Tall | 3. Plural of the stainless steel pressurized barrels delivering draught beer and cider to bar taps | 4. A delicate pink tint in wine or cocktails created by a brief maceration of red grape skins | 6. Deep red fortified port wine style matured in vats to preserve vibrant young fruit notes | 8. Historic roadside public house providing food | 11. A small | 12. Fragrant green plant leaf used fresh or dried to infuse botanical syrups and spirits | 15. To settle the itemized cocktail ledger before departing a hospitality establishment | 16. Legislative statute governing liquor licensing closing hours and taxation
2026-10-02,main,Heavy Hitter 5,TAPS#FOAMS#####/###H####A#CUBES/#P#O##TONKA#L#O/PUNCH#O#G#L#OAT/#B#H##T#O#A#N##/#SOURS####M#DIP/#####WEB##A#E#I/#I#B#I#O#INN##C/#SPRIG#N##S###O/#L#U##CITRIC##N/TART#C#T#Y#E##P/#Y##QUIOTE#D##U/###P#M####PAN#N/###E#I#####R##C/##FARNESENE#ASH,1. Plural of the draught beer faucets lining the back counter of a modern public house | 3. Plural of the delicate aerated culinary heads created atop modern avant-garde cocktails | 5. Uniform square ice units utilized for standard shaking | 9. Fragrant South American seed rich in natural coumarin evoking vanilla | 10. Five-ingredient communal drink template derived from the Sanskrit word for five | 11. Cereal grain added to brewing mashes to contribute velvety mouthfeel and creamy head to stout | 12. Broad cocktail category balancing spirit acid and sweet components with harmony | 14. Quick immersion of glassware rims into juice or cordial before applying garnishes | 16. Tangled gossamer threads spun by cellar spiders across historic vintage wine bottles | 20. Historic roadside public house providing food | 21. Small fresh cutting of mint or rosemary used as an aromatic vertical garnish | 22. Sharp sour flavor profile characteristic of lemon lime and grapefruit juices | 25. Sharp mouth-puckering sourness derived from unripened fruit or fresh citrus | 27. The towering flowering central stalk that shoots up from the heart of a fully mature agave plant | 29. Heavy copper or stainless saucepan used behind the bar to gently simmer simple syrups | 30. Green apple and woody terpene hydrocarbon naturally abundant in green apple skins and noble hops | 31. Fine carbon residue produced from roasting agave hearts in subterranean earthen pit ovens,2. Traditional Japanese distilled spirit crafted from barley | 4. Luscious tropical stone fruit pureed into frozen sours and paired with smoky mezcal | 5. Tiny | 6. Pale style designation for light-colored Belgian ales and white aperitif wines | 7. Archaic colloquial term for an habitual or notorious drinker | 8. Plural of the traditional public houses serving draught ales and hearty tavern fare | 9. Daily rum ration issued to Royal Navy sailors until Black Tot Day in 1970 | 13. A generous unmeasured gulp of a beverage taken directly from a glass or flask | 15. Traditional Basque-American highball built with bittersweet Amer Picon | 17. Dried fermented skipjack tuna flakes infused into spirits to yield umami depth | 18. Southern Hebridean Scottish island world-renowned for intensely peated | 19. Dry classification for sparkling wines containing less than twelve grams of sugar per liter | 23. Grain spirit that lends a dry and peppery spice backbone to a classic Manhattan | 24. Aromatic softwood whose fragrant shavings are burned to smoke cocktail glassware | 26. Earthy | 28. Butterfly pea blossom steeped to create an indigo tea that turns bright violet when exposed to acid
2026-10-03,mini,Quick Solve 6,####OAT/ICED##I/#A#OBAN/#V#S##T/JAMAICA/A##G#A#/R#FEINT,1. Cereal grain added to brewing mashes to contribute velvety mouthfeel and creamy head to stout | 3. Thoroughly chilled with solid ice chunks or served over crystalline cubes in a tumbler | 6. Western Highland coastal distillery town renowned for maritime | 7. Caribbean island celebrated for high-ester | 9. The impure heads and tails fraction from a distillation run set aside to be redistilled,2. Tinta Roriz: the Portuguese name for Tempranillo grapes used to make fortified port wine | 4. Spanish sparkling wine produced predominantly in Catalonia via the traditional method | 5. Sweet wine and sugar mixture added to champagne bottles following disgorgement | 7. Mason glass vessel popular for serving rustic Moonshine drinks and shrub coolers | 8. Aluminum beverage container increasingly used for ready-to-drink craft cocktails
2026-10-03,midi,The Daily Grid 6,#LIMES##C##/##T####SOY#/#PANDAN#R##/A#L##R#WET#/SKYE#R#A###/H####A#K#S#/#URBAN#ACAI/###O###M#V#/PARTICLE#O#/A##A##I##R#/Y###WEDGE##,1. Plural of the green citrus fruits that provide the foundational tart acid for Margaritas | 4. Fermented umami-rich soybean sauce deployed in micro-drops to season savory modern martinis | 5. Fragrant tropical green leaf delivering sweet basmati rice and vanilla perfume to modern drinks | 8. Cocktail formulation featuring a generous measure of vermouth relative to the base spirit | 9. Hebridean Scottish isle famous for sea-lashed | 11. City-center cocktail bars and micro-distilleries driving modern craft mixology revivals | 13. Dark purple Brazilian Amazonian palm berry pureed into vibrant | 14. Microscopic solid matter removed from cloudy juices through fine-mesh double-straining | 16. Triangular cutting of citrus fruit squeezed and dropped into highballs and beer bottles,2. Mediterranean country that birthed the Negroni | 3. The fibrous central interior of an apple or pineapple removed before juicing | 6. Scottish island whose Lochranza distillery produces unpeated | 7. Fine carbon residue produced from roasting agave hearts in subterranean earthen pit ovens | 8. Dark green edible sea kelp steeped to yield subtle savory marine salinity in modern cocktails | 10. To taste slowly and mindfully | 12. Traditional teardrop-shaped Spanish leather bladder used to squirt wine into the mouth | 14. To settle the itemized cocktail ledger before departing a hospitality establishment | 15. The tight-fitting metal cap placed over a cocktail shaker tin before shaking
2026-10-03,main,The Masterpiece 6,#FERNET########/#I#H###P#BODY##/#G#I#F#U#A###H#/##UNDERBARS#ROE/###E#V##J##R#L#/##H##E##I##I#L#/PEELERS##COCOA#/U#A##T##T##K#N#/N#R#DRY#I#VERDE/CUT##E##K##Y###/H#C#PECTINASE#A/E#U#O#O#S#N#TAG/S#TIP#S###T#N#E/###N##M####TAX#/CASK#BOGGY#####,1. Intensely bitter minty mentholated Italian amaro renowned as a bartender handshake | 4. The textural weight viscosity and substance of a beverage upon the tongue | 7. Plural of the lower modular stainless steel sinks and drainboards situated beneath the bar | 9. Savory fish caviar served on mother-of-pearl spoons alongside chilled dry martinis | 12. Plural of the Y-shaped razor-sharp kitchen tools used to pare wide swaths of citrus peel | 13. Roasted cacao bean powder providing earthy chocolate bitterness to flips and dessert drinks | 15. Flavor descriptor denoting the complete absence of residual sweetness | 16. Portuguese descriptor for young | 17. The deliberate operational division separating heads | 18. Natural enzyme utilized in culinary mixology to break down fruit pectins and clarify juices | 23. Printed label attached to a bottle neck declaring vintage | 24. Financial gratuity left by a patron to reward attentive hospitalian service | 26. Federal excise duty levied on distilled spirits that sparked the historic Whiskey Rebellion | 27. Individual wooden barrel used to mature refine and color fine spirits | 28. Sensory tasting descriptor for damp mossy earth and peat notes found in Islay whiskies,1. Sweet dried fruit frequently infused into autumnal dark rum or bourbon syrups | 2. Historic German river valley celebrated worldwide for steep slate vineyards producing Riesling | 3. Traditional British drinking establishment named as an abbreviation of public house | 4. The counter across which hospitality and mixed drinks are served | 5. Premium British tonic water company named after the cinchona tree that yields quinine | 6. The low-country nation that invented malt-wine genever | 8. Peruvian spicy yellow chili pepper muddled into fiery pisco sours and tropical drinks | 10. Plural of the zero-sugar highball pairing spirit with fresh lime and club soda | 11. The pristine middle fraction of a distillation run captured for cask aging | 12. Communal bowls of spirit citrus spices sugar and water that birthed modern cocktails | 14. Plural term for tropical drinks served in exotic ceramic Polynesian vessels | 18. Audible sound of a sparkling wine cork release or colloquial term for soda | 19. Colloquial abbreviation for the pink Cosmopolitan cocktail shaken with citron vodka and cranberry | 20. Roasted and crushed chicatana flying ant seasoning blended with salt to accompany neat mezcal | 21. Volcanic Sicilian mountain whose mineral-rich slopes yield complex wines and herbal amari | 22. Maturation period inside a wooden cask that mellows raw distillate | 25. Cuttlefish or squid pigment deployed to turn savory cocktails midnight black
2026-10-04,mini,Morning Coffee 6,BUSH##E/##H#POX/PLATO#T/L#R#N#R/A#D#D#A/T#####C/EGG#BOT,1. Colloquial term for the historic Bushmills Irish whiskey distillery in County Antrim | 4. Traditional ceremonial corn and sugarcane distillate produced in Chiapas | 5. Hydrometer scale measuring the concentration of dissolved extract in beer wort | 6. Emulsifying cocktail ingredient whose white yields a silky textural foam collar | 7. Colloquial abbreviation for a glass bottle stored in the speed well,2. Sharp needle of ice caught by a fine-mesh cone strainer during the double-straining pass | 3. Concentrated liquid essence pulled from botanical materials using high-proof alcohol | 4. Man-made cooling basin providing recycled cold water to distillery condensers | 5. Horizontal perforated bubble tray inside a continuous column still separating vapor fractions
2026-10-04,midi,Midday Break 6,PEPPER###Y#/O#E###J#SUM/SAGE#OAT#Z#/#L##H#P#BUD/#L##E#A#A#R/#STRAINER#Y/#P##D###T##/LID#Y###E#H/#C#A##TIN#O/VESSEL##DIP/###H######S,1. Spicy vegetable or dried peppercorn contributing heat to savory bloody marys | 5. The total financial balance of a bar check encompassing food | 6. Velvety green garden herb with piney camphor notes shaken into savory modern gin smashes | 8. Cereal grain added to brewing mashes to contribute velvety mouthfeel and creamy head to stout | 10. Aromatic dried flower bud like clove or unexpanded hop cone used in brewing and infusions | 12. Metal bar utensil like a Hawthorne or Julep used to hold back ice during the pour | 13. The tight-fitting metal cap placed over a cocktail shaker tin before shaking | 16. Metal vessel of a two-piece Boston shaker used to conduct thermal transfer | 17. Any glass | 18. Quick immersion of glassware rims into juice or cordial before applying garnishes,1. Point of sale computer terminal used by bartenders to enter drink orders and process checks | 2. Historic colonial measure for a unit of spirits served with soda | 3. Tart aromatic East Asian citrus fruit bridging the flavors of lemon and grapefruit | 4. East Asian island nation famed for highball perfection | 7. Dried Jamaican pimento berry possessing the flavor nuances of clove cinnamon and nutmeg | 9. Possessing a dense luxurious foam collar or intensely aromatic spirit potency | 10. To professionally mix cocktails | 11. Flavor descriptor denoting the complete absence of residual sweetness | 14. Plural of the green cone flowers that provide bitter alpha acids and floral aromatics to beer | 15. Fine carbon residue produced from roasting agave hearts in subterranean earthen pit ovens
2026-10-04,main,Weekend Edition 6,####RICKEY#HOPS/M#F###R####O##U/EYE#ICE#SALTS#B/L#I#N#M####E#B#/O#N#N#ACID#LEAN/NUTS###O#####R#/#G#BED#RICKEYS#/#N#A###O#####T#/TING#VINATA#SOY/###L###A#O###O#/#SHIFT###M#COLA/###A#U###M#O###/#FIT#BOBBYBURNS/#O#O###I#S#N##U/#G##DOWNS#STEAM,1. Highball cocktail combining a base spirit with fresh lime juice and club soda | 3. Plural of the green cone flowers that provide bitter alpha acids and floral aromatics to beer | 7. Colloquial term for a morning revitalizer cocktail or a drop of modifier | 8. The bartender's indispensable thermodynamic coolant and dilution control agent | 9. Mineral seasonings deployed to suppress perceived bitterness and heighten fruit flavors | 11. Sour chemical compound like citric or malic acid that balances cocktail sugars | 13. A bone-dry cocktail formulation prepared with minimal sweetening agents to emphasize spirit | 14. Complimentary roasted and salted legumes served on bar counters to stimulate thirst | 17. The porous filter layer of crushed grain husks resting inside a mash tun during lautering | 18. Plural of the zero-sugar highball pairing spirit with fresh lime and club soda | 19. Effervescent Jamaican sparkling grapefruit soda frequently paired with overproof white rum | 20. Traditional regional Mexican term for an artisanal rustic distillery producing mezcal or sotol | 22. Fermented umami-rich soybean sauce deployed in micro-drops to season savory modern martinis | 23. A bartender's scheduled operational working hours behind the service counter | 25. Effervescent sweet brown soda flavored with citrus oils cinnamon and vanilla | 26. The secure friction seal formed between two metal tins when locking a Boston shaker | 27. Classic Scotch cocktail marrying blended whisky with sweet vermouth and Bénédictine | 30. Cocktails served without ice in stemmed glasses after being shaken or stirred | 31. High-temperature water vapor pumped through still jackets to boil distillation washes,2. The dense | 3. Grand hospitality establishment whose bars birthed classic drinks like the Singapore Sling | 4. To swap one spirit or modifier for another in a standard recipe to create a variation | 5. Sweet honeydew or cantaloupe fruit whose aromatic essence flavors electric green liqueurs | 6. The impure heads and tails fraction from a distillation run set aside to be redistilled | 8. Historic roadside public house providing food | 10. Tall backless or cushioned seat positioned along the front length of a bar counter | 12. The crown of creamy foam resting atop a poured beer or a famous brand of Mexican lager | 15. Ugni Blanc grape variety forming the vast majority of distillation wash for Cognac | 16. Accidental Negroni variation created in Milan by substituting sparkling prosecco for gin | 21. Tommy's Margarita: modern San Francisco classic substituting rich agave nectar for triple sec | 24. Large container packed with crushed ice to chill bottled beers and wines | 25. Mental timing system practiced by bartenders to pour accurate fluid measures without jiggers | 26. Dense aromatic white vapor produced when dry ice or liquid nitrogen meets cocktail liquids | 28. Insulated stainless steel ice compartment in a cocktail well or cellar wine storage cubby | 29. The total financial balance of a bar check encompassing food
2026-10-05,mini,Brain Snack 6,#S##BAG/VAPOR##/#B##INK/SALON#I/H#U#Y#R/I#S####/M#HARD#,2. Canvas Lewis pouch utilized with a heavy wooden mallet to pulverize clear ice into gravel | 3. The gaseous ethanol evaporated from boiling beer wash that ascends the neck of a still | 4. Cuttlefish or squid pigment deployed to turn savory cocktails midnight black | 6. A sophisticated private parlor or historic European lounge dedicated to refined drinking | 8. Beverage containing significant alcoholic strength,1. Ancient Italian syrup produced by slowly simmering unfermented grape must over open fires | 2. Salty oceanic flavor profile typical of coastal single malts and olive dirty martinis | 5. Classic French apéritif combining crème de cassis with a pour of crisp dry white Aligoté wine | 6. Low-alcohol cocktail engineered to moderate ethanol consumption over long sessions | 7. A cocktail profile characterized by rich
2026-10-05,midi,Brain Teaser 6,##PUFF#TRUB/####L#Y###O/#M#LINE#F#I/HAY#P#A#L#L/#N####SMOKE/SHERBET#R#R/#A#Y##S###M/#TIE###ALBA/#T##T#K#E#K/#A#MACERATE/INK#G#G#N#R,1. A fragrant plume of wood smoke escaping when a cloche is lifted before a guest | 3. Coagulated protein and hop sediment that settles to the bottom of the brewing kettle | 7. Insulated draught tubing delivering pressurized beer or pre-batched cocktails to bar taps | 9. Toasted sweet meadow grass infused into modern artisanal bourbons to impart rustic farm notes | 10. Dense vapor generated by burning oak or applewood chips beneath a presentation cloche | 11. Historic citrus oleo-saccharum base paste mixed with fresh juice to anchor punch bowls | 13. Formal uniform neckwear or the act of knotting a slender strip of citrus peel for garnish | 14. Quercus alba or American white oak utilized for charred bourbon barrels | 18. To steep botanical roots | 19. Cuttlefish or squid pigment deployed to turn savory cocktails midnight black,2. Creamy historic cocktail category shaken with spirits sugar and a whole intact raw egg | 4. Classic blue-collar bar serve dropping a shot of whiskey into or alongside a draught beer | 5. Plural of the diverse strains of microscopic fungi that convert simple sugars into ethanol | 6. Stirred masterpiece combining American rye whiskey sweet red vermouth and Angostura | 8. The natural white veil of living yeast that covers biologically aging Fino and Manzanilla sherries | 12. Grain spirit that lends a dry and peppery spice backbone to a classic Manhattan | 15. A bone-dry cocktail formulation prepared with minimal sweetening agents to emphasize spirit | 16. Printed label attached to a bottle neck declaring vintage | 17. Stainless steel pressurized cylinder used to store and dispense draught beer or batched cocktails
2026-10-05,main,Brain Bender 6,#DRY#DRAWS##B##/H#O#J##J##PEARS/AGE#A#BIJOU#G##/R###C#A###BLANC/DRINKER#S#L#Z#O/#A####N#O#I#O#R/#C#U####U#C###N/#KIRS#BARBADOS#/###N######N##P#/F#B#MEZCALERIA#/U#I#A##A##S##I#/SOTOL#INFUSION#/E#E#I#######A##/L###CHALK#SEKT#/SMOG###########,1. Flavor descriptor denoting the complete absence of residual sweetness | 3. Plural of the fresh measures of draught beer pulled from a pressurized cellar tap system | 8. Plural of the fragrant green orchard fruits distilled into delicate clear eau-de-vie | 9. Maturation period inside a wooden cask that mellows raw distillate | 10. Historic stirred classic cocktail combining gin | 11. French classification for clear unaged rum | 13. Patron visiting a hospitality establishment to enjoy mixed drinks and companionship | 17. Plural of the classic French apéritifs combining crème de cassis with crisp dry white wine | 18. Caribbean island recognized as the home of Mount Gay | 22. Specialized drinking establishment dedicated to showcasing regional and wild artisanal mezcals | 24. Regional northern Mexican spirit distilled from the desert spoon shrub rather than agave | 25. Process of steeping herbs spices or fruits into ethanol to absorb soluble flavors | 27. Sensory descriptor for dry | 28. Traditional designation for German and Austrian sparkling wines produced in regional cellars | 29. A thick,2. Savory fish caviar served on mother-of-pearl spoons alongside chilled dry martinis | 4. Peruvian spicy yellow chili pepper muddled into fiery pisco sours and tropical drinks | 5. The fibrous crushed agave pulp remaining after extraction | 6. Beverage containing significant alcoholic strength | 7. Jack Daniel's: iconic charcoal-mellowed Tennessee sour mash whiskey from Lynchburg | 8. Historic term for a female manager | 10. Traditional timber farm building where rustic Belgian farmhouse saison ales are brewed | 12. Primary grain component required to comprise at least 51 percent of an American bourbon mash | 14. Multi-tiered stainless steel hanging rail holding high-frequency pouring bottles at hip height | 15. Foundational cocktail template balancing spirit with citrus and sweetener | 16. Heated ceramic or metal dispensing vessel utilized to keep mulled wine and hot toddies warm | 19. Iberian nation celebrated worldwide for fortified sherry | 20. Plural of the oily | 21. Sharp alcohol burn or ginger heat perceived acutely on the palate | 22. Crisp green apple acid dissolved into juices to acid-adjust them to standard lime strength | 23. Aluminum beverage container increasingly used for ready-to-drink craft cocktails | 26. Wood barrel standard responsible for lending vanillin and wood tannins to aged spirits
2026-10-06,mini,Commuter Special 6,TAPS###/##O#Z#S/BARBERA/I#T#S#L/T###TIE/######R/SMASHES,1. Plural of the draught beer faucets lining the back counter of a modern public house | 5. High-acid | 6. Formal uniform neckwear or the act of knotting a slender strip of citrus peel for garnish | 7. Refreshing family of seasonal julep-style cocktails heavily featuring bruised mint and fruit,2. Fortified Portuguese wine produced in the Douro Valley and matured in seasoned oak pipes | 3. Outer colored skin of a citrus fruit rich in volatile essential oils | 4. Centuries-old French gentian apéritif produced in the volcanic Massif Central | 5. Colloquial abbreviation for a micro-dose dash of aromatic bitters
2026-10-06,midi,Perfect Puzzler 6,J##J#B#SOT#/U#RAIL#H#I#/L##R#O#ICED/E####OAK##A/POLAND#W##I/C#O##O#ALES/U#CYPRUS##Y/P#H##A#AGE#/###B#N###T#/##TONGS##N#/###T#E#CHAR,4. Archaic colloquial term for an habitual or notorious drinker | 6. The front perimeter channel of the bar counter where patrons lean and drinks are presented | 7. Thoroughly chilled with solid ice chunks or served over crystalline cubes in a tumbler | 9. Wood barrel standard responsible for lending vanillin and wood tannins to aged spirits | 10. Historic Eastern European home of premium rye and potato vodkas distilled across centuries | 12. Plural classification of top-fermented beers encompassing pale ales | 13. Eastern Mediterranean island nation renowned for grape pomace zivania and Commandaria wine | 14. Maturation period inside a wooden cask that mellows raw distillate | 17. Spring-loaded utensil used to handle ice cubes and fragile garnishes hygienically | 18. The blackened carbonized wood layer torched into the interior walls of new bourbon barrels,1. Traditional silver or pewter chalice frosted heavily on the outside with crushed ice and mint | 2. Mason glass vessel popular for serving rustic Moonshine drinks and shrub coolers | 3. Crimson-fleshed Sicilian citrus fruit delivering sweet raspberry-like tartness to winter drinks | 4. Tart Okinawan flat lemon squeezed over crushed ice with local awamori spirit in highball serves | 5. Formal uniform neckwear or the act of knotting a slender strip of citrus peel for garnish | 8. Classic cocktail ancestor of the Margarita featuring spirits citrus and a fruit liqueur | 11. Deep Scottish freshwater lake supplying soft peaty brewing and chilling water to distilleries | 15. Volcanic Sicilian mountain whose mineral-rich slopes yield complex wines and herbal amari | 16. Colloquial abbreviation for a glass bottle stored in the speed well
2026-10-06,main,The Grand Grid 6,##ROSSO####W###/EYE#W#A#K#SECCO/X#COINTOIL#L#E#/T#T#G#S#R##LID#/RAIL#########A#/A#F#P##BUD#JURA/CHICORY#N#####M/T#E#R###C##C##Y/I#R#T##NAPKIN#L/N#S#O###P##C##A/G##FLIPS##PEARS/####I##A#V#R##E/BAR#GALLIANO#P#/A#U#H##T#T#N#E#/G#NUTTY##S#EGG#,1. Italian classification for traditional sweet red vermouth flavored with vanilla and herbs | 5. Colloquial term for a morning revitalizer cocktail or a drop of modifier | 7. Italian wine and vermouth label descriptor denoting a dry crisp finish | 9. Aromatic oil expelled from a coin-sized cut of citrus peel flamed over a drink | 10. The tight-fitting metal cap placed over a cocktail shaker tin before shaking | 11. The front perimeter channel of the bar counter where patrons lean and drinks are presented | 13. Aromatic dried flower bud like clove or unexpanded hop cone used in brewing and infusions | 15. Narrow Scottish island neighboring Islay | 17. Roasted root historically brewed with coffee in New Orleans used in dark liqueurs | 19. Small folded paper square or linen coaster placed beneath a served drink to catch condensation | 20. Category of rich cocktails shaken with spirits sugar and an entire raw egg | 22. Plural of the fragrant green orchard fruits distilled into delicate clear eau-de-vie | 24. The counter across which hospitality and mixed drinks are served | 26. Sweet herbal Italian liqueur presented in an iconic towering skyscraper bottle | 28. Sensory tasting descriptor for oxidized hazelnut notes found in Oloroso sherries and orgeat | 29. Emulsifying cocktail ingredient whose white yields a silky textural foam collar,1. Plural of the multi-column distillation towers that refine alcohol up to 96 percent ABV | 2. A generous unmeasured gulp of a beverage taken directly from a glass or flask | 3. High-protein cereal grain added to brewing mashes to create silky | 4. The primary sunken work station housing high-volume pouring spirits | 5. Pulling soluble chemical compounds out of plant matter using ethanol | 6. Classic French apéritif combining crème de cassis with a pour of crisp dry white Aligoté wine | 8. Aromatic softwood whose fragrant shavings are burned to smoke cocktail glassware | 12. Modern South American sour shaking Peruvian pisco with lime | 14. To pop the fluted metal crown cap off a craft beer or tonic water bottle using a bar blade | 16. The biological enzyme that breaks down complex grain starches into fermentable sugars | 18. A certified professional expert possessing comprehensive mastery over beer brewing and service | 21. Mineral compound applied to glass rims to suppress perceived bitterness and heighten sweetness | 23. Plural of the massive wooden or stainless bulk holding tanks used to marry blended spirits | 24. Canvas Lewis pouch utilized with a heavy wooden mallet to pulverize clear ice into gravel | 25. A single complete cycle of heating | 27. Historic colonial measure for a unit of spirits served with soda
2026-10-07,mini,Fast Five 6,A#####J/JURA##U/I##SMOG/#T#T#I#/PASILLA/#X####L/###SAGE,3. Narrow Scottish island neighboring Islay | 5. A thick | 8. Slender dried Mexican chilaca chili pepper delivering deep cocoa and dark raisin notes | 10. Velvety green garden herb with piney camphor notes shaken into savory modern gin smashes,1. Peruvian spicy yellow chili pepper muddled into fiery pisco sours and tropical drinks | 2. Bulbous ceramic or glass container used to dispense communal table punch | 4. Piedmontese province celebrated for sweet floral sparkling Moscato wines | 6. Volatile aromatic liquid expelled from citrus rinds to perfume the surface of a cocktail | 7. Federal excise duty levied on distilled spirits that sparked the historic Whiskey Rebellion | 9. Top-fermented malt brew produced with warm fermentation yeast strains
2026-10-07,midi,Coffee Break 6,##T###P####/FLOW#DRYICE/I#R#C#E##L#/R#C#O#S#SUM/#SHERBET#B#/#A##K#N#R##/LUSH##TWIST/#C####I#C##/#E#M#ANCHO#/GRAIN#G##A#/###X###RAKI,3. The calibrated fluid stream emerging from a speed pour spout into a metal jigger | 4. Solid frozen carbon dioxide pellets sublimating into heavy fog for bar presentations | 7. The total financial balance of a bar check encompassing food | 8. Historic citrus oleo-saccharum base paste mixed with fresh juice to anchor punch bowls | 10. A cocktail profile characterized by rich | 11. Strip of citrus peel curled expressively to release oils over a cocktail glass | 13. Dried poblano chile providing sweet raisin notes and smoky warmth to Mexican liqueurs | 15. Cereal crop seeds like rye barley corn and wheat that form the base mash of spirits | 16. Aniseed-flavored distilled spirit regarded as the national apéritif of Turkey,1. Butane culinary flame used behind the bar to caramelize herbs and toast sweet garnishes | 2. Placing the finished cocktail on a clean coaster before the guest with care | 3. Evergreen coniferous tree whose fresh needles infuse alpine gins and brandies | 5. Carbonated filtered water charged with dissolved sodium salts to impart clean fizzy effervescence | 6. Elastic natural bark harvested from Mediterranean cork oaks to seal fine wine and spirit bottles | 8. Wide shallow stemmed glassware originally designed for sparkling wine service | 9. Cocktail simple syrup prepared at a concentrated ratio of two parts sugar to one part water | 12. Pre-combined formulation of juices and modifiers designed for rapid assembly | 14. Wood barrel standard responsible for lending vanillin and wood tannins to aged spirits
2026-10-07,main,Heavy Hitter 6,BED############/I#U#O##S##C###A/TONKABEAN#OPTIC/E#K#K##B##C#I#A/#W##E#SAFROLE#I/MELON#P#I##I###/#L###MINT##PULL/ALE###C##P#####/#P#BLUE##O####R/#R#O#####SHOCHU/#E#T##K###E#H#M/#PEAT#INDIANA##/###B##W#O#D#ROW/##HAITI#GOSE##A/###G########MIX,1. The porous filter layer of crushed grain husks resting inside a mash tun during lautering | 7. Fragrant South American seed providing rich coumarin aromas evocative of vanilla | 8. Wall-mounted inverted measuring dispenser ubiquitous in British pubs to pour exact spirits | 11. Organic ether compound historically extracted from sassafras root to brew root beer | 14. Sweet honeydew or cantaloupe fruit whose aromatic essence flavors electric green liqueurs | 15. Herbaceous aromatic plant gently pressed or slapped to release essential oils in a Julep | 16. The deliberate physical stroke on a beer engine handle drawing real cask ale from the cellar | 17. Top-fermented malt brew produced with warm fermentation yeast strains | 19. Vibrant cyan tint imparted to tropical drinks by curaçao liqueur dyed with food-grade color | 21. Traditional Japanese distilled spirit crafted from barley | 25. Decomposed vegetable matter burned to dry barley malt and impart phenolic smoke | 26. Midwestern American state home to massive historic distillation facilities producing rye | 28. Linear alignment of bottles arranged along a speed rail or backbar shelf | 30. Caribbean nation renowned for its artisanal | 31. Historic German warm-fermented wheat beer style brewed with coriander seed and sea salt | 32. Pre-combined formulation of juices and modifiers designed for rapid assembly,1. Sharp alcohol burn or ginger heat perceived acutely on the palate | 2. German dark bottom-fermented lager style brewed with Munich malts delivering toasty bread notes | 3. Exhibiting the rich | 4. Ancient Italian syrup produced by slowly simmering unfermented grape must over open fires | 5. Cream of coconut shorthand | 6. Dark purple Brazilian Amazonian palm berry pureed into vibrant | 9. Formal uniform neckwear or the act of knotting a slender strip of citrus peel for garnish | 10. Stocking the primary speed rail with house spirits before doors open for service | 11. Dried aromatic bark seed or fruit like cinnamon or nutmeg used to season drinks | 12. The secure friction seal formed between two metal tins when locking a Boston shaker | 13. The outer rim of a glassware bowl where garnishes are balanced | 18. Point of sale computer terminal used by bartenders to enter drink orders and process checks | 19. Leather travel wine pouch equipped with a narrow nozzle for communal squirting | 20. Distilled spirit crafted directly from fermented sugarcane juice or molasses | 22. The volatile | 23. The blackened carbonized wood layer torched into the interior walls of new bourbon barrels | 24. Fuzzy emerald fruit featuring tart black seeds muddled into modern summer caipiroskas | 27. The classic Salty Dog cocktail combining vodka or gin with grapefruit juice in a salted glass | 29. Natural beeswax melted over bottle closures to protect aged vintage spirits from ambient oxygen
2026-10-08,mini,Quick Solve 7,C######/AIR##D#/R#AEJO#/BUG##W#/O##TING/Y##A##U/###BEAM,2. Delicate aerated foam or bubble cloud created with soy lecithin to crown modern cocktails | 5. Tequila matured in small wooden barrels for at least one year to impart amber wood nuances | 6. Wild ginger fermentation starter culture cultivated with sugar and water to brew ginger beer | 7. Effervescent Jamaican sparkling grapefruit soda frequently paired with overproof white rum | 9. Famous Kentucky bourbon distilling family synonymous with Clermont and white label whiskey,1. Large rigid glass or plastic jug used for fermenting beer or resting spirits | 3. Microfiber cloth or cotton towel deployed by a bartender to keep the service station dry | 4. Cocktail served chilled without ice in a stemmed glass after being shaken or stirred | 7. Running ledger of drink purchases settled at the conclusion of a bar visit | 8. Arabic tree exudate boiled with sugar to produce velvety gomme syrup
2026-10-08,midi,The Daily Grid 7,#####RADLER/#GROG#B###A/P#Y#U#S#C#G/RUE#MAITAI#/E#S###N#N##/S##MALT#T##/S#F#L#H#I#C/#PINENE#N#L/##G##E##A#E/GAS#MARASCA/#####T####N,1. German thirst-quenching hybrid drink blending crisp lager with citrus soda | 4. Historic Royal Navy drink of rum diluted with water citrus and raw sugar | 9. Intensely bitter aromatic herb used in ancient folk tonics and medicinal restorative cordials | 10. Legendary Trader Vic tiki cocktail spotlighting aged rum lime curaçao and almond orgeat | 11. Germinated barley dried in a kiln that forms the basis of single malt whiskies | 15. Sharp pine-scented terpene compound found in juniper berries rosemary and turpentine | 17. Carbon dioxide or nitrogen used to carbonate beverages and propel draught liquid through lines | 18. Small dark bitter cherry cultivated in Croatia used to distill Maraschino liqueur,2. Anise-rich high-proof green spirit that forms a cloudy louche when diluted with ice water | 3. Microfiber cloth or cotton towel deployed by a bartender to keep the service station dry | 5. Plural of the spicy American whiskeys distilled from a mash bill containing at least 51 percent rye | 6. Arabic tree exudate boiled with sugar to produce velvety gomme syrup | 7. Handheld hinged metal lever squeezer or wooden screw press extracting juice from fresh fruit | 8. Plural of the traditional Mexican drinking establishments historically serving botana snacks | 12. Top-fermented malt brew produced with warm fermentation yeast strains | 13. Plural of the sweet Mediterranean fruits macerated into autumnal brandies and rich syrups | 14. Palate descriptor for a neutral | 16. Spirits served at ambient room temperature directly from the bottle without ice
2026-10-08,main,The Masterpiece 7,##V##S###MALT##/DIACETYL####WEB/I#T##A####I#I##/S##PUBLICANESS#/TOT##L####K#T#S/I##APEROL#####T/L##N##O#E##ASTI/#FIT##E#W###A#N/#L###R##INN#LOG/BARSTOOLS###T#E/#M###C##BUCKS#R/PIPE#K##A#L####/#N###SMOG#YEAST/AGAVE#U###D##E#/#####AGE#MEDOC#,3. Germinated barley dried in a kiln that forms the basis of single malt whiskies | 5. Natural fermentation byproduct contributing a rich | 6. Tangled gossamer threads spun by cellar spiders across historic vintage wine bottles | 8. Historic term for a female manager | 9. Daily rum ration issued to Royal Navy sailors until Black Tot Day in 1970 | 11. Bright orange Italian bitter liqueur with low proof and zesty rhubarb-orange gentian notes | 14. Piedmontese province celebrated for sweet floral sparkling Moscato wines | 16. The secure friction seal formed between two metal tins when locking a Boston shaker | 18. Historic roadside public house providing food | 19. The official shift journal recording daily bar inventory | 20. Plural of the tall counter-side seats arranged along the perimeter of the drinking rail | 21. Plural of the historic highball drinks pairing a base spirit with ginger ale and citrus | 23. Traditional wooden cask size utilized for aging and shipping fortified port wine | 24. A thick | 26. Microscopic single-celled fungus responsible for converting sugar into ethanol and carbon dioxide | 28. Desert succulent plant whose harvested core is roasted and pressed to produce mezcal | 29. Maturation period inside a wooden cask that mellows raw distillate | 30. Prestigious Left Bank Bordeaux wine region celebrated for tannic,1. Enormous wooden or stainless vessel used for bulk spirit blending | 2. A cocktail foam or emulsion that maintains its structural aeration without collapsing | 4. Strip of citrus peel curled expressively to release oils over a cocktail glass | 5. To separate volatile alcohol vapor from boiling liquid wash inside a copper pot still | 7. Cuttlefish or squid pigment deployed to turn savory cocktails midnight black | 10. Classic stirred nightcap pairing Cognac with white crème de menthe served neat or on the rocks | 11. Roasted and crushed chicatana flying ant seasoning blended with salt to accompany neat mezcal | 12. Savory fish caviar served on mother-of-pearl spoons alongside chilled dry martinis | 13. Heavy canvas pouch into which ice cubes are placed to be crushed dry with a wooden mallet | 15. Mineral seasonings deployed to suppress perceived bitterness and heighten fruit flavors | 16. Igniting overproof spirits or expressed citrus oils to produce an aromatic flash of fire | 17. Solid chunks of ice or a classic short tumbler served with spirits over ice | 22. Historic Scottish river running through Glasgow that powered the Scotch export shipping trade | 25. Heavy handled vessel often crafted from copper or stoneware for cold drinks | 27. French wine and cordial label indicator denoting a dry profile
2026-10-09,mini,Morning Coffee 7,#FIASCO/#I#L#H#/STEEPED/Y####R#/ROOT#V#/U#A#TIP/POT##L#,1. Historic round straw-covered glass flask traditionally used to package Chianti wine | 4. Soaked in warm or ambient liquid to extract soluble flavors | 5. Underground plant tissue such as ginger or gentian that contributes grounding earthy notes | 7. Financial gratuity left by a patron to reward attentive hospitalian service | 8. Traditional bulbous copper alembic still utilized for rich batch distillation,1. The secure friction seal formed between two metal tins when locking a Boston shaker | 2. Top-fermented malt brew produced with warm fermentation yeast strains | 3. Delicate licorice-scented French garden herb utilized to infuse savory green botanical cordials | 4. Solution of dissolved sugar and water used as the primary liquid sweetening agent | 6. Cereal grain added to brewing mashes to contribute velvety mouthfeel and creamy head to stout
2026-10-09,midi,Midday Break 7,##J#DASH##P/C#A#I#O#C#O/U#POP#T#H#M/PEA##BORAGE/##N###L#M#L/#A#D#A##P#O/#N#OIL#BAG#/#S#U#E##G##/#W#BOSTONS#/#E#L##I#E##/FREEZING###,2. Standard micro-measurement dispensed from a bitters bottle with a single downward flick | 7. Audible sound of a sparkling wine cork release or colloquial term for soda | 8. Butterfly pea blossom steeped to create an indigo tea that turns bright violet when exposed to acid | 9. Edible star-shaped blue flower featuring a crisp cucumber flavor floated across historic summer cups | 13. Volatile aromatic liquid expelled from citrus rinds to perfume the surface of a cocktail | 14. Canvas Lewis pouch utilized with a heavy wooden mallet to pulverize clear ice into gravel | 15. Plural term for classic two-piece shakers combining a metal tin with a cheater glass | 17. Storing glassware or spirits at sub-zero temperatures to create dense frosted surfaces,1. East Asian island nation famed for highball perfection | 2. Quick immersion of glassware rims into juice or cordial before applying garnishes | 3. Regional northern Mexican spirit distilled from the desert spoon shrub rather than agave | 4. Large ancestral Southeast Asian citrus fruit delivering mild sweet grapefruit flavors | 5. Pimm's-based fruit and botanical cooler traditionally garnished with cucumber | 6. French sparkling wine produced exclusively within its eponymous region via method champenoise | 10. clue | 11. Measure consisting of two standard spirit pours or the act of double-straining | 12. Plural classification of top-fermented beers encompassing pale ales | 16. Metal vessel of a two-piece Boston shaker used to conduct thermal transfer
2026-10-09,main,Weekend Edition 7,####ALBA###BAG#/B###G#Y##TEA##P/AGAVE#R#M##G##H/R##I#ORDER#ALOE/M#INN#H#Z##Z##N/E##T#V##C#PORTO/N#MADEIRA#A#Y#L/###G#R##L#N#E#S/FREE#DATE#DASH#/I####I##R#A##I#/G##FIT#KILNS#G#/S#A##A##A##P#H#/##GRIST###TIP#G/RYE########L##A/##D#COCKTAILERS,1. Quercus alba or American white oak utilized for charred bourbon barrels | 3. Canvas Lewis pouch utilized with a heavy wooden mallet to pulverize clear ice into gravel | 5. Tannic herbal infusion frequently deployed as the diluting weak element in historic punches | 7. Desert succulent plant whose harvested core is roasted and pressed to produce mezcal | 10. The itemized drink ticket transmitted from the floor to the service well for preparation | 11. Succulent desert plant whose soothing | 12. Historic roadside public house providing food | 14. Traditional Portuguese geographic designation for rich fortified wines from the Douro | 16. Portuguese volcanic island renowned for producing fortified wines matured under heat | 17. Pouring technique where fluid volume is estimated accurately by mental tempo without jiggers | 18. Sweet desert palm fruit steeped into rich brandies and spiced syrups for winter punches | 19. Standard micro-measurement dispensed from a bitters bottle with a single downward flick | 21. The secure friction seal formed between two metal tins when locking a Boston shaker | 22. Plural of the large drying ovens where germinated barley is halted with warm air or peat smoke | 25. Coarsely ground malted barley milled between rollers and prepared for the hot mash tun | 26. Financial gratuity left by a patron to reward attentive hospitalian service | 28. Grain spirit that lends a dry and peppery spice backbone to a classic Manhattan | 29. Plural of the passionate drinks enthusiasts who frequent cocktail lounges to explore recipes,1. Maturation period inside a wooden cask that mellows raw distillate | 2. French fortified red wine apéritif aromatized with quinine bark and orange peel | 3. The fibrous crushed agave pulp remaining after extraction | 4. Plural of the professional hosts and mixologists working behind the hospitality counter | 6. Plural of the medicinal | 8. The specific harvest year declared on a bottle of fine champagne | 9. Specialized drinking establishment dedicated to showcasing regional and wild artisanal mezcals | 13. Plural of the bright green Mexican chasers blending pineapple juice | 14. Fragrant tropical green leaf delivering sweet basmati rice and vanilla perfume to modern drinks | 15. Plural of the spicy American whiskeys distilled from a mash bill containing at least 51 percent rye | 17. Plural of the sweet Mediterranean fruits macerated into autumnal brandies and rich syrups | 20. Glass style or drink format served long with sparkling mixer in a tall tumbler | 23. Liquid droplets caught safely inside the lower rubber grate of a bar service mat | 24. Matured inside charred or toasted wooden casks to pick up color and complexity | 27. Carbon dioxide or nitrogen used to carbonate beverages and propel draught liquid through lines
2026-10-10,mini,Brain Snack 7,##T#T#G/#BATIDA/W#R#N#R/ANT#GIN/L##C##I/E#MALTS/S##N##H,4. Traditional Brazilian long drink blending cachaça with fruit juice and sweetened milk | 6. Roasted and crushed chicatana flying ant seasoning blended with salt to accompany neat mezcal | 7. Botanical spirit flavored predominantly with aromatic juniper berries | 9. Plural of the germinated barley grains kiln-dried to produce single malt Scotch whiskies,1. Sharp mouth-puckering sourness derived from unripened fruit or fresh citrus | 2. Effervescent Jamaican sparkling grapefruit soda frequently paired with overproof white rum | 3. The decorative and aromatic citrus | 5. Celtic nation home to the revitalized Penderyn single malt whisky distillery in the Brecon Beacons | 8. Aluminum beverage container increasingly used for ready-to-drink craft cocktails
2026-10-10,midi,Brain Teaser 7,#M##W##F#H#/#I#VERDITAS/#S##L##Z#T#/SOTOL##Z###/P######EGG#/E#CHILLS#R#/L#U#C###BAT/TERPENES#I#/##D##E#LINE/GALLIANO###/##E##T#EYE#,5. Plural of the bright green Mexican chasers blending pineapple juice | 6. Regional northern Mexican spirit distilled from the desert spoon shrub rather than agave | 7. Emulsifying cocktail ingredient whose white yields a silky textural foam collar | 9. Reduces beverage temperature via thermodynamic heat exchange with ice cubes | 11. Iconic fruit bat symbol emblazoned across every bottle of Bacardi rum since 1862 | 12. Aromatic hydrocarbon compounds abundant in citrus rinds juniper berries and hops | 15. Insulated draught tubing delivering pressurized beer or pre-batched cocktails to bar taps | 16. Sweet herbal Italian liqueur presented in an iconic towering skyscraper bottle | 17. Colloquial term for a morning revitalizer cocktail or a drop of modifier,1. Fermented Japanese savory paste fat-washed into bourbon to impart deep brothy umami | 2. The primary sunken work station housing high-volume pouring spirits | 3. Category of tall refreshing drinks combining spirits citrus sugar and club soda | 4. Dense | 6. Ancient nutty cereal grain mashed and distilled into smooth | 8. Cereal crop seeds like rye barley corn and wheat that form the base mash of spirits | 9. The process where acidic citrus juices destabilize milk proteins during punch clarification | 10. The bartender's indispensable thermodynamic coolant and dilution control agent | 13. Spirits served at ambient room temperature directly from the bottle without ice | 14. Wild astringent blackthorn plum steeped with sugar and spirit to produce traditional sloe gin
2026-10-10,main,Brain Bender 7,##H#####P#Z#BOT/BUILD##MULE#I#U/##G#####B#SUB#B/#CHANNEL##T##D#/#R####Y###SHARP/#U#FUSELS##A#Y#/#S#I##O##S#B###/#H#N##PALOMAS##/FIT###E##T#N##S/#N##FUNGI#PEG#U/AGE#L#E####R##Z/N##BARRIL#POIRE/TIP#V###I####U#/#C#ROW#UNCAP#M#/#E##R###E####S#,4. Colloquial abbreviation for a glass bottle stored in the speed well | 6. Mixing technique assembling a cocktail directly inside the serving glass without a shaker | 7. The classic highball template combining a base spirit with spicy ginger beer and fresh lime | 8. To swap one spirit or modifier for another in a standard recipe to create a variation | 9. Specialized channel knife used to pare away long continuous spiral citrus peels | 12. Palate descriptor for intense | 14. Plural of the oily | 16. Plural of the refreshing Mexican national cocktail pairing tequila with grapefruit soda | 17. The secure friction seal formed between two metal tins when locking a Boston shaker | 19. Umami-rich woodland mushrooms infused into rye whiskeys for savory Manhattan cocktails | 20. Historic colonial measure for a unit of spirits served with soda | 21. Maturation period inside a wooden cask that mellows raw distillate | 22. Wild agave variety displaying a vertical trunk-like stalk that yields earthy spirits | 24. Clear French fruit eau-de-vie double-distilled from ripe Williams pears | 26. Financial gratuity left by a patron to reward attentive hospitalian service | 28. Linear alignment of bottles arranged along a speed rail or backbar shelf | 29. To pop the fluted metal crown cap off a craft beer or tonic water bottle using a bar blade,1. Glass style or drink format served long with sparkling mixer in a tall tumbler | 2. Traditional British drinking establishment named as an abbreviation of public house | 3. Plural of the micro-planed outer citrus skins used to infuse rich oleo-saccharum syrups | 4. Acronym for Bottled in Bond | 5. Large container packed with crushed ice to chill bottled beers and wines | 9. Shattering solid ice blocks into fine gravel using a canvas bag and wooden mallet | 10. Historic morning cocktail like a Corpse Reviver taken to soothe the previous night's excess | 11. Flavor descriptor denoting the complete absence of residual sweetness | 13. Fiery | 14. Delicate citrus peel wing trimmed to resemble a fish fin for garnish | 15. Archaic colloquial term for an habitual or notorious drinker | 18. Iconic French bittersweet apéritif distilled from wild yellow gentian roots | 19. The complete sensory synthesis of taste aroma temperature and mouthfeel | 21. Roasted and crushed chicatana flying ant seasoning blended with salt to accompany neat mezcal | 23. Insulated draught tubing delivering pressurized beer or pre-batched cocktails to bar taps | 25. Plural classification of cane-derived distillates encompassing dark | 27. The bartender's indispensable thermodynamic coolant and dilution control agent
2026-10-11,mini,Commuter Special 7,#S#GILL/POD###E/#J#NOSE/MULE##S/U##TIN#/L######/LINJE##,2. Historic British imperial liquid measure equivalent to one quarter of a pint | 4. Vanilla or cardamom seed vessel macerated into rich cocktail syrups | 5. The complex olfactory bouquet of aromas perceived above a cocktail glass | 6. The classic highball template combining a base spirit with spicy ginger beer and fresh lime | 7. Metal vessel of a two-piece Boston shaker used to conduct thermal transfer | 8. Norwegian aquavit matured in seasoned sherry casks that cross the equator twice on cargo ships,1. Clear Korean distilled spirit traditionally produced from rice or sweet potatoes | 3. Dead yeast cells and sediment settling to the bottom of wine and beer tanks | 5. Fine wire mesh screen used during double-straining to catch microscopic ice shards | 6. Process of heating cider or red wine with whole winter spices and citrus peels
2026-10-11,midi,Perfect Puzzler 7,###P#####N#/##GUAJILLO#/#S#P###E#R#/#H#I##TAMIS/#A#T###F##H/#KIRSCH#P#A/#I#E#O##E#N/#N###G#BARK/AGED#N#I#O#/J#Y#SALT#W#/ICED#C#E###,3. Fruity | 6. Flat circular drum sieve fitted with fine mesh used for straining syrups | 8. Clear German fruit eau-de-vie double-distilled from whole crushed morello cherries | 11. Angostura tree or cinchona covering harvested to yield bitter aromatic cocktail alkaloids | 13. Matured inside charred or toasted wooden casks to pick up color and complexity | 15. Mineral compound applied to glass rims to suppress perceived bitterness and heighten sweetness | 16. Thoroughly chilled with solid ice chunks or served over crystalline cubes in a tumbler,1. Hinged wooden A-frame riddling rack used to tilt and turn champagne bottles | 2. Toasted marine seaweed sheet clipped to glassware rims to provide maritime salinity | 4. Aromatic fresh plant leaf like spearmint | 5. Forceful back-and-forth movement in a tin that chills aerates and dilutes drinks | 7. The threaded metal pipe running through the bar wall connecting the beer line to the faucet | 9. Prestigious French grape brandy doubly distilled in copper alembics within Charentais | 10. Butterfly pea blossom steeped to create an indigo tea that turns bright violet when exposed to acid | 11. Sharp alcohol burn or ginger heat perceived acutely on the palate | 12. Linear alignment of bottles arranged along a speed rail or backbar shelf | 13. Peruvian spicy yellow chili pepper muddled into fiery pisco sours and tropical drinks | 14. Colloquial term for a morning revitalizer cocktail or a drop of modifier
2026-10-11,main,The Grand Grid 7,I##B###VAT#BITE/C#MALIC##A#A#A#/E##M###HOPPY#S#/S##B#R#O#S###T#/T#TOMATO##P#NEW/A##O#I#PROOF#R#/M####L####T##S#/PEA#T##F##A#D##/##S#I#GUEST#R##/##T#N##S##I#A#S/#LIMONCELLO#M#P/####N##L##NOBLE/S#BOTA#SIPS#U#Y/E#A#I###N###I##/CORONA##NUTMEG#,3. Enormous wooden or stainless vessel used for bulk spirit blending | 5. Sharp alcohol burn or ginger heat perceived acutely on the palate | 7. Crisp green apple acid dissolved into juices to acid-adjust them to standard lime strength | 8. Flavor profile characterized by intense floral bitterness and pine aromas from hop cones | 10. Juicy acidic red fruit forming the savory core of the Bloody Mary and Red Snapper | 12. Modern cocktail prefix designating contemporary regional classics like the New York Sour | 13. Traditional scale measuring the ethanol concentration of spirits at twice the ABV | 14. Butterfly pea blossom steeped to create an indigo tea that turns bright violet when exposed to acid | 19. A customer welcomed into a hospitality establishment to enjoy food | 21. Sweet southern Italian liqueur produced by steeping fresh Sorrento lemon peels in alcohol | 22. Traditional European aroma hop varieties like Saaz | 24. Traditional teardrop-shaped Spanish leather bladder used to squirt wine into the mouth | 25. Measured | 27. The crown of creamy foam resting atop a poured beer or a famous brand of Mexican lager | 28. Aromatic tropical seed freshly grated across milk punches flips and tropical cocktails,1. Heavy heated brass die utilized by mixologists to imprint custom monograms onto clear ice | 2. Low-ABV nineteenth-century aperitif created in Yokohama combining dry sherry dry vermouth and bitters | 4. Plural of the draught beer faucets lining the back counter of a modern public house | 5. Coastal cocktail family characterized by the Bay Breeze pairing vodka with fruit juices | 6. Plural of the professional evaluators assessing balance and aroma in wine and spirits | 8. Metal band hammered around barrel staves to compress and hold a cask together | 9. The front perimeter channel of the bar counter where patrons lean and drinks are presented | 11. Plural of the formal | 15. Piedmontese province celebrated for sweet floral sparkling Moscato wines | 16. Modern two-piece metal shaker set pairing a 28-ounce tin with an 18-ounce cheater tin | 17. Plural of the oily | 18. Scotch whisky liqueur sweetened with heather honey herbs and secret spices | 20. Fast-flowing Scottish river whose gravelly valley cradles the world's densest whisky region | 23. French wine and cordial label indicator denoting a dry profile | 24. The counter across which hospitality and mixed drinks are served | 26. Historic roadside public house providing food
2026-10-12,mini,Fast Five 7,#####B#/#CASCO#/#A#H#T#/SPEAR#L/K##K##U/I#PEATS/M##N##H,2. Spanish cooperage term for an oak barrel or wooden cask utilized for aging wines | 4. Long narrow strip of cucumber or pineapple used to adorn tall highballs | 6. Plural of the compressed decomposed bogs burned to smoke malting barley in Scotland,1. Colloquial abbreviation for a glass bottle stored in the speed well | 2. Protective closure over a bottle finish or the frothy crown atop a sour | 3. Agitated forcefully back and forth inside an iced metal tin to chill | 4. To remove floating fat caps | 5. A cocktail profile characterized by rich
2026-10-12,midi,Coffee Break 7,##GAS#Z####/#C##O#EYE##/TOAST#S##P#/#U##O#T##U#/ANGELSSHARE/#T#####O#E#/B######O###/L#R#FLIPS#D/AJI##U##U#O/C#CRISP#BIG/K#E##H#####,1. Carbon dioxide or nitrogen used to carbonate beverages and propel draught liquid through lines | 5. Colloquial term for a morning revitalizer cocktail or a drop of modifier | 6. The warm | 8. The natural percentage of liquid volume lost to evaporation through porous wood barrels over time | 12. Category of rich cocktails shaken with spirits sugar and an entire raw egg | 16. Peruvian spicy yellow chili pepper muddled into fiery pisco sours and tropical drinks | 17. Clean refreshing sensation produced by high acidity brisk carbonation and cold | 18. Large format geometric ice cube carved to minimize surface area and slow down dilution,2. Regional northern Mexican spirit distilled from the desert spoon shrub rather than agave | 3. Plural of the micro-planed outer citrus skins used to infuse rich oleo-saccharum syrups | 4. Mental timing system practiced by bartenders to pour accurate fluid measures without jiggers | 7. Distillate produced without additives artificial colorings or neutral grain cuts | 9. Metal band hammered around barrel staves to compress and hold a cask together | 10. The Black Russian cocktail combining pure vodka with coffee liqueur over cracked ice | 11. Polished cereal grain fermented with koji mold to brew Japanese sake and distilled into soju | 13. A cocktail profile characterized by rich | 14. To swap one spirit or modifier for another in a standard recipe to create a variation | 15. The classic Salty Dog cocktail combining vodka or gin with grapefruit juice in a salted glass
2026-10-12,main,Heavy Hitter 7,POP#BARTOOLS##S/I##O###A####ASH/PUBLICANESS#L#O/E##O###K#M#SEKT/S#URN##S#OAK###/#L#O#L###G#Y##C/#A#STIRS###E##H/#M#O#N#CUT##B#I/#B###J#H##S#R#L/#RIDGE#W##K#A#L/#U##I#BELGIUM#E/#S##N##P##M#BED/ACIDS##P#I##L##/#O#I#RUE#CORES#/#SAP###S#E#####,1. Audible sound of a sparkling wine cork release or colloquial term for soda | 2. The collective suite of professional hardware implements utilized in mixology | 6. Fine carbon residue produced from roasting agave hearts in subterranean earthen pit ovens | 7. Historic term for a female manager | 9. Traditional designation for German and Austrian sparkling wines produced in regional cellars | 10. Heated ceramic or metal dispensing vessel utilized to keep mulled wine and hot toddies warm | 11. Wood barrel standard responsible for lending vanillin and wood tannins to aged spirits | 15. Circular gentle rotations of a barspoon around a mixing glass to chill without bubbles | 17. The deliberate operational division separating heads | 20. Elevated mountain topography providing cool nights and high-acid terroir for wine grapes | 22. European brewing mecca world-renowned for Trappist monastery ales and wild lambics | 23. The porous filter layer of crushed grain husks resting inside a mash tun during lautering | 24. Plural of the organic chemical compounds like citric and malic acid that balance cocktail sugar | 27. Intensely bitter aromatic herb used in ancient folk tonics and medicinal restorative cordials | 28. Plural of the fibrous central parts of pineapples and apples removed before juicing | 29. Sweet raw fluid tapped from birch or maple trees fermented into regional wilderness wines,1. Plural of the large wooden casks used to age and ship fortified Portuguese port wine | 3. Plural of the large stainless steel fermentation and bright beer conditioning vessels | 4. Standard single measure of spirits consumed rapidly from a small heavy-bottomed glass | 5. Deep brown | 6. Top-fermented malt brew produced with warm fermentation yeast strains | 8. A thick | 9. Hebridean Scottish isle famous for sea-lashed | 12. Plural of the effervescent red and rosé wines produced in the Emilia-Romagna region of Italy | 13. Norwegian aquavit matured in seasoned sherry casks that cross the equator twice on cargo ships | 14. Brought down to near-freezing temperatures using ice or freezer storage | 16. Historic British carbonated beverage brand founded by Jacob Schweppe in Geneva in 1783 | 18. Modern British classic cocktail created by Dick Bradsell pairing gin sour with cassis | 19. To remove floating fat caps | 21. Plural classification of botanical distillates defined by dominant wild juniper berry aromatics | 25. Quick immersion of glassware rims into juice or cordial before applying garnishes | 26. The bartender's indispensable thermodynamic coolant and dilution control agent
2026-10-13,mini,Quick Solve 8,TUB#MIX/##L#U##/#HEAD#S/P#N###T/E#DRY#I/AGE###R/T#RAKIS,1. Large container packed with crushed ice to chill bottled beers and wines | 3. Pre-combined formulation of juices and modifiers designed for rapid assembly | 4. Dense frothy layer of foam resting atop a poured beer or shaken sour | 7. Flavor descriptor denoting the complete absence of residual sweetness | 8. Maturation period inside a wooden cask that mellows raw distillate | 9. Plural of the aniseed-flavored spirits served with cold water as Turkey's national drink,2. Motorized kitchen appliance featuring rotating blades used to make frozen drinks | 3. Sediment or rich dark slurry left at the base of poorly strained infusions | 5. Circular gentle rotations of a barspoon around a mixing glass to chill without bubbles | 6. Decomposed vegetable matter burned to dry barley malt and impart phenolic smoke
2026-10-13,midi,The Daily Grid 8,###M##D#P##/CAVAS#ROAST/H##T##Y#Y#A/RAG####C##P/Y##T##LINES/SALON##D#G#/L##R#B#E#G#/E##CHARRO##/R##H#T#S###/#EYE#######/###DOLINS##,4. Plural of the traditional-method Spanish sparkling wines crafted predominantly in Catalonia | 5. The thermal process of heavily kilning barley malts to produce dark chocolate and coffee notes | 7. Microfiber cloth or cotton towel deployed by a bartender to keep the service station dry | 10. Plural of the insulated draught tubing lines running from cold walk-in kegs to bar faucets | 12. A sophisticated private parlor or historic European lounge dedicated to refined drinking | 14. Charro Negro: popular Mexican highball combining blanco tequila | 15. Colloquial term for a morning revitalizer cocktail or a drop of modifier | 16. Plural representation of the crisp botanical vermouths produced in Chambery,1. Textured rubber runner placed beneath glassware on the bar rail to collect overflow droplets | 2. Flavor descriptor denoting the complete absence of residual sweetness | 3. To settle the itemized cocktail ledger before departing a hospitality establishment | 4. Vintage cocktail uniting French Cognac with dry vermouth | 6. Plural of the draught beer faucets lining the back counter of a modern public house | 8. Plural of the fermented apple beverages encompassing dry | 9. Singed with an open butane flame to release caramelized essential oils from fresh garnishes | 11. Emulsifying cocktail ingredient whose white yields a silky textural foam collar | 13. Iconic fruit bat symbol emblazoned across every bottle of Bacardi rum since 1862
2026-10-13,main,The Masterpiece 8,#B#S#D#DILUTION/HUMULENE###I#L#/#N#M#C#E#LIPIDS/EGG##A#P######T/#S#C#N##CHIP##O/##HOSTED###L##U/###L#E###NEAT#T/#ELDER###E#T###/###E#STRAWTEST#/BYRRH##A####A##/I####INN#A##LIP/TOP####CURDLE#I/E##P#F#I#O##RUN/###AMARO#M##S#A/DOWN#T##SABA##S,4. The controlled release of chilled water into a cocktail via ice melting during shaking or stirring | 7. Woody and spicy terpene compound found in noble European hops that seasons fine pilsners | 8. Fat molecules like butter or duck fat infused into spirits during the fat-washing process | 10. Emulsifying cocktail ingredient whose white yields a silky textural foam collar | 12. Aromatic hardwood shaving burned inside a smoking gun to flavor cocktails under a cloche | 14. Welcomed and attended to with empathetic generosity by a professional bartender | 15. Spirits served at ambient room temperature directly from the bottle without ice | 16. Elderflower or elderberry plant whose blossoms yield fragrant | 17. Quality control ritual using a finger-capped straw to sample a drop of cocktail | 20. French fortified red wine apéritif aromatized with quinine bark and orange peel | 21. Historic roadside public house providing food | 23. The outer rim of a glassware bowl where garnishes are balanced | 25. To fill the remaining headspace of a tall glass with soda | 26. The process where acidic citrus juices destabilize milk proteins during punch clarification | 29. A single complete cycle of heating | 30. Italian herbal liqueur macerated with bitter roots and botanicals drunk as a digestif | 31. Cocktail served chilled without ice in a stemmed glass after being shaken or stirred | 32. Ancient Italian syrup produced by slowly simmering unfermented grape must over open fires,1. Plural of the wooden or rubber stoppers hammered into barrel holes to seal aging spirits | 2. The total financial balance of a bar check encompassing food | 3. Plural of the heavy cut-crystal bottles used to aerate fine wines and showcase aged spirits | 4. Sensory descriptor for layered | 5. Financial gratuity left by a patron to reward attentive hospitalian service | 6. Historic classification for vintage cocktail formulas or Victorian sweetened Old Tom gin | 9. Very dark top-fermented ale brewed with roasted malts delivering coffee and chocolate notes | 11. Thermodynamic state achieved inside a shaker tin through rapid ice melt | 13. Horizontal perforated bubble tray inside a continuous column still separating vapor fractions | 15. Modern cocktail prefix designating contemporary regional classics like the New York Sour | 18. Complex | 19. Centuries-old French gentian apéritif produced in the volcanic Massif Central | 20. Sharp alcohol burn or ginger heat perceived acutely on the palate | 22. Volatile scent compounds perceived orthonasally or retronasally that govern flavor | 24. Plural of the trimmed hearts of agave plants roasted to yield mezcal and tequila | 27. Heavy copper or stainless saucepan used behind the bar to gently simmer simple syrups | 28. Rich lipid substance like melted butter
2026-10-14,mini,Morning Coffee 8,EGG#PAN/#E##E#I/AROMA#P/#M###O#/BAIJIU#/#N###Z#/RYE#TOT,1. Emulsifying cocktail ingredient whose white yields a silky textural foam collar | 3. Heavy copper or stainless saucepan used behind the bar to gently simmer simple syrups | 5. Volatile scent compounds perceived orthonasally or retronasally that govern flavor | 7. Clear | 8. Grain spirit that lends a dry and peppery spice backbone to a classic Manhattan | 9. Daily rum ration issued to Royal Navy sailors until Black Tot Day in 1970,2. The European brewing heartland renowned for pristine pilsners | 3. Butterfly pea blossom steeped to create an indigo tea that turns bright violet when exposed to acid | 4. A diminutive pour or pocket-sized serving of spirits | 6. Sweet aromatic Greek apéritif distilled with anise mint and spices
2026-10-14,midi,Midday Break 8,TAG#TART##B/#S####I###R/SHARD#C#BEE/##C###E#R#W/BRINE#STEAM/A#D##S##A#A/Y#CHILLED#S/##U##O####T/#CROZE#SAGE/##D#####L#R/####VALVE##,1. Printed label attached to a bottle neck declaring vintage | 3. Sharp mouth-puckering sourness derived from unripened fruit or fresh citrus | 6. Sharp needle of ice caught by a fine-mesh cone strainer during the double-straining pass | 8. The industrious insect whose sweet wildflower honey anchors the Prohibition Bee's Knees | 9. Salty | 10. High-temperature water vapor pumped through still jackets to boil distillation washes | 12. Brought down to near-freezing temperatures using ice or freezer storage | 13. The circular groove carved into the interior ends of barrel staves to seat the head | 14. Velvety green garden herb with piney camphor notes shaken into savory modern gin smashes | 16. The mechanical flow-control device inside a tap or pressure tank regulating liquid output,2. Fine carbon residue produced from roasting agave hearts in subterranean earthen pit ovens | 4. Plural of the cultivated grains fermented into Japanese sake and distilled into Korean soju | 5. Lead technical expert responsible for recipe development | 7. The coagulated milk proteins formed when citrus curdles milk during punch clarification | 8. Sensory descriptor for toasty brioche and yeast notes developed in vintage champagne | 9. Coastal cocktail family characterized by the Bay Breeze pairing vodka with fruit juices | 11. Wild astringent blackthorn plum steeped with sugar and spirit to produce traditional sloe gin | 15. Top-fermented malt brew produced with warm fermentation yeast strains
2026-10-14,main,Weekend Edition 8,##CARBOY###FAT#/##U##A######I##/##P##G######RAW/S###HAT####P##I/MUGS#Z##U#CORES/O#I#DOLINS#S##P/G#B#E###D##S###/##S#N#SWEETEN##/BOOTS#T#R##T###/R#N#I#RIB#A###P/I#SOT#A#AUSTRIA/N###Y#I#R#H###L/YUZU#INN###NOSE/######E####O#O#/##SAVORY#FIGGY#,1. Large rigid glass or plastic jug used for fermenting beer or resting spirits | 3. Rich lipid substance like melted butter | 5. Unrefined natural sugar or raw unpasteurized egg white used to create a silky sour foam | 8. Dense | 10. Plural of the heavy copper or ceramic handled vessels utilized to serve icy Moscow Mules | 13. Plural of the fibrous central parts of pineapples and apples removed before juicing | 14. Plural representation of the crisp botanical vermouths produced in Chambery | 15. To introduce simple syrup honey or fruit cordials to balance sharp cocktail acids | 16. Novelty boot-shaped glass beer vessels utilized in lively German drinking traditions | 17. Crisp stalk of fresh green celery trimmed to garnish a savory Bloody Mary or Red Snapper | 20. Archaic colloquial term for an habitual or notorious drinker | 21. Alpine country celebrated for apricot marillen schnapps and crisp Grüner Veltliner wines | 22. Tart aromatic East Asian citrus fruit bridging the flavors of lemon and grapefruit | 23. Historic roadside public house providing food | 24. The complex olfactory bouquet of aromas perceived above a cocktail glass | 26. Umami-rich flavor profile highlighting tomato celery sea salt and culinary herbs | 27. Sensory tasting descriptor for rich,1. Pimm's-based fruit and botanical cooler traditionally garnished with cucumber | 2. The fibrous crushed agave pulp remaining after extraction | 4. Delicate aerated foam or bubble cloud created with soy lecithin to crown modern cocktails | 6. A delicate curling thread of aromatic hardwood smoke trapped beneath a presentation cloche | 7. A thick | 9. Historic British restorative beverage crafted from hot curdled spiced milk mixed with ale or sack | 11. Plural of the savory Martini variation adorned with pickled pearl onions | 12. Stainless steel work cabinetry and sinks situated beneath the primary bar counter | 14. Mass per unit volume of a fluid that determines layering behavior in a pousse-café | 15. Metal bar utensil like a Hawthorne or Julep used to hold back ice during the pour | 16. Salty oceanic flavor profile typical of coastal single malts and olive dirty martinis | 18. Fine carbon residue produced from roasting agave hearts in subterranean earthen pit ovens | 19. Light-hued ale style characterized by crisp malt profiles and aromatic hops | 24. Rich holiday beverage crafted with beaten eggs cream sugar and spirits | 25. Fermented umami-rich soybean sauce deployed in micro-drops to season savory modern martinis
2026-10-15,mini,Brain Snack 8,#STAVES/###N##O/PORTS#T/L#U###O/U#BASIL/M#Y#U##/S###MUG,1. Narrow beveled wooden planks bent and hooped together to form a barrel | 4. Plural of the fortified Portuguese sweet dessert wines aged in seasoned wooden pipes | 6. Pungent green garden herb muddled into modern gin smashes and savory drinks | 8. Heavy handled vessel often crafted from copper or stoneware for cold drinks,2. Roasted and crushed chicatana flying ant seasoning blended with salt to accompany neat mezcal | 3. Regional northern Mexican spirit distilled from the desert spoon shrub rather than agave | 4. Plural of the stone fruits macerated into sweet | 5. Deep red fortified port wine style matured in vats to preserve vibrant young fruit notes | 7. The total financial balance of a bar check encompassing food
2026-10-15,midi,Brain Teaser 8,##P#ROE###B/CRUSH###KIR/A#N#I##U##I/R#CONGENERS/D#H#E##D##K/I#Y###BEER#/N####H#R###/ASH##I#BARS/L##PIG#E#O#/E##I#HORNO#/#OATS##G#T#,2. Savory fish caviar served on mother-of-pearl spoons alongside chilled dry martinis | 4. Pulverized ice fractured into small irregular pieces to deliver rapid chilling in cobblers | 5. Classic French apéritif combining crème de cassis with a pour of crisp dry white Aligoté wine | 7. Plural of the trace chemical compounds produced during fermentation that grant distinct spirit flavors | 8. Effervescent fermented malt beverage known as humanity's oldest alcoholic drink | 10. Fine carbon residue produced from roasting agave hearts in subterranean earthen pit ovens | 11. Plural of the commercial hospitality establishments licensed to serve alcoholic beverages | 13. Historic term for a clandestine unlicensed 19th-century saloon | 14. Traditional masonry steam oven used to slowly bake agave hearts for tequila | 15. High-protein cereal grain added to brewing mashes to create silky,1. Possessing bold spirit strength and concentrated vibrant flavor intensity | 2. Historic German river valley celebrated worldwide for steep slate vineyards producing Riesling | 3. Sharp invigorating sensation delivered by dry sparkling ciders and gin highballs | 4. Roman cocktail variation of the classic Negroni substituting dry vermouth for sweet vermouth | 6. Renowned German herbal digestive tonic packaged in single-serving straw-wrapped bottles | 9. Glass style or drink format served long with sparkling mixer in a tall tumbler | 12. Underground plant tissue such as ginger or gentian that contributes grounding earthy notes | 13. Subterranean earthen conical oven filled with burning hardwood used to roast agave hearts
2026-10-15,main,Brain Bender 8,#C##C##########/MALTY#V#R#BATCH/#B##N#O#A###O##/##BRANDYCRUSTA#/P#I#R#K#K##L##D/E#B##BAR##RIDGE/T##L#I##Z##C##E/N#EARTHQUAKE##P/A##C##A#C#I####/TASTE#T#C#RIM#U/#V#O#O#TAX####N/LEAN#A#E####C#C/#R#EXTRAANEJO#A/#N#S##Y#####CUP/SAP#CHELADA#O##,3. Flavor profile characterized by sweet | 6. Large-scale advance preparation of cocktails to ensure consistency and service speed | 8. Pre-Prohibition New Orleans classic created by Joseph Santini featuring an all-over sugar rim | 12. The counter across which hospitality and mixed drinks are served | 13. Elevated mountain topography providing cool nights and high-acid terroir for wine grapes | 16. Potent equal-parts Parisian libation uniting high-proof absinthe with French Cognac | 19. Primary gustatory sensory perception detecting sweet sour salty bitter and umami | 21. Circumference of a cocktail glass often coated with citrus juice and salt or sugar | 24. Federal excise duty levied on distilled spirits that sparked the historic Whiskey Rebellion | 25. A bone-dry cocktail formulation prepared with minimal sweetening agents to emphasize spirit | 27. Tequila classification indicating spirit aged inside oak casks for a minimum of three full years | 29. Pimm's-based fruit and botanical cooler traditionally garnished with cucumber | 30. Sweet raw fluid tapped from birch or maple trees fermented into regional wilderness wines | 31. Crisp Mexican beer serve seasoned simply with fresh Persian lime juice and a sea salt rim,1. Colloquial bar patron order shorthand for a glass of dry Cabernet Sauvignon red wine | 2. Bitter Italian amaro infused with artichoke leaves and a proprietary blend of botanicals | 4. Neutral spirit distilled from grain or potatoes and charcoal-filtered to pristine clarity | 5. Multi-tiered stainless steel hanging rail holding high-frequency pouring bottles at hip height | 7. Daily rum ration issued to Royal Navy sailors until Black Tot Day in 1970 | 8. Acronym for Bottled in Bond | 9. Flat triangular or wedge-shaped cutting of fresh fruit applied to a cocktail rim | 10. Pétillant Naturel: rustic sparkling wine bottled before initial alcoholic fermentation completes | 11. Sensory descriptor for layered | 12. Colloquial abbreviation for a micro-dose dash of aromatic bitters | 14. Plural of the oak-derived chemical compounds that impart sweet coconut and woody nuances | 15. Historic Italian amaro flavored with Chinese rhubarb root and cardamom | 17. Dense | 18. Classic French apéritif combining crème de cassis with a pour of crisp dry white Aligoté wine | 20. Celebrated Sicilian amaro from Caltanissetta rich with candied citrus peel | 22. To pop the fluted metal crown cap off a craft beer or tonic water bottle using a bar blade | 23. Cereal grain added to brewing mashes to contribute velvety mouthfeel and creamy head to stout | 24. Tannic herbal infusion frequently deployed as the diluting weak element in historic punches | 26. Cream of coconut shorthand | 28. Grain spirit that lends a dry and peppery spice backbone to a classic Manhattan
2026-10-16,mini,Commuter Special 8,#SEC#M#/###HEAD/ASTI#T#/#H#L##P/TABERNA/#V####L/#E#LINE,1. French wine and cordial label indicator denoting a dry profile | 4. Dense frothy layer of foam resting atop a poured beer or shaken sour | 5. Piedmontese province celebrated for sweet floral sparkling Moscato wines | 8. Historic regional Mexican term for an artisanal distillery producing agave spirits | 9. Insulated draught tubing delivering pressurized beer or pre-batched cocktails to bar taps,2. Pungent capsicum pepper muddled into spicy margaritas to deliver direct tongue heat | 3. Textured rubber runner placed beneath glassware on the bar rail to collect overflow droplets | 6. Ultra-fine snow-like ice scraped from a clear block to build mounded julep presentations | 7. Light-hued ale style characterized by crisp malt profiles and aromatic hops
2026-10-16,midi,Perfect Puzzler 8,BIB#####B#M/E#ITALY#ALE/D#G##I##R#L/#M###M####O/SAFFRON#TIN/#U###N##W#C/#I#CLEARICE/##S##N##S#L/COASTER#T#L/A#L####AEJO/BITING##D##,1. Acronym for Bottled in Bond | 5. Mediterranean country that birthed the Negroni | 7. Top-fermented malt brew produced with warm fermentation yeast strains | 9. Exotic crimson spice stigmas harvested from crocus flowers lending yellow hue and aroma to Strega | 10. Metal vessel of a two-piece Boston shaker used to conduct thermal transfer | 11. Crystal-clear ice devoid of air bubbles created by directional freezing methods | 13. Absorbent cardboard | 14. Tequila matured in small wooden barrels for at least one year to impart amber wood nuances | 15. Astringent sharp sensation on the tongue caused by high acidity or un-aged alcohol,1. The porous filter layer of crushed grain husks resting inside a mash tun during lautering | 2. Large format geometric ice cube carved to minimize surface area and slow down dilution | 3. The counter across which hospitality and mixed drinks are served | 4. Creamy Italian melon liqueur prepared by blending pureed cantaloupe with alcohol and cream | 6. The dominant terpene hydrocarbon found in the cold-pressed oils of fresh citrus peels | 8. Hawaiian tropical island whose pineapples and sugar cane inspire exotic tiki punch bowls | 10. Curled into a tight spiral to express essential citrus oils across the surface of a cocktail | 12. Mineral compound applied to glass rims to suppress perceived bitterness and heighten sweetness | 13. Colloquial bar patron order shorthand for a glass of dry Cabernet Sauvignon red wine
2026-10-16,main,The Grand Grid 8,###PITCHER#BOX#/SEC######O#I##T/P#O#MASHTUNS##A/E#S##I#O#G#T##N/C#M##R#T#E#R##G/STOPPER#W#HOPPY/#E#U#N##I#Y##U#/MAPLE#P#S#D#OLD/#S#L#COOPERS#P#/#P####S###A##S#/#O#ANT#G##T#P#C/COOL##VAMPIRO#A/#N#O###S##N#URN/##HEADS##AGAR##/############S##,1. Large glass or ceramic jug equipped with a handle and spout for serving table drinks | 3. Cellar storage crate or modern bag-in-box wine packaging format | 4. French wine and cordial label indicator denoting a dry profile | 7. Plural of the insulated vessels where milled grains steep in hot water to convert starches | 10. Decorative glass cork or rubber plug used to seal decanters and opened bottles | 14. Flavor profile characterized by intense floral bitterness and pine aromas from hop cones | 16. Tree sap boiled into rich syrup providing autumnal wood notes to brown spirits | 18. Historic classification for vintage cocktail formulas or Victorian sweetened Old Tom gin | 19. Plural of the master craftsmen who construct | 20. Roasted and crushed chicatana flying ant seasoning blended with salt to accompany neat mezcal | 24. To gently lower the temperature of a beverage or glassware prior to service | 25. Popular Mexican cocktail shaking tequila with spicy sangrita | 26. Heated ceramic or metal dispensing vessel utilized to keep mulled wine and hot toddies warm | 27. The volatile | 28. Plant-based gelatin extracted from red algae utilized for freeze-thaw cocktail clarification,2. French classification for sweet red vermouth or rich red table wine | 3. Intimate | 4. The precise ingredient measurements and operational steps defining a standard cocktail recipe | 5. Colloquial abbreviation for the pink Cosmopolitan cocktail shaken with citron vodka and cranberry | 6. Palate descriptor for a mouth-watering sweet-and-sour fruit balance that stimulates saliva | 8. Drought-resistant Spanish white grape variety widely planted to distill Brandy de Jerez | 9. Serving temperature suited for a buttered rum or winter toddy | 11. Small measure equivalent to one-sixth of a fluid ounce or five milliliters | 12. The deliberate physical stroke on a beer engine handle drawing real cask ale from the cellar | 13. A delicate curling thread of aromatic hardwood smoke trapped beneath a presentation cloche | 14. Soaking dried botanicals in warm water or spirit to re-open cell walls | 15. Plural of the juicy fruit solids strained out of freshly pressed lemons and limes | 17. Point of sale computer terminal used by bartenders to enter drink orders and process checks | 20. Succulent desert plant whose soothing | 21. Carbon dioxide or nitrogen used to carbonate beverages and propel draught liquid through lines | 22. Dispenses measured volumes of liquor from a bottle neck into a jigger or mixing tin | 23. Aluminum beverage container increasingly used for ready-to-drink craft cocktails
2026-10-17,mini,Fast Five 8,VAT#BAT/A#U#A##/T#BARKS/S###T#O/#G##E#Y/JAPAN##/#S##DEN,1. Enormous wooden or stainless vessel used for bulk spirit blending | 3. Iconic fruit bat symbol emblazoned across every bottle of Bacardi rum since 1862 | 4. Plural of the dried tree coverings like cinchona and angostura providing bitter cocktail alkaloids | 7. East Asian island nation famed for highball perfection | 8. Intimate subterranean cocktail lounge or cozy neighborhood retreat dedicated to fine drinks,1. Plural of the massive wooden or stainless bulk holding tanks used to marry blended spirits | 2. Large container packed with crushed ice to chill bottled beers and wines | 3. To professionally mix cocktails | 5. Fermented umami-rich soybean sauce deployed in micro-drops to season savory modern martinis | 6. Carbon dioxide or nitrogen used to carbonate beverages and propel draught liquid through lines
2026-10-17,midi,Coffee Break 8,#M##P#F#GAS/MUDDLERS##U/#D##U#A#TAB/####GINS#C#/###L##C#PIT/##COOPER#D#/#A#W#U#A#I#/#CAB#L#CUT#/#A#A#L#K#Y#/MILL#######/###LUSH####,4. Carbon dioxide or nitrogen used to carbonate beverages and propel draught liquid through lines | 6. Plural of the hardwood or composite mallets used to crush herbs and citrus | 7. Running ledger of drink purchases settled at the conclusion of a bar visit | 9. Plural classification of botanical distillates defined by dominant wild juniper berry aromatics | 11. Subterranean earthen conical oven filled with burning hardwood used to roast agave hearts | 12. Skilled artisan craftsman who fabricates and repairs wooden barrels and casks | 16. Colloquial bar patron order shorthand for a glass of dry Cabernet Sauvignon red wine | 17. The deliberate operational division separating heads | 18. Heavy grooved roller machinery that pulverizes malted barley into grist before mashing | 19. A cocktail profile characterized by rich,1. Sediment or rich dark slurry left at the base of poorly strained infusions | 2. Heavy expandable rubber or metal expansion stopper used to seal open sparkling wine bottles | 3. European nation celebrated for Cognac | 5. To swap one spirit or modifier for another in a standard recipe to create a variation | 8. The crisp tart biting chemical sensation imparted by citric malic or tartaric acids | 10. Short flat-bottomed tumbler identical to an Old Fashioned or rocks glass | 13. The deliberate physical stroke on a beer engine handle drawing real cask ale from the cellar | 14. Multi-tiered stainless steel hanging rail holding high-frequency pouring bottles at hip height | 15. Dark purple Brazilian Amazonian palm berry pureed into vibrant
2026-10-17,main,Heavy Hitter 8,#TWIGS#####B###/##A###STIRRED##/##RIB##O#I#L###/L#M#R##T#MELON#/E##WINE#B###P##/A###N#X#U#P#T#H/FIGGY#T#CLARIFY/##R###R#K#N#C#S/ALOE#BARS#####S/L#W###C#F#GAS#O/E#LECITHIN##POP/M#E#R#I#Z#K#E##/B#R#U#N#ZIN#AJI/I###S#G###O#R#N/CAN#H###VATS##K,1. Plural of the woody botanical sprigs like thyme and rosemary deployed as fragrant garnishes | 4. Mixed smoothly with a barspoon around ice cubes to chill without aerating or clouding | 7. Crisp stalk of fresh green celery trimmed to garnish a savory Bloody Mary or Red Snapper | 10. Sweet honeydew or cantaloupe fruit whose aromatic essence flavors electric green liqueurs | 12. Fermented beverage crafted from the juice of vitis vinifera grapes | 17. Sensory tasting descriptor for rich | 19. To remove suspended solids and pectins from juices or punch using centrifuges agar or milk curds | 20. Succulent desert plant whose soothing | 21. Plural of the commercial hospitality establishments licensed to serve alcoholic beverages | 22. Carbon dioxide or nitrogen used to carbonate beverages and propel draught liquid through lines | 24. Natural lipid emulsifier derived from soy or egg yolks used to create airy foams | 26. Audible sound of a sparkling wine cork release or colloquial term for soda | 28. Colloquial bar patron order shorthand for a pour of jammy Californian Zinfandel wine | 29. Peruvian spicy yellow chili pepper muddled into fiery pisco sours and tropical drinks | 31. Aluminum beverage container increasingly used for ready-to-drink craft cocktails | 32. Plural of the massive wooden or stainless bulk holding tanks used to marry blended spirits,2. Serving temperature suited for spiced mulled ales and hot buttered rum | 3. Bell-shaped Japanese jigger or the Division Bell mezcal cocktail created in New York | 5. Daily rum ration issued to Royal Navy sailors until Black Tot Day in 1970 | 6. Circumference of a cocktail glass often coated with citrus juice and salt or sugar | 8. Salty oceanic flavor profile typical of coastal single malts and olive dirty martinis | 9. Aromatic fresh plant leaf like spearmint | 11. Wall-mounted inverted measuring dispenser ubiquitous in British pubs to pour exact spirits | 13. Pulling soluble chemical compounds out of plant matter using ethanol | 14. Historic British brunch cocktail created at the Buck's Club pairing champagne with orange juice | 15. Heavy copper or stainless saucepan used behind the bar to gently simmer simple syrups | 16. Blue-flowered garden herb infused into Green Chartreuse and absinthe to impart herbal complexity | 18. Airtight glass or stainless jug used to carry draft beer home from a brewery | 20. Historic copper distillation vessel featuring a rounded boiler and curved swan neck | 23. Long narrow strip of cucumber or pineapple used to adorn tall highballs | 25. Pulverized ice fractured into small irregular pieces to deliver rapid chilling in cobblers | 27. Decorative knot tied into a long strip of citrus peel before floating it across a drink | 30. Cuttlefish or squid pigment deployed to turn savory cocktails midnight black
2026-10-18,mini,Quick Solve 9,DRIP###/###E##Z/##JAM#I/T###URN/WARMS#G/I#I#T##/G#MASH#,1. The slow | 4. Preserved fruit spread shaken into modern sours to deliver immediate fruit body and sweetness | 7. Heated ceramic or metal dispensing vessel utilized to keep mulled wine and hot toddies warm | 8. Gently raises the temperature of a spiced holiday ale or mulled winter wine before serving | 10. Mixture of crushed grains and hot water steeped to convert starches into fermentable sugars,2. Butterfly pea blossom steeped to create an indigo tea that turns bright violet when exposed to acid | 3. The lively palate prickle created by a sharp burst of fresh citrus and active effervescence | 5. Plural of the freshly pressed unfermented grape juices containing skins | 6. Woody botanical sprig of rosemary or thyme torched over a cocktail glass as a smoking garnish | 9. Circumference of a cocktail glass often coated with citrus juice and salt or sugar
2026-10-18,midi,The Daily Grid 9,SECCO##C##B/M##A#HOOP#O/O#ASH##P##C/K##K#W#PINK/E#DOSAGE###/#R#A#S#ROOT/#O#K#H####W/PEG##B##AJI/I##A#A##L#G/PUBLICANESS/E##E#K##S##,1. Italian wine and vermouth label descriptor denoting a dry crisp finish | 5. Metal band hammered around barrel staves to compress and hold a cask together | 6. Fine carbon residue produced from roasting agave hearts in subterranean earthen pit ovens | 8. Delicate pastel hue of pink gin seasoned with Angostura bitters or the gin Pink Lady | 9. Sweet wine and sugar mixture added to champagne bottles following disgorgement | 11. Underground plant tissue such as ginger or gentian that contributes grounding earthy notes | 13. Historic colonial measure for a unit of spirits served with soda | 14. Peruvian spicy yellow chili pepper muddled into fiery pisco sours and tropical drinks | 16. Historic term for a female manager,1. Dense vapor generated by burning oak or applewood chips beneath a presentation cloche | 2. Oak wood utilized to fabricate maturation barrels for wines and spirits | 3. Malleable reddish metal used to fabricate distillation stills and mule mugs | 4. Strong bottom-fermented German lager style brewed to celebrate seasonal transitions | 7. Large wooden or stainless steel vat where sweet grain wort ferments with yeast into beer wash | 10. Savory fish caviar served on mother-of-pearl spoons alongside chilled dry martinis | 12. Plural of the woody botanical sprigs like thyme and rosemary deployed as fragrant garnishes | 13. Traditional wooden cask size utilized for aging and shipping fortified port wine | 14. Plural classification of top-fermented beers encompassing pale ales | 15. Top-fermented malt brew produced with warm fermentation yeast strains
2026-10-18,main,The Masterpiece 9,###SYRAH##NOSE#/C####A#E#P##P##/OUZO#GUAJILLO##/L##C###D#T##O##/ASHEN#####F#N#B/#I#A##TOBALAS#E/LEAN##A#A#I###N/#V##TANGY#POIRE/PEAT##N###S#S#D/###O##I#R##NORI/#BARTENDERS#M#C/#I#C##S#D#K#ANT/#N#H#A#C##Y#L#I/##BELGIUM#E#TIN/###S#E#P######E,1. Dark | 4. The complex olfactory bouquet of aromas perceived above a cocktail glass | 8. Sweet aromatic Greek apéritif distilled with anise mint and spices | 10. Fruity | 11. Tasting of campfire ash and wood embers | 15. Plural of the tiny wild mountain agaves celebrated for yielding intensely floral | 17. A bone-dry cocktail formulation prepared with minimal sweetening agents to emphasize spirit | 18. Palate descriptor for a mouth-watering sweet-and-sour fruit balance that stimulates saliva | 19. Clear French fruit eau-de-vie double-distilled from ripe Williams pears | 21. Decomposed vegetable matter burned to dry barley malt and impart phenolic smoke | 24. Toasted marine seaweed sheet clipped to glassware rims to provide maritime salinity | 25. Plural of the hospitable professionals who mix drinks and take care of patrons at the bar | 27. Roasted and crushed chicatana flying ant seasoning blended with salt to accompany neat mezcal | 30. European brewing mecca world-renowned for Trappist monastery ales and wild lambics | 31. Metal vessel of a two-piece Boston shaker used to conduct thermal transfer,2. Microfiber cloth or cotton towel deployed by a bartender to keep the service station dry | 3. Dense frothy layer of foam resting atop a poured beer or shaken sour | 5. Long spiral-handled utensils designed to smoothly rotate around mixing glasses | 6. Effervescent sweet brown soda flavored with citrus oils cinnamon and vanilla | 7. Subterranean earthen conical oven filled with burning hardwood used to roast agave hearts | 9. Sensory descriptor for salty sea spray and briny seaweed aromas in coastal Scotch whiskies | 12. Utensil featuring a woven wire mesh screen used to separate liquids from solids | 13. Category of rich cocktails shaken with spirits sugar and an entire raw egg | 14. Historic herbal liqueur crafted in Normandy using a secret recipe of 27 plants and spices | 15. Astringent polyphenol compounds extracted from grape skins and charred oak staves | 16. Coastal cocktail family characterized by the Bay Breeze pairing vodka with fruit juices | 20. Sugar alcohol utilized by modern mixologists to blow structural clear sugar garnishes | 22. Plural of the culinary butane tools utilized by bartenders to singe peel oils and herbs | 23. Vibrant crimson tint characteristic of an Italian bitter apéritif or sweet vermouth | 25. Insulated stainless steel ice compartment in a cocktail well or cellar wine storage cubby | 26. Hebridean Scottish isle famous for sea-lashed | 28. Maturation period inside a wooden cask that mellows raw distillate | 29. Pimm's-based fruit and botanical cooler traditionally garnished with cucumber
2026-10-19,mini,Morning Coffee 9,###PUNT/DATE##O/E##D##T/E##R#O#/PALOMAS/#L###T#/ZESTY##,1. Dimpled structural indentation found at the base of heavy wine and champagne bottles | 3. Sweet desert palm fruit steeped into rich brandies and spiced syrups for winter punches | 5. Plural of the refreshing Mexican national cocktail pairing tequila with grapefruit soda | 7. Palate descriptor for a bright,1. Pedro Ximénez: ultra-sweet Spanish dark sherry crafted from sun-dried white grapes | 2. Daily rum ration issued to Royal Navy sailors until Black Tot Day in 1970 | 3. Sensory descriptor for layered | 4. Cereal grain added to brewing mashes to contribute velvety mouthfeel and creamy head to stout | 6. Top-fermented malt brew produced with warm fermentation yeast strains
2026-10-19,midi,Midday Break 9,NOGS####BAY/U#A###N#O##/T#SHAVE#TOT/####P#W#A##/##ZIP###B##/####L#R#ASH/CHISELING#O/A##A##N###P/S##B##DEEP#/K#HARD###O#/S#####ACIDS,1. Plural of the rich egg | 3. Coastal cocktail family characterized by the Bay Breeze pairing vodka with fruit juices | 5. Ultra-fine snow-like ice scraped from a clear block to build mounded julep presentations | 7. Daily rum ration issued to Royal Navy sailors until Black Tot Day in 1970 | 8. The bright effervescent snap and energetic citrus bite experienced in a well-balanced highball | 10. Fine carbon residue produced from roasting agave hearts in subterranean earthen pit ovens | 12. Carving geometric gems and spheres from crystal-clear ice using a steel blade | 14. Sensory descriptor for layered | 16. Beverage containing significant alcoholic strength | 17. Plural of the organic chemical compounds like citric and malic acid that balance cocktail sugar,1. Hard-shelled seed like hazelnut or walnut macerated to yield rich nutty winter liqueurs | 2. Carbon dioxide or nitrogen used to carbonate beverages and propel draught liquid through lines | 3. Leather travel wine pouch equipped with a narrow nozzle for communal squirting | 4. Modern cocktail prefix designating contemporary regional classics like the New York Sour | 6. Crisp orchard fruit pressed into cider and distilled into potent French Calvados brandy | 9. The tough outer citrus skin containing bitter aromatic oil reservoirs | 11. Cone-shaped flower that provides floral bitterness and antimicrobial properties to beer | 12. Wooden barrel containers used to age and mature spirits wines and beers | 13. Ancient Italian syrup produced by slowly simmering unfermented grape must over open fires | 15. Vanilla or cardamom seed vessel macerated into rich cocktail syrups
2026-10-19,main,Weekend Edition 9,###PASTIS######/ASTI#A##P#F###P/I##N#P#LAIRDS#O/R#NET###I#E#I#S/###Y#BLONDE#POS/G#D##O#B#R##S#E/R#A#ESPADIN###T/E#S##T#N#E#VAT#/ETHANOL#DRY##I#/C####N#######P#/E##ZESTS###M#P#/#C#I###O#WHEEL#/SHANK##D#E#L#I#/#A#G##HAWTHORNE/URN########N#G#,1. French anise-flavored apéritif that turns opaque and milky white when diluted with water | 4. Piedmontese province celebrated for sweet floral sparkling Moscato wines | 7. Historic New Jersey distillery holding federal distillery permit number one for applejack | 9. Fine wire mesh screen used during double-straining to catch microscopic ice shards | 10. Pale style designation for light-colored Belgian ales and white aperitif wines | 13. Point of sale computer terminal used by bartenders to enter drink orders and process checks | 16. The most commonly cultivated agave variety utilized to produce artisanal mezcal | 17. Enormous wooden or stainless vessel used for bulk spirit blending | 19. The specific alcohol molecule safe for human consumption in mixed drinks | 20. Flavor descriptor denoting the complete absence of residual sweetness | 21. Plural of the micro-planed outer citrus skins used to infuse rich oleo-saccharum syrups | 25. Thin circular cross-section slice of citrus deployed as a classic glass garnish | 26. The threaded metal pipe running through the bar wall connecting the beer line to the faucet | 27. Shaker strainer characterized by a flexible wire spring that fits snug in metal tins | 28. Heated ceramic or metal dispensing vessel utilized to keep mulled wine and hot toddies warm,1. Aromatic descriptor for the crisp evergreen aroma imparted by juniper berries in gin | 2. Sweet raw fluid tapped from birch or maple trees fermented into regional wilderness wines | 3. Iberian nation celebrated worldwide for fortified sherry | 4. Delicate aerated foam or bubble cloud created with soy lecithin to crown modern cocktails | 5. Pouring technique where fluid volume is estimated accurately by mental tempo without jiggers | 6. Historic British restorative beverage crafted from hot curdled spiced milk mixed with ale or sack | 8. Measured | 10. Plural term for classic two-piece shakers combining a metal tin with a cheater glass | 11. Western Highland coastal distillery town renowned for maritime | 12. Alternative spelling for a cocktail profile featuring more bitter or spirit-forward balance | 14. Mediterranean nation celebrated for aniseed-flavored ouzo and floral Metaxa grape brandy | 15. Standard micro-measurement dispensed from a bitters bottle with a single downward flick | 18. Leisurely enjoying small measures of alcoholic mixed drinks throughout an evening | 21. The lively palate prickle created by a sharp burst of fresh citrus and active effervescence | 22. Carbonated water charged with carbon dioxide to impart effervescence without sugar | 23. Sweet honeydew or cantaloupe fruit whose aromatic essence flavors electric green liqueurs | 24. The blackened carbonized wood layer torched into the interior walls of new bourbon barrels | 25. Cocktail formulation featuring a generous measure of vermouth relative to the base spirit
2026-10-20,mini,Brain Snack 9,#R##T#F/TONKA#U/#C##H#L/#K#BOWL/ASH#N##/I##MARC/RUM####,4. Fragrant South American seed rich in natural coumarin evoking vanilla | 5. Vessel designed for communal punches or the fluid basin of a cocktail glass | 6. Fine carbon residue produced from roasting agave hearts in subterranean earthen pit ovens | 7. French pomace brandy distilled from the skins and seeds remaining after grape pressing | 8. Distilled spirit crafted directly from fermented sugarcane juice or molasses,1. Solid chunks of ice or a classic short tumbler served with spirits over ice | 2. Massive volcanic stone wheel pulled by a mule to crush roasted agave piñas | 3. Sensory descriptor for a rich | 6. Delicate aerated foam or bubble cloud created with soy lecithin to crown modern cocktails
2026-10-20,midi,Brain Teaser 9,B#S#TABERNA/ARAK##L##A#/U#L##SUGAR#/M#TUB#E##D#/E#Y#U##I#I#/#T#OAXACAN#/BOT#L##E#I#/#M#P###W##T/TAMIS#TEA#I/#T#N###L##N/COCKTAILERS,3. Historic regional Mexican term for an artisanal distillery producing agave spirits | 6. Clear Levantine distilled spirit flavored with aniseed that turns milky white with water | 7. Crystalline carbohydrate derived from cane or beets vital for simple syrup | 8. Large container packed with crushed ice to chill bottled beers and wines | 12. Oaxaca Old Fashioned created by Phil Ward marrying reposado tequila | 13. Colloquial abbreviation for a glass bottle stored in the speed well | 16. Flat circular drum sieve fitted with fine mesh used for straining syrups | 17. Tannic herbal infusion frequently deployed as the diluting weak element in historic punches | 18. Plural of the passionate drinks enthusiasts who frequent cocktail lounges to explore recipes,1. Hydrometer scale historically measuring the density of sugar syrups and wine must | 2. Briny savory flavor note that brightens fruit nuances and suppresses bitterness | 4. Vibrant cyan tint imparted to tropical drinks by curaçao liqueur dyed with food-grade color | 5. Historic distillery in Bassano del Grappa celebrated for grappa and bitter digestifs | 9. Fragrant | 10. Insulated stainless steel sink situated directly in front of the bartender to hold ice | 11. Juicy acidic red fruit forming the savory core of the Bloody Mary and Red Snapper | 14. Delicate pastel hue of pink gin seasoned with Angostura bitters or the gin Pink Lady | 15. Plural of the stainless steel vessels that seal together to form a two-piece Boston shaker
2026-10-20,main,Brain Bender 9,BOCK#########I#/##H#W##IMBIBING/SMASHES####I#N#/K#R#E#N###AJI##/I#RYE#I#H##O#A#/M#O#L#F#O#BUILD/###S##T#O#R##C#/T##U##ESPRESSO#/A#AMBER#S#W##H#/S#C#O########O#/TEA#D#SWITCHEL#/I#I#E#A####E###/N###G#V#CLEAN##/GUAVA#O####D###/####S#RAIL#YUZU,1. Strong bottom-fermented German lager style brewed to celebrate seasonal transitions | 5. The social human ritual of drinking mixed alcoholic beverages in hospitable company | 7. Refreshing family of seasonal julep-style cocktails heavily featuring bruised mint and fruit | 9. Peruvian spicy yellow chili pepper muddled into fiery pisco sours and tropical drinks | 10. Grain spirit that lends a dry and peppery spice backbone to a classic Manhattan | 13. Mixing technique assembling a cocktail directly inside the serving glass without a shaker | 16. Concentrated coffee extraction shaken vigorously with vodka and coffee liqueur for a dense crema | 17. Rich golden-brown hue acquired by raw spirits after years of resting in charred oak casks | 19. Tannic herbal infusion frequently deployed as the diluting weak element in historic punches | 20. Traditional American colonial thirst-quenching drink of water | 22. Palate descriptor for a neutral | 23. Fragrant tropical fruit pureed into sweet pink nectars for Caribbean tiki swizzles | 24. The front perimeter channel of the bar counter where patrons lean and drinks are presented | 25. Tart aromatic East Asian citrus fruit bridging the flavors of lemon and grapefruit,2. Charro Negro: popular Mexican highball combining blanco tequila | 3. Historic roadside public house providing food | 4. Thin circular cross-section slice of citrus deployed as a classic glass garnish | 6. Historic stirred classic cocktail combining gin | 7. To remove floating fat caps | 8. Short-stemmed wide-bottomed glass narrowing at the top to concentrate brandy aromas | 11. Plural metal bands binding the exterior staves of a wooden aging barrel | 12. Organic ethanol compound produced by yeast fermentation that induces intoxication | 13. To ferment malted grains into beer or steep roasted beans for coffee cocktails | 14. The total financial balance of a bar check encompassing food | 15. The deliberate organoleptic evaluation of a beverage's visual scent and flavor traits | 17. Dark purple Brazilian Amazonian palm berry pureed into vibrant | 18. Plural of the traditional Spanish aging cellars where sherry soleras mature under heat | 20. To taste slowly and mindfully | 21. Possessing a dense luxurious foam collar or intensely aromatic spirit potency
2026-10-21,mini,Commuter Special 9,TONGS##/I###A#T/N#I#K#A/T#STEEP/OIL####/##ACIDS/BAY####,1. Spring-loaded utensil used to handle ice cubes and fragile garnishes hygienically | 5. To soak herbs | 6. Volatile aromatic liquid expelled from citrus rinds to perfume the surface of a cocktail | 7. Plural of the organic chemical compounds like citric and malic acid that balance cocktail sugar | 8. Coastal cocktail family characterized by the Bay Breeze pairing vodka with fruit juices,1. Spanish designation for deep red table wine | 2. Traditional Japanese fermented alcoholic beverage made from polished rice and koji mold | 3. Faucet system used to draw draught beer or pre-batched cocktails from a pressurized keg | 4. Southern Hebridean Scottish island world-renowned for intensely peated
2026-10-21,midi,Perfect Puzzler 9,##K#C##FLIP/#PERRYS###I/##G#U##WISP/##S#S###C#E/#I#STINGER#/#C###O##C#B/BEER#D##HAY/#T##FIG#I#R/#R###N##S#R/#APPLE##E#H/#Y####MALT#,3. Creamy historic cocktail category shaken with spirits sugar and a whole intact raw egg | 5. Plural of the traditional fermented pear beverages crafted in England and northern France | 6. A delicate curling thread of aromatic hardwood smoke trapped beneath a presentation cloche | 9. Classic stirred nightcap pairing Cognac with white crème de menthe served neat or on the rocks | 12. Effervescent fermented malt beverage known as humanity's oldest alcoholic drink | 13. Toasted sweet meadow grass infused into modern artisanal bourbons to impart rustic farm notes | 14. Sweet dried fruit frequently infused into autumnal dark rum or bourbon syrups | 15. Crisp orchard fruit pressed into cider and distilled into potent French Calvados brandy | 16. Germinated barley dried in a kiln that forms the basis of single malt whiskies,1. Plural of the stainless steel pressurized barrels delivering draught beer and cider to bar taps | 2. Decorative band of sugar salt or cocoa powder adhered along the outside rim of a glass | 4. Traditional wooden cask size utilized for aging and shipping fortified port wine | 7. Multi-pronged or beveled steel hand blade utilized to split and sculpt clear block ice | 8. Flexible silicone mold used to freeze large geometric ice cubes and spheres | 10. Medicinal antiseptic aroma nuance detected in heavily peated Islay single malt whiskies | 11. French fortified red wine apéritif aromatized with quinine bark and orange peel
2026-10-21,main,The Grand Grid 9,PEA##N#F##B#T#C/U#SKYE#I#LUCANO/L#H##ANT##A#R#R/L##NET##COLLOID/##G#S#C#######I/#WISP#O##T##H#A/##M#R#P##W#DILL/##L#E#P#POD#G##/SEEDS#E##S#WHIP/U#T#S#R##T##L#O/MOSCOWMULE##A#R/#N#H##U##PETNAT/AIREN#GIN#Y#D#S/#O#C#####SEC###/#N#KVAS########,1. Butterfly pea blossom steeped to create an indigo tea that turns bright violet when exposed to acid | 8. Hebridean Scottish isle famous for sea-lashed | 9. Basilicata herbal amaro crafted from a secret recipe dating back to 1894 | 10. Roasted and crushed chicatana flying ant seasoning blended with salt to accompany neat mezcal | 11. Fine wire mesh screen used during double-straining to catch microscopic ice shards | 13. A mixture where microscopic insoluble particles remain evenly suspended throughout a liquid | 16. A delicate curling thread of aromatic hardwood smoke trapped beneath a presentation cloche | 19. Feathery green herb lending savory caraway-like notes to Scandinavian aquavits and martinis | 20. Vanilla or cardamom seed vessel macerated into rich cocktail syrups | 21. Plural of the botanical capsules like coriander and anise providing volatile oils to gin | 22. A rapid shake conducted with only a few pebble ice cubes to aerate without over-diluting | 24. Vodka highball combined with spicy ginger beer and fresh lime served in a copper mug | 27. Pétillant Naturel: rustic sparkling wine bottled before initial alcoholic fermentation completes | 29. Drought-resistant Spanish white grape variety widely planted to distill Brandy de Jerez | 30. Botanical spirit flavored predominantly with aromatic juniper berries | 31. French wine and cordial label indicator denoting a dry profile | 32. Traditional Slavic beverage fermented from stale sourdough rye bread,1. The deliberate physical stroke on a beer engine handle drawing real cask ale from the cellar | 2. Fine carbon residue produced from roasting agave hearts in subterranean earthen pit ovens | 3. Spirits served at ambient room temperature directly from the bottle without ice | 4. The secure friction seal formed between two metal tins when locking a Boston shaker | 5. Fragrant | 6. Starchy purple tropical root vegetable pureed into vibrant | 7. Sweet fruit-forward or herbal liqueur or an intensely concentrated sour syrup | 12. Concentrated coffee extraction shaken vigorously with vodka and coffee liqueur for a dense crema | 14. Plural of the classic maritime cocktail uniting London dry gin with lime juice | 15. Conductive metal mug designed to frost heavily on the outside when holding an icy Moscow Mule | 17. Bartending workflow assembling all ingredients in the tin before adding any ice | 18. Vast | 21. The total financial balance of a bar check encompassing food | 23. Plural of the fortified Portuguese sweet dessert wines aged in seasoned wooden pipes | 25. Pickled pearl garnish that uniquely transforms a standard Gin Martini into a Gibson | 26. The tabulated bill of charges presented to a patron at the conclusion of their bar visit | 28. Colloquial term for a morning revitalizer cocktail or a drop of modifier
2026-10-22,mini,Fast Five 9,TOBACCO/##U#U#L/M#L#T#D/ALBA#K#/U##ETNA/I##J#O#/#FROST#,1. Rich | 6. Quercus alba or American white oak utilized for charred bourbon barrels | 9. Volcanic Sicilian mountain whose mineral-rich slopes yield complex wines and herbal amari | 10. Crystalline white condensation blooming over the exterior of sub-zero freezer glassware,2. The swollen rounded lower kettle section of a traditional copper alembic still | 3. The deliberate operational division separating heads | 4. Historic classification for vintage cocktail formulas or Victorian sweetened Old Tom gin | 5. Hawaiian tropical island whose pineapples and sugar cane inspire exotic tiki punch bowls | 7. Tequila matured in small wooden barrels for at least one year to impart amber wood nuances | 8. Decorative knot tied into a long strip of citrus peel before floating it across a drink
2026-10-22,midi,Coffee Break 9,CANE##SAVOR/#E##K##S##Y/#J#PUNCHY#E/POX#M#####S/R###Q#G##G#/O###U#ORDER/O#T#A#L##R#/FROSTED##M#/##N##G##TAG/##K##G###N#/GRAPE##HAY#,1. Tall tropical grass whose sweet sap is harvested to produce sugar and rum | 3. To taste slowly and mindfully | 7. Possessing bold spirit strength and concentrated vibrant flavor intensity | 8. Traditional ceremonial corn and sugarcane distillate produced in Chiapas | 11. The itemized drink ticket transmitted from the floor to the service well for preparation | 13. Chilled until an exterior layer of white condensation forms across the glassware surface | 15. Printed label attached to a bottle neck declaring vintage | 16. The versatile vine fruit fermented into wine and distilled into fine brandy and Cognac | 17. Toasted sweet meadow grass infused into modern artisanal bourbons to impart rustic farm notes,2. Tequila matured in small wooden barrels for at least one year to impart amber wood nuances | 4. Fine carbon residue produced from roasting agave hearts in subterranean earthen pit ovens | 5. Plural of the spicy American whiskeys distilled from a mash bill containing at least 51 percent rye | 6. Tiny edible citrus fruit eaten whole whose sweet rind balances an intensely sour interior | 8. Traditional scale measuring the ethanol concentration of spirits at twice the ABV | 9. Golden tequila or rum classification indicating brief wooden cask resting or caramel tint | 10. The European brewing heartland renowned for pristine pilsners | 12. Fragrant South American seed rich in natural coumarin evoking vanilla | 14. Emulsifying cocktail ingredient whose white yields a silky textural foam collar
2026-10-22,main,Heavy Hitter 9,IMBIBE#WINES#F#/#O#######E###I#/ASH#BITING#PITH/#C##O#I##R#O###/LOW#N#N#HOPS###/#W#BEET##N##D#I/#M####O#CIDER#C/PUNT#T##I#E#O#E/#L#I#O##C#N#POP/#EYEOPENER####I/C#######R#####C/A#LIBATION##J#K/PEA#U###N#B#A##/##RAG##VENENCIA/LID#######D#K##,1. The deliberate and joyful social act of drinking intoxicating cocktails in good company | 3. Plural of the fermented grape beverages encompassing reds | 6. Fine carbon residue produced from roasting agave hearts in subterranean earthen pit ovens | 7. Astringent sharp sensation on the tongue caused by high acidity or un-aged alcohol | 9. Bitter white spongy layer beneath citrus skin that must be avoided when garnishing | 10. Cocktail classification featuring reduced alcohol by volume designed for daytime session sipping | 11. Plural of the green cone flowers that provide bitter alpha acids and floral aromatics to beer | 12. Earthy crimson root vegetable roasted and pureed to lend deep red hue and earthy sugar to sours | 15. Fermented beverage crafted from the pressed juice of bittersweet apples | 17. Dimpled structural indentation found at the base of heavy wine and champagne bottles | 20. Audible sound of a sparkling wine cork release or colloquial term for soda | 21. Historic morning cocktail like a Corpse Reviver taken to soothe the previous night's excess | 23. A ritual pouring of liquid as an offering or a playful term for a mixed drink | 26. Butterfly pea blossom steeped to create an indigo tea that turns bright violet when exposed to acid | 28. Microfiber cloth or cotton towel deployed by a bartender to keep the service station dry | 29. Flexible whalebone and silver cup tool used to extract sherry samples through the barrel bung | 30. The tight-fitting metal cap placed over a cocktail shaker tin before shaking,2. Vodka highball combined with spicy ginger beer and fresh lime served in a copper mug | 4. Equal-parts Italian classic balancing London dry gin sweet vermouth and Campari | 5. The secure friction seal formed between two metal tins when locking a Boston shaker | 7. Bone dry: a cocktail or wine completely devoid of perceived residual sweetness | 8. Spanish designation for deep red table wine | 9. Point of sale computer terminal used by bartenders to enter drink orders and process checks | 13. Small bead of liquid such as saline solution or aromatic bitters applied with an eye-dropper | 14. Pointed steel hand tool used to score crack and carve artisanal clear ice blocks | 15. A certified professional expert possessing comprehensive mastery over beer brewing and service | 16. Intimate subterranean cocktail lounge or cozy neighborhood retreat dedicated to fine drinks | 18. Formal uniform neckwear or the act of knotting a slender strip of citrus peel for garnish | 19. To fill the remaining headspace of a tall glass with soda | 22. Protective closure over a bottle finish or the frothy crown atop a sour | 23. Rendered pork lipid used in culinary mixology to fat-wash bourbon for savory old fashioneds | 24. Wild ginger fermentation starter culture cultivated with sugar and water to brew ginger beer | 25. Jack Daniel's: iconic charcoal-mellowed Tennessee sour mash whiskey from Lynchburg | 27. The porous filter layer of crushed grain husks resting inside a mash tun during lautering
2026-10-23,mini,Quick Solve 10,##FIG##/K#L#LIP/I#O#A#U/LAW#SUB/N###G#S/###TOP#/####W##,1. Sweet dried fruit frequently infused into autumnal dark rum or bourbon syrups | 4. The outer rim of a glassware bowl where garnishes are balanced | 6. Legislative statute governing liquor licensing closing hours and taxation | 7. To swap one spirit or modifier for another in a standard recipe to create a variation | 8. To fill the remaining headspace of a tall glass with soda,1. The calibrated fluid stream emerging from a speed pour spout into a metal jigger | 2. Scottish industrial port city whose shipping docks transported Scotch whisky to the world | 3. High-temperature drying oven where germinated green barley is halted with warm air or peat | 5. Plural of the traditional public houses serving draught ales and hearty tavern fare
2026-10-23,midi,The Daily Grid 10,####R#BOWLS/P#E#I#L##O#/L#GIBSON#W#/A#G###O#F#C/N##VERDELHO/TAG###Y#I#L/E###D#MOP#L/R#T#I#A#S#O/STOPPER###I/##T###Y#POD/#ASHEN#####,2. Plural of the large cut-glass vessels utilized to serve communal alcoholic punches | 6. Savory variation of the classic gin Martini garnished uniquely with a pickled cocktail onion | 9. Medium-dry style of fortified Madeira wine renowned for its vibrant | 10. Printed label attached to a bottle neck declaring vintage | 12. Long-handled absorbent cotton cleaning tool used to scrub and dry bar floors during closeout | 14. Decorative glass cork or rubber plug used to seal decanters and opened bottles | 15. Vanilla or cardamom seed vessel macerated into rich cocktail syrups | 16. Tasting of campfire ash and wood embers,1. Crisp stalk of fresh green celery trimmed to garnish a savory Bloody Mary or Red Snapper | 2. Savory restorative vodka highball seasoned with tomato juice Worcestershire horseradish and celery | 3. Cocktail classification featuring reduced alcohol by volume designed for daytime session sipping | 4. Historic Jamaican Planter's Punch shorthand combining dark pot still rum | 5. Emulsifying cocktail ingredient whose white yields a silky textural foam collar | 7. Category of rich cocktails shaken with spirits sugar and an entire raw egg | 8. A mixture where microscopic insoluble particles remain evenly suspended throughout a liquid | 11. Quick immersion of glassware rims into juice or cordial before applying garnishes | 13. Plural of the historic daily rum rations issued to sailors across the British Royal Navy
2026-10-23,main,The Masterpiece 10,#####H###E#SKYE/INFUSING#S#O###/#A###B###T#JAM#/#R#COINTREAU##C/#D#O#S#O#R#S##H/GILL#CUT#Y##TIE/#N#D#U##P###E#R/GIN##SQUEEZER#R/R#I#####R###R#Y/EGG#ZIN#F##POX#/Y#H#E##PULP#I##/##TOSS##M#O#RIB/B#C#T#SPEAR###A/I#A#Y#####TABAC/NIP##FIZZES###K,3. Hebridean Scottish isle famous for sea-lashed | 4. Steeping botanicals into an alcohol solvent to extract soluble flavors and colors | 6. Preserved fruit spread shaken into modern sours to deliver immediate fruit body and sweetness | 7. Renowned French clear orange triple sec liqueur formulated with sweet and bitter peels | 10. Historic British imperial liquid measure equivalent to one quarter of a pint | 11. The deliberate operational division separating heads | 12. Formal uniform neckwear or the act of knotting a slender strip of citrus peel for garnish | 14. Botanical spirit flavored predominantly with aromatic juniper berries | 16. Handheld hinged metal lever tool used to freshly press lemon and lime halves | 17. Emulsifying cocktail ingredient whose white yields a silky textural foam collar | 18. Colloquial bar patron order shorthand for a pour of jammy Californian Zinfandel wine | 19. Traditional ceremonial corn and sugarcane distillate produced in Chiapas | 20. Crushed fibrous fruit solids separated from fresh citrus juice during the fine-straining pass | 22. To throw a cocktail through the air between high-held vessels to aerate and chill smoothly | 23. Crisp stalk of fresh green celery trimmed to garnish a savory Bloody Mary or Red Snapper | 26. Long narrow strip of cucumber or pineapple used to adorn tall highballs | 27. Traditional French corner shop licensed to sell tobacco | 28. A diminutive pour or pocket-sized serving of spirits | 29. Category of tall refreshing drinks combining spirits citrus sugar and club soda,1. Dried tropical calyx infusing vibrant magenta color and tart cranberry-like acidity into punches | 2. Fruity funk-forward aroma profile produced by esters during warm wild fermentation | 3. Plural of the clear Korean distilled spirits traditionally produced from rice or sweet potatoes | 5. Historic distillery in Bassano del Grappa celebrated for grappa and bitter digestifs | 7. Essential serving temperature for crisp Martinis and carbonated highballs | 8. Daily rum ration issued to Royal Navy sailors until Black Tot Day in 1970 | 9. Stone fruit brandied or preserved in marasca syrup to garnish classic stirred Manhattans | 12. The unique regional signature of soil | 13. Volatile | 14. Grey Goose: luxury French vodka distilled from Picardy wheat and Gensac spring water | 15. A relaxing alcoholic drink consumed late in the evening right before bedtime | 18. Palate descriptor for a bright | 21. Plural of the fortified Portuguese sweet dessert wines aged in seasoned wooden pipes | 24. Small secondary glass of water soda or beer served alongside a neat pour | 25. Insulated stainless steel ice compartment in a cocktail well or cellar wine storage cubby
2026-10-24,mini,Morning Coffee 10,##TOPAZ/EYE#E##/##ARAK#/#H##C#I/XANTHAN/#Y##E#K/##WISP#,1. Luminous golden-amber gemstone hue displayed by aged rum and long-matured brandies | 3. Colloquial term for a morning revitalizer cocktail or a drop of modifier | 4. Clear Levantine distilled spirit flavored with aniseed that turns milky white with water | 7. Natural polysaccharide gum used in minute pinches to stabilize cocktail emulsions | 8. A delicate curling thread of aromatic hardwood smoke trapped beneath a presentation cloche,1. Tannic herbal infusion frequently deployed as the diluting weak element in historic punches | 2. Plural of the sweet orchard stone fruits pureed with prosecco to craft Venetian Bellinis | 5. Toasted sweet meadow grass infused into modern artisanal bourbons to impart rustic farm notes | 6. Cuttlefish or squid pigment deployed to turn savory cocktails midnight black
2026-10-24,midi,Midday Break 10,##A#P#R#URN/MOSCATO##E#/U#H#P#COLD#/D###E#K###G/D#CORES#S#R/L###P###T#O/I#POLISHING/N#O#A#N#R##/G#U#N#AIR#A/##ROE#P#EGG/##S#####R#E,4. Heated ceramic or metal dispensing vessel utilized to keep mulled wine and hot toddies warm | 6. Fragrant white grape variety cultivated in Asti to yield sweet low-alcohol sparkling wine | 7. Essential serving temperature for crisp Martinis and carbonated highballs | 9. Plural of the fibrous central parts of pineapples and apples removed before juicing | 11. Buffing crystal glassware with steam and a microfiber towel to remove spots | 13. Delicate aerated foam or bubble cloud created with soy lecithin to crown modern cocktails | 15. Savory fish caviar served on mother-of-pearl spoons alongside chilled dry martinis | 16. Emulsifying cocktail ingredient whose white yields a silky textural foam collar,1. Fine carbon residue produced from roasting agave hearts in subterranean earthen pit ovens | 2. Modern equal-parts bourbon cocktail containing Aperol Amaro Nonino and fresh lemon juice | 3. Solid chunks of ice or a classic short tumbler served with spirits over ice | 5. Vibrant crimson tint characteristic of an Italian bitter apéritif or sweet vermouth | 6. Firmly pressing fresh fruit or herbs with a blunt mallet to release natural oils | 8. Historic Royal Navy drink of rum diluted with water citrus and raw sugar | 10. Slender tool or swizzle stick deployed to agitate ice and mix long beverages | 11. Dispenses measured volumes of liquor from a bottle neck into a jigger or mixing tin | 12. The crisp | 14. Maturation period inside a wooden cask that mellows raw distillate
2026-10-24,main,Weekend Edition 10,###D###T#TAX##T/O#HORCHATA##N#A/A##L#O#J#POTEEN/TOMCOLLINS##W#K/S##E#D#N####Y#S/######R#A##BOX#/PICONPUNCH##R#A/A#E###M#A#OAKEN/N#LIP##PIG##S#T/E#L#INK##R#DOG#/L#A#L##M#A##U##/AIR#S#SAMPHIRE#/##M#N##R#E###G#/#SAZERAC##TANGY/##N#R##SAP#####,3. Federal excise duty levied on distilled spirits that sparked the historic Whiskey Rebellion | 6. Creamy spiced Mexican beverage crafted from rice milk cinnamon and sugar | 9. Traditional illicit Irish moonshine distilled clandestinely in pot stills from potatoes or grain | 10. Old Tom gin variation of the Collins family charged with sparkling mineral water | 13. Cellar storage crate or modern bag-in-box wine packaging format | 14. Traditional Basque-American highball built with bittersweet Amer Picon | 17. Exhibiting the rich | 18. The outer rim of a glassware bowl where garnishes are balanced | 20. Historic term for a clandestine unlicensed 19th-century saloon | 22. Cuttlefish or squid pigment deployed to turn savory cocktails midnight black | 23. The classic Salty Dog cocktail combining vodka or gin with grapefruit juice in a salted glass | 25. Delicate aerated foam or bubble cloud created with soy lecithin to crown modern cocktails | 26. Crisp coastal succulent plant deployed as an oceanic edible garnish in maritime gin serves | 28. New Orleans staple combining rye whiskey Peychaud bitters and sugar in an absinthe-rinsed glass | 29. Palate descriptor for a mouth-watering sweet-and-sour fruit balance that stimulates saliva | 30. Sweet raw fluid tapped from birch or maple trees fermented into regional wilderness wines,1. Italian wine and liqueur label descriptor denoting a distinctly sweet profile | 2. Popular Mexican seasoning blend combining ground chili peppers | 3. Plural of the draught beer faucets lining the back counter of a modern public house | 4. Plural of the large stainless steel fermentation and bright beer conditioning vessels | 5. High-protein cereal grain added to brewing mashes to create silky | 7. Essential serving temperature for crisp Martinis and carbonated highballs | 8. Classic bourbon sour crowned with a floating crimson layer of dry red wine | 11. Distilled spirit crafted directly from fermented sugarcane juice or molasses | 12. Dark purple Brazilian Amazonian palm berry pureed into vibrant | 14. Solid block of unrefined whole cane sugar dissolved for Latin American punches | 15. Technical specialist responsible for managing barrel aging | 16. Roasted and crushed chicatana flying ant seasoning blended with salt to accompany neat mezcal | 19. Tall slender footed glass designed to showcase the clarity and bubbles of crisp lagers | 21. The versatile vine fruit fermented into wine and distilled into fine brandy and Cognac | 24. Plural of the rustic French pomace brandies distilled from spent grape skins and seeds | 27. Emulsifying cocktail ingredient whose white yields a silky textural foam collar
2026-10-25,mini,Brain Snack 10,KAFFIR#/I##L#O#/R##O#E#/SHARP##/C#R#O#A/H#AIR#N/##K#TOT,1. Fragrant hourglass-shaped citrus leaf delivering intense lime perfume to Southeast Asian cocktails | 4. Palate descriptor for intense | 8. Delicate aerated foam or bubble cloud created with soy lecithin to crown modern cocktails | 9. Daily rum ration issued to Royal Navy sailors until Black Tot Day in 1970,1. Clear German fruit eau-de-vie double-distilled from whole crushed morello cherries | 2. The natural white veil of living yeast that covers biologically aging Fino and Manzanilla sherries | 3. Savory fish caviar served on mother-of-pearl spoons alongside chilled dry martinis | 5. Clear Levantine distilled spirit flavored with aniseed that turns milky white with water | 6. Fortified Portuguese wine produced in the Douro Valley and matured in seasoned oak pipes | 7. Roasted and crushed chicatana flying ant seasoning blended with salt to accompany neat mezcal
2026-10-25,midi,Brain Teaser 10,U##SOT##D##/RICH##F#I#D/N##O##I#A#O/###CINNAMAL/#B#H##O#O#I/#R#U####N#N/BED#RUM#D#S/#A##O#A#F##/#DISSOLVING/##N#E#I#Z#I/RAKI##C#ZIN,2. Archaic colloquial term for an habitual or notorious drinker | 4. Cocktail simple syrup prepared at a concentrated ratio of two parts sugar to one part water | 7. The organic aldehyde compound providing the distinctive warm flavor of cinnamon bark | 9. The porous filter layer of crushed grain husks resting inside a mash tun during lautering | 10. Distilled spirit crafted directly from fermented sugarcane juice or molasses | 12. Mixing solid sugar or salt completely into a liquid solvent until clear | 15. Aniseed-flavored distilled spirit regarded as the national apéritif of Turkey | 16. Colloquial bar patron order shorthand for a pour of jammy Californian Zinfandel wine,1. Heated ceramic or metal dispensing vessel utilized to keep mulled wine and hot toddies warm | 2. Traditional Japanese distilled spirit crafted from barley | 3. Luxurious gin sour charged with effervescent sparkling champagne instead of club soda | 5. Very pale | 6. Plural representation of the crisp botanical vermouths produced in Chambery | 8. Sensory descriptor for toasty brioche and yeast notes developed in vintage champagne | 10. Delicate fragrant pink water distilled from flower petals used in Middle Eastern punches | 11. Crisp green apple acid dissolved into juices to acid-adjust them to standard lime strength | 13. Cuttlefish or squid pigment deployed to turn savory cocktails midnight black | 14. Botanical spirit flavored predominantly with aromatic juniper berries
2026-10-25,main,Brain Bender 10,D#######CORE###/O#PUBS####I#C##/S###A##PISCOLA#/ALMOND#L##E#A#S/G#O#A#HARD##M#A/E#URN##T###BACK/##S#AMBER###T#E/GOSE#E#####HOPS/##E##Z#M#P#####/###S#CHAMOMILE#/CUPOLA#P#X###G#/R##J#L#L##B##G#/I##U##RESTING#S/S##SUM##O#G#I#A/PUB###WET##SNAP,2. The fibrous central interior of an apple or pineapple removed before juicing | 4. Plural of the traditional public houses serving draught ales and hearty tavern fare | 7. Popular Chilean highball combining South American grape pisco with cola over ice | 8. Nut that provides the core fatty flavor foundation for orgeat and amaretto | 11. Beverage containing significant alcoholic strength | 12. Heated ceramic or metal dispensing vessel utilized to keep mulled wine and hot toddies warm | 13. Small secondary glass of water soda or beer served alongside a neat pour | 14. Rich golden-brown hue acquired by raw spirits after years of resting in charred oak casks | 16. Historic German warm-fermented wheat beer style brewed with coriander seed and sea salt | 17. Plural of the green cone flowers that provide bitter alpha acids and floral aromatics to beer | 21. Fragrant daisy-like flower lending soothing herbal apple notes to dry vermouths and summer sours | 23. The elevated ventilation lantern crowning a traditional Scottish malt kiln pagoda roof | 25. Allowing batched cocktails or spirits to marry in glass or vats before service | 29. The total financial balance of a bar check encompassing food | 30. Traditional British drinking establishment named as an abbreviation of public house | 31. Cocktail formulation featuring a generous measure of vermouth relative to the base spirit | 32. The crisp,1. Sweet wine and sugar mixture added to champagne bottles following disgorgement | 3. Polished cereal grain fermented with koji mold to brew Japanese sake and distilled into soju | 5. Tropical fruit whose sweet essence is captured in tiki cordials and brandies | 6. Commercial savory blend of reconstituted tomato juice seasoned with clam broth and spices | 7. Horizontal perforated bubble tray inside a continuous column still separating vapor fractions | 9. The delicate sparkling effervescent foam that rises when champagne is poured | 10. Plural of the traditional Japanese fermented rice beverages brewed with koji mold | 15. Artisanal Mexican agave distillate noted for its earth-pit roasted smoky character | 18. Tree sap boiled into rich syrup providing autumnal wood notes to brown spirits | 19. Traditional ceremonial corn and sugarcane distillate produced in Chiapas | 20. Plural of the clear Korean distilled spirits traditionally produced from rice or sweet potatoes | 22. Emulsifying cocktail ingredient whose white yields a silky textural foam collar | 23. Clean refreshing sensation produced by high acidity brisk carbonation and cold | 24. Large format geometric ice cube carved to minimize surface area and slow down dilution | 26. Archaic colloquial term for an habitual or notorious drinker | 27. Botanical spirit flavored predominantly with aromatic juniper berries | 28. Sweet raw fluid tapped from birch or maple trees fermented into regional wilderness wines
2026-10-26,mini,Commuter Special 10,#J#BAY#/#A#O##P/#METODO/#A##A#T/FIG#TIE/#C####E/TAJIN#N,2. Coastal cocktail family characterized by the Bay Breeze pairing vodka with fruit juices | 4. Italian word for method | 6. Sweet dried fruit frequently infused into autumnal dark rum or bourbon syrups | 7. Formal uniform neckwear or the act of knotting a slender strip of citrus peel for garnish | 8. Popular Mexican seasoning blend combining ground chili peppers,1. Caribbean island celebrated for high-ester | 2. Colloquial abbreviation for a glass bottle stored in the speed well | 3. Traditional illicit Irish moonshine distilled clandestinely in pot stills from potatoes or grain | 5. Cereal grain added to brewing mashes to contribute velvety mouthfeel and creamy head to stout
2026-10-26,midi,Perfect Puzzler 10,#L####S##D#/PUNTEMES#A#/#S#W##C#MIX/#H#O#S#D#S#/P##S#HERBY#/ROOT#I#Y###/O##E#F##B##/O##PATINA#P/FOG#L#N#U#L/E#A#E#KOMBU/DUST####E#G,4. Italian vermouth from Turin characterized by one point of sweetness and half a point of bitterness | 6. Pre-combined formulation of juices and modifiers designed for rapid assembly | 10. Aromatic descriptor for intense fresh garden botanical notes like mint | 11. Underground plant tissue such as ginger or gentian that contributes grounding earthy notes | 13. The aged | 17. Dense aromatic white vapor produced when dry ice or liquid nitrogen meets cocktail liquids | 19. Giant dried kelp providing natural glutamic acid umami to savory martinis | 20. To lightly grate nutmeg cocoa or cinnamon over a cocktail foam collar,1. A cocktail profile characterized by rich | 2. French wine and cordial label indicator denoting a dry profile | 3. Classic cocktail ancestor of the Margarita featuring spirits citrus and a fruit liqueur | 5. Bartending workflow assembling all ingredients in the tin before adding any ice | 7. A bartender's scheduled operational working hours behind the service counter | 8. Flavor descriptor denoting the complete absence of residual sweetness | 9. Cut with pure demineralized water to bring matured spirits to target bottling strength | 12. Hydrometer scale historically measuring the density of sugar syrups and wine must | 14. Top-fermented malt brew produced with warm fermentation yeast strains | 15. Cuttlefish or squid pigment deployed to turn savory cocktails midnight black | 16. Heavy expandable rubber or metal expansion stopper used to seal open sparkling wine bottles | 18. Carbon dioxide or nitrogen used to carbonate beverages and propel draught liquid through lines
2026-10-26,main,The Grand Grid 10,##PURE##R#G#VAT/#S##Y##NONINO##/STAVES##W#G#L#M/#O#E###Z#W##S#I/BUILD#TIKIS#TAX/#T#V###V#N##E##/###E##TABERNAS#/SALTY##N##I#D##/##A####I#ANISE#/#DRIPTRAY#D####/R#D#L######B##D/I###UNICUM#OUZO/CREAM##A#A#O##W/O##N###POTATION/#DATES#####S##S,1. Distillate produced without additives artificial colorings or neutral grain cuts | 5. Enormous wooden or stainless vessel used for bulk spirit blending | 7. Distinguished Friulian family distillery celebrated for artisanal grappa and Amaro Nonino | 8. Narrow beveled wooden planks bent and hooped together to form a barrel | 13. Mixing technique assembling a cocktail directly inside the serving glass without a shaker | 14. Plural term for tropical drinks served in exotic ceramic Polynesian vessels | 15. Federal excise duty levied on distilled spirits that sparked the historic Whiskey Rebellion | 16. Plural of the historic Spanish taverns and neighborhood drinking dens serving wine and tapas | 18. Briny savory flavor note that brightens fruit nuances and suppresses bitterness | 20. Licorice-flavored botanical seed central to the production of absinthe and pastis | 21. Perforated stainless steel grate positioned under taps to catch overflow droplets | 26. Historic Hungarian bittersweet herbal digestif liqueur formulated with over 40 botanicals | 29. Sweet aromatic Greek apéritif distilled with anise mint and spices | 30. Heavy dairy fat floated atop Irish coffee or shaken with coffee liqueur for White Russians | 32. A formal or archaic term for a draft of an intoxicating alcoholic beverage | 33. Plural of the sweet desert palm fruits steeped into rich dark rum punches and syrups,2. Grain spirit that lends a dry and peppery spice backbone to a classic Manhattan | 3. Linear alignment of bottles arranged along a speed rail or backbar shelf | 4. Slang term for a bartender guest shift or evening hospitality event | 5. Plural of the legal statutes and enforcement provisions stemming from the 1919 Volstead Act | 6. Very dark top-fermented ale brewed with roasted malts delivering coffee and chocolate notes | 9. Luxurious smooth texture across the tongue characterized by low astringency | 10. Pre-combined formulation of juices and modifiers designed for rapid assembly | 11. Traditional Cypriot pomace brandy distilled from the residue of pressed indigenous grapes | 12. Fermented beverage crafted from the juice of vitis vinifera grapes | 17. The tough outer citrus skin containing bitter aromatic oil reservoirs | 19. Rendered pork lipid used in culinary mixology to fat-wash bourbon for savory old fashioneds | 22. Sweet stone fruit fermented into European slivovitz and Japanese umeshu plum liqueur | 23. Puerto Rico: the Caribbean island territory celebrated as the historic birthplace of the Piña Colada | 24. Novelty boot-shaped glass beer vessels utilized in lively German drinking traditions | 25. Cocktails served without ice in stemmed glasses after being shaken or stirred | 27. Protective closure over a bottle finish or the frothy crown atop a sour | 28. Textured rubber runner placed beneath glassware on the bar rail to collect overflow droplets | 31. Roasted and crushed chicatana flying ant seasoning blended with salt to accompany neat mezcal
2026-10-27,mini,Fast Five 10,#BLANCO/#A###O#/#T#COLD/ZIN##A#/#D#B##G/#A#E##A/#SIEVES,1. Pristine unaged tequila bottled directly after distillation to showcase pure agave notes | 3. Essential serving temperature for crisp Martinis and carbonated highballs | 4. Colloquial bar patron order shorthand for a pour of jammy Californian Zinfandel wine | 7. Plural of the wire mesh utensils used to filter cocktails and clarify fruit juices,1. Plural of the traditional Brazilian shaken cachaça drinks featuring fruit and milk | 2. Effervescent sweet brown soda flavored with citrus oils cinnamon and vanilla | 5. The industrious insect whose sweet wildflower honey anchors the Prohibition Bee's Knees | 6. Carbon dioxide or nitrogen used to carbonate beverages and propel draught liquid through lines
2026-10-27,midi,Coffee Break 10,A#A#MARSALA/JUG#U#####V/I#EGG#POT#I/##D##D##R#A/#H##SEASALT/GOLD#X##I#I/#N#U#T##L#O/PEELER#M##N/#Y#S#I#A###/###E#NOSE##/#######H###,3. Fortified wine produced around the Sicilian city of Marsala used in aperitifs and cooking | 5. Bulbous ceramic or glass container used to dispense communal table punch | 6. Emulsifying cocktail ingredient whose white yields a silky textural foam collar | 7. Traditional bulbous copper alembic still utilized for rich batch distillation | 11. Mineral salt evaporated from ocean water used to crust the perimeter of margarita glassware | 12. Golden tequila or rum classification indicating brief wooden cask resting or caramel tint | 14. Y-shaped razor-sharp kitchen blade used to peel wide swaths of citrus rind | 16. The complex olfactory bouquet of aromas perceived above a cocktail glass,1. Peruvian spicy yellow chili pepper muddled into fiery pisco sours and tropical drinks | 2. Matured inside charred or toasted wooden casks to pick up color and complexity | 3. Heavy handled vessel often crafted from copper or stoneware for cold drinks | 4. Pale violet gin classic pairing maraschino liqueur and fresh lemon with crème de violette | 8. The Kentucky Bourbon Trail: an organized tourism route connecting historic distilleries | 9. Non-fermentable carbohydrate molecule contributing viscosity | 10. Sweet viscous substance produced by bees lending floral notes to classic cocktails | 13. Edible red sea alga infused into maritime cocktails to impart ocean salinity | 15. Mixture of crushed grains and hot water steeped to convert starches into fermentable sugars
2026-10-27,main,Heavy Hitter 10,###I####VESSEL#/C##NOGS#A####U#/A##N#L##T#B##S#/R#M#LEWISBAG#H#/BEAM#N####R####/O#R###P#F#T#BOT/Y#CARDINALE#L#A/#G#S##S#T#N#O#M/WASHBACK##DEN#I/#R##A#O#I###D#S/#N#IRISHCOFFEE#/RIM###O#E##O###/#S##BLUE#HEAD#C/#HAZE#R##O#M##U/####E##MAT#SNAP,2. Any glass | 5. Plural of the rich egg | 9. Heavy canvas pouch into which ice cubes are placed to be crushed dry with a wooden mallet | 10. Famous Kentucky bourbon distilling family synonymous with Clermont and white label whiskey | 13. Colloquial abbreviation for a glass bottle stored in the speed well | 15. Roman cocktail variation of the classic Negroni substituting dry vermouth for sweet vermouth | 18. Large wooden or stainless steel vat where sweet grain wort ferments with yeast into beer wash | 20. Intimate subterranean cocktail lounge or cozy neighborhood retreat dedicated to fine drinks | 22. Warming winter serve uniting hot drip coffee Irish whiskey and brown sugar beneath floating cream | 24. Circumference of a cocktail glass often coated with citrus juice and salt or sugar | 25. Vibrant cyan tint imparted to tropical drinks by curaçao liqueur dyed with food-grade color | 26. Dense frothy layer of foam resting atop a poured beer or shaken sour | 28. Pleasing cloudy suspension of natural proteins and hop polyphenols in unfiltered craft ales | 29. Textured rubber runner placed beneath glassware on the bar rail to collect overflow droplets | 30. The crisp,1. Historic roadside public house providing food | 2. Plural of the massive wooden or stainless bulk holding tanks used to marry blended spirits | 3. A cocktail profile characterized by rich | 4. Large rigid glass or plastic jug used for fermenting beer or resting spirits | 6. Scottish Gaelic geographical term for a valley | 7. To professionally mix cocktails | 8. French pomace brandy distilled from the skins and seeds remaining after grape pressing | 11. Iconic South American cocktail shaking grape pisco with fresh lime juice | 12. Rich lipid substance like melted butter | 13. Pale style designation for light-colored Belgian ales and white aperitif wines | 14. Flat circular drum sieve fitted with fine mesh used for straining syrups | 16. Fine carbon residue produced from roasting agave hearts in subterranean earthen pit ovens | 17. The decorative and aromatic citrus | 19. The counter across which hospitality and mixed drinks are served | 21. The bartender's indispensable thermodynamic coolant and dilution control agent | 23. Plural of the delicate aerated culinary heads created atop modern avant-garde cocktails | 25. The industrious insect whose sweet wildflower honey anchors the Prohibition Bee's Knees | 26. Serving temperature suited for a buttered rum or winter toddy | 27. Pimm's-based fruit and botanical cooler traditionally garnished with cucumber
2026-10-28,mini,Quick Solve 11,####J##/###RUMS/D###L#M/O#TIE#A/L#A#POS/CUBES#H/E######,2. Plural classification of cane-derived distillates encompassing dark | 5. Formal uniform neckwear or the act of knotting a slender strip of citrus peel for garnish | 6. Point of sale computer terminal used by bartenders to enter drink orders and process checks | 7. Uniform square ice units utilized for standard shaking,1. Southern American bourbon coolers served in chilled frosted silver cups with mounds of mint | 3. Variant of the Julep family pairing spirits and sweetener with muddled seasonal fruit and mint | 4. Italian wine and liqueur label descriptor denoting a distinctly sweet profile | 5. Running ledger of drink purchases settled at the conclusion of a bar visit
2026-10-28,midi,The Daily Grid 11,BUSH##B#W#E/E#P##WINERY/E#E#P#T#B#E/RYEMALT####/##D#S#E#U##/#F##I#RINDS/TIPPLES#C#H/#N##L#W#AIR/SOY#AGE#P#U/######E###B/#FERNETS###,1. Colloquial term for the historic Bushmills Irish whiskey distillery in County Antrim | 6. An agricultural estate or processing facility where harvested grapes are fermented into wine | 8. Malted rye cereal grain adding bold | 11. Plural of the tough protective skins of citrus fruits containing volatile aromatic oil sacs | 13. Plural of the leisurely alcoholic mixed drinks and spirit measures enjoyed by bar patrons | 14. Delicate aerated foam or bubble cloud created with soy lecithin to crown modern cocktails | 15. Fermented umami-rich soybean sauce deployed in micro-drops to season savory modern martinis | 16. Maturation period inside a wooden cask that mellows raw distillate | 17. Plural of the intensely bitter,1. Effervescent fermented malt beverage known as humanity's oldest alcoholic drink | 2. Ergonomic cocktail layout engineered to maximize rapid drink production during busy rushes | 3. Harmonious culinary balance uniting deep botanical bitterness with rich round sweetness | 4. Tangled gossamer threads spun by cellar spiders across historic vintage wine bottles | 5. Colloquial term for a morning revitalizer cocktail or a drop of modifier | 7. Slender dried Mexican chilaca chili pepper delivering deep cocoa and dark raisin notes | 9. To pop the fluted metal crown cap off a craft beer or tonic water bottle using a bar blade | 10. Very pale | 12. Colonial-era sweet-and-sour drinking syrup preserved with vinegar and macerated fruit
2026-10-28,main,The Masterpiece 11,#PERFUME#COPPER/#U#I##A##Y#O##U/#B#C#STEEPED##M/ASHEN####R##M##/J########UGNI#P/I##S#HOOPS##X#E/#W#K##P###N#O#R/CHRYSLER#WELL#L/#O#E##N###W#O#A/ALE###I#####G#G/#E#BLANC##CLYDE/###U##G#PEA####/FLORA#B###SALTS/###N#PAN##K#O#A/PLATE#R###S#W#P,1. Volatile | 4. Malleable reddish metal used to fabricate distillation stills and mule mugs | 7. Soaked in warm or ambient liquid to extract soluble flavors | 8. Tasting of campfire ash and wood embers | 10. Ugni Blanc grape variety forming the vast majority of distillation wash for Cognac | 13. Plural metal bands binding the exterior staves of a wooden aging barrel | 17. Vintage cocktail uniting French Cognac with dry vermouth | 18. The primary sunken work station housing high-volume pouring spirits | 19. Top-fermented malt brew produced with warm fermentation yeast strains | 20. French classification for clear unaged rum | 21. Historic Scottish river running through Glasgow that powered the Scotch export shipping trade | 22. Butterfly pea blossom steeped to create an indigo tea that turns bright violet when exposed to acid | 23. The diverse botanical plant kingdom providing aromatic roots | 24. Mineral seasonings deployed to suppress perceived bitterness and heighten fruit flavors | 27. Heavy copper or stainless saucepan used behind the bar to gently simmer simple syrups | 28. Horizontal perforated bubble tray inside a continuous column still separating vapor fractions,1. Plural of the traditional public houses serving draught ales and hearty tavern fare | 2. Polished cereal grain fermented with koji mold to brew Japanese sake and distilled into soju | 3. Textured rubber runner placed beneath glassware on the bar rail to collect overflow droplets | 4. Eastern Mediterranean island nation renowned for grape pomace zivania and Commandaria wine | 5. Vanilla or cardamom seed vessel macerated into rich cocktail syrups | 6. Distilled spirit crafted directly from fermented sugarcane juice or molasses | 8. Peruvian spicy yellow chili pepper muddled into fiery pisco sours and tropical drinks | 9. The studied culinary art craft and science of preparing mixed alcoholic drinks | 11. The continuous upward stream of tiny effervescent carbonation bubbles in champagne | 12. Hebridean Scottish isle famous for sea-lashed | 14. The morning procedure of cutting fruit stocking ice and setting up speed rails | 15. A whole raw egg shaken vigorously to emulsify both protein and fat into a rich flip | 16. Modern cocktail prefix designating contemporary regional classics like the New York Sour | 20. Sensory descriptor for the dark | 21. Wooden barrel containers used to age and mature spirits wines and beers | 25. Cocktail classification featuring reduced alcohol by volume designed for daytime session sipping | 26. Sweet raw fluid tapped from birch or maple trees fermented into regional wilderness wines
2026-10-29,mini,Morning Coffee 11,####BAY/FIR#L##/L###E##/AIREN#S/S#U#DIP/K#N#E#I/####DEN,1. Coastal cocktail family characterized by the Bay Breeze pairing vodka with fruit juices | 2. Evergreen coniferous tree whose fresh needles infuse alpine gins and brandies | 3. Drought-resistant Spanish white grape variety widely planted to distill Brandy de Jerez | 6. Quick immersion of glassware rims into juice or cordial before applying garnishes | 7. Intimate subterranean cocktail lounge or cozy neighborhood retreat dedicated to fine drinks,1. Homogenized with crushed ice in an electric machine to yield a frozen slush | 2. Curved | 4. A single complete cycle of heating | 5. To twirl a twisted barspoon or swizzle stick rapidly between both palms to chill a drink
2026-10-29,midi,Midday Break 11,C###ZOMBIE#/L#V###O#B##/U#E#W#POURS/BARMEN##S#O/##O#B#P#C#Y/BUNG#CEDAR#/A#I###R#L##/RACKHOUSE##/K#A##A#I###/S####TOPAZ#/##PILS#S###,2. Lethal tropical drink created by Donn Beach combining multiple rums lime and spices | 7. Dispenses measured volumes of liquor from a bottle neck into a jigger or mixing tin | 9. Plural of the professional hosts and mixologists working behind the hospitality counter | 11. Tapered wooden or silicone stopper hammered into a barrel hole to seal it | 12. Aromatic softwood whose fragrant shavings are burned to smoke cocktail glassware | 13. Multi-story timber warehouse engineered with internal timber racks to store and mature whiskey casks | 16. Luminous golden-amber gemstone hue displayed by aged rum and long-matured brandies | 17. Colloquial European shorthand for a crisp,1. Carbonated filtered water charged with dissolved sodium salts to impart clean fizzy effervescence | 3. Long-handled absorbent cotton cleaning tool used to scrub and dry bar floors during closeout | 4. International Bitterness Units scale measuring the concentration of hop bitterness in beer | 5. Delicate alpine flowering plant harvested in high mountain meadows for historic herbal elixirs | 6. Tangled gossamer threads spun by cellar spiders across historic vintage wine bottles | 8. Fermented umami-rich soybean sauce deployed in micro-drops to season savory modern martinis | 10. The South American Andean nation celebrated for grape pisco and the iconic egg-white Pisco Sour | 11. Plural of the dried tree coverings like cinchona and angostura providing bitter cocktail alkaloids | 14. High-protein cereal grain added to brewing mashes to create silky | 15. Measured
2026-10-29,main,Weekend Edition 11,##ASH####T#####/#R#N#DRYSHAKE##/GUSANO#U#U##Y#V/#E#P#G#ZOMBIE#O/##F####U#P####D/#BIT##F##E####K/##N#BELL#RUSSIA/#BOT##O###G#O##/#I##A#AIREN#URN/#T##J#T###I#R##/MIAMIBEACH#ASTI/#N#A##D######E#/AGAR####VINATA#/###CASKS##E##R#/LEGS####KIWI#S#,1. Fine carbon residue produced from roasting agave hearts in subterranean earthen pit ovens | 5. To agitate cocktail ingredients with egg white without ice to build an airy emulsion | 8. The agave moth caterpillar roasted and ground with sea salt and dried chilis for mezcal | 10. Lethal tropical drink created by Donn Beach combining multiple rums lime and spices | 12. Colloquial abbreviation for a micro-dose dash of aromatic bitters | 14. Bell-shaped Japanese jigger or the Division Bell mezcal cocktail created in New York | 15. Historic northern empire renowned for charcoal-filtered wheat vodkas served ice-cold | 18. Colloquial abbreviation for a glass bottle stored in the speed well | 20. Drought-resistant Spanish white grape variety widely planted to distill Brandy de Jerez | 21. Heated ceramic or metal dispensing vessel utilized to keep mulled wine and hot toddies warm | 22. Vintage highball shaking blended Scotch whisky with dry vermouth and tart grapefruit juice | 24. Piedmontese province celebrated for sweet floral sparkling Moscato wines | 26. Plant-based gelatin extracted from red algae utilized for freeze-thaw cocktail clarification | 27. Traditional regional Mexican term for an artisanal rustic distillery producing mezcal or sotol | 29. Wooden barrel containers used to age and mature spirits wines and beers | 30. Droplets of wine or spirit crawling down inside glass walls indicating viscosity | 31. Fuzzy emerald fruit featuring tart black seeds muddled into modern summer caipiroskas,2. The crisp | 3. Secondary wooden or metal kettle on a moonshine still that redistills vapor to boost proof | 4. Intensely bitter aromatic herb used in ancient folk tonics and medicinal restorative cordials | 5. The classic Salty Dog cocktail combining vodka or gin with grapefruit juice in a salted glass | 6. Tart aromatic East Asian citrus fruit bridging the flavors of lemon and grapefruit | 7. Colloquial term for a morning revitalizer cocktail or a drop of modifier | 9. Neutral spirit distilled from grain or potatoes and charcoal-filtered to pristine clarity | 11. Very pale | 13. Gently layered on top of a drink using the convex back of a barspoon | 16. Ugni Blanc grape variety forming the vast majority of distillation wash for Cognac | 17. Broad cocktail category balancing spirit acid and sweet components with harmony | 18. Astringent sharp sensation on the tongue caused by high acidity or un-aged alcohol | 19. Peruvian spicy yellow chili pepper muddled into fiery pisco sours and tropical drinks | 23. Plural of the rustic French pomace brandies distilled from spent grape skins and seeds | 25. Droplets forming on glass walls caused by surface tension and alcohol evaporation | 28. Modern cocktail prefix designating contemporary regional classics like the New York Sour
2026-10-30,mini,Brain Snack 11,OATS###/U###P#C/ZUCCA#A/O###NIP/#HEAD##/####A##/##RINDS,1. High-protein cereal grain added to brewing mashes to create silky | 4. Historic Italian amaro flavored with Chinese rhubarb root and cardamom | 5. A diminutive pour or pocket-sized serving of spirits | 6. Dense frothy layer of foam resting atop a poured beer or shaken sour | 7. Plural of the tough protective skins of citrus fruits containing volatile aromatic oil sacs,1. Sweet aromatic Greek apéritif distilled with anise mint and spices | 2. Fragrant tropical green leaf delivering sweet basmati rice and vanilla perfume to modern drinks | 3. Protective closure over a bottle finish or the frothy crown atop a sour
2026-10-30,midi,Brain Teaser 11,C######KVAS/L#PUBS##E##/AJI#A#LYNE#/R#NET#I#T##/INK#CAP##F#/F###H##SALT/Y##BIT#W#O#/#C##N##A#A#/POMEGRANATE/#R###U#S#E#/#K##SEC##D#,2. Traditional Slavic beverage fermented from stale sourdough rye bread | 4. Plural of the traditional public houses serving draught ales and hearty tavern fare | 6. Peruvian spicy yellow chili pepper muddled into fiery pisco sours and tropical drinks | 7. The horizontal or declining copper pipe directing alcohol vapor from a still head into condenser | 8. Fine wire mesh screen used during double-straining to catch microscopic ice shards | 9. Cuttlefish or squid pigment deployed to turn savory cocktails midnight black | 10. Protective closure over a bottle finish or the frothy crown atop a sour | 12. Mineral compound applied to glass rims to suppress perceived bitterness and heighten sweetness | 13. Colloquial abbreviation for a micro-dose dash of aromatic bitters | 15. Ruby-seeded fruit freshly pressed and simmered with sugar to craft authentic cocktail grenadine | 17. French wine and cordial label indicator denoting a dry profile,1. To remove suspended solids and pectins from juices or punch using centrifuges agar or milk curds | 3. Gas relief valve atop a fermentation tank allowing metabolic carbon dioxide to escape safely | 4. Delicate pastel hue of pink gin seasoned with Angostura bitters or the gin Pink Lady | 5. Scaling and pre-combining cocktail recipes in bulk to ensure consistency and speed | 7. The outer rim of a glassware bowl where garnishes are balanced | 11. Gently layered on top of a drink using the convex back of a barspoon | 12. Plural of the curved swan neck pipes channeling alcohol vapor out of a pot still kettle | 14. Elastic natural bark harvested from Mediterranean cork oaks to seal fine wine and spirit bottles | 16. Intensely bitter aromatic herb used in ancient folk tonics and medicinal restorative cordials
2026-10-30,main,Brain Bender 11,WORT#R##H##Q###/A###CASCO#PULPS/S#V##G##O##E#L#/HOOK##COPPERMUG/##L#P####U#C#M#/##SMOKEGUN#U#S#/CUT#R#G##G#S###/A#E#TAG#DEN#WAX/R#A######N###L#/D#DEEP#VATS##O#/A#####I#R#H#WET/M#CAB#N#R#O#I##/O#O#OAKLACTONE#/M#R#X###C###E##/##K##FUNKY##SIP,1. Sweet unfermented liquid extracted from mashing grains before yeast pitching | 5. Spanish cooperage term for an oak barrel or wooden cask utilized for aging wines | 6. Plural of the juicy fruit solids strained out of freshly pressed lemons and limes | 9. The Red Hook cocktail combining spicy rye whiskey with bitter Punt e Mes and maraschino | 10. Conductive metal mug designed to frost heavily on the outside when holding an icy Moscow Mule | 13. Handheld device burning hardwood sawdust to infuse dense aromatic smoke into glassware | 15. The deliberate operational division separating heads | 16. Printed label attached to a bottle neck declaring vintage | 17. Intimate subterranean cocktail lounge or cozy neighborhood retreat dedicated to fine drinks | 18. Natural beeswax melted over bottle closures to protect aged vintage spirits from ambient oxygen | 20. Sensory descriptor for layered | 21. Plural of the massive wooden or stainless bulk holding tanks used to marry blended spirits | 25. Cocktail formulation featuring a generous measure of vermouth relative to the base spirit | 26. Colloquial bar patron order shorthand for a glass of dry Cabernet Sauvignon red wine | 28. Bicyclic lactone chemical compound responsible for intense coconut and woody aromas in bourbon | 29. Earthy feral fermentation notes characteristic of Jamaican rums and wild cachaças | 30. A small,1. The fermented liquid wort or wine ready to be pumped into a copper still | 2. Microfiber cloth or cotton towel deployed by a bartender to keep the service station dry | 3. Metal band hammered around barrel staves to compress and hold a cask together | 4. Botanical tree genus encompassing the white and European oaks used for spirit casks | 7. Plural of the stone fruits macerated into sweet | 8. The Volstead Act of 1919 providing statutory enforcement for American Prohibition | 11. Sharp biting aroma or flavor sensation characteristic of ginger or overproof rum | 12. Fortified Portuguese wine produced in the Douro Valley and matured in seasoned oak pipes | 14. Emulsifying cocktail ingredient whose white yields a silky textural foam collar | 15. Pungent | 19. Succulent desert plant whose soothing | 22. Ancient South Asian distilled spirit crafted from fermented coconut flower sap or sugarcane | 23. Standard single measure of spirits consumed rapidly from a small heavy-bottomed glass | 24. Cuttlefish or squid pigment deployed to turn savory cocktails midnight black | 25. Plural of the fermented grape beverages encompassing reds | 26. Elastic natural bark harvested from Mediterranean cork oaks to seal fine wine and spirit bottles | 27. Cellar storage crate or modern bag-in-box wine packaging format
2026-10-31,mini,Commuter Special 11,PERRYS#/E##O##B/A#ZESTY/#J##T#R/VALVE#R/#C##M#H/#KIRS##,1. Plural of the traditional fermented pear beverages crafted in England and northern France | 4. Palate descriptor for a bright | 7. The mechanical flow-control device inside a tap or pressure tank regulating liquid output | 8. Plural of the classic French apéritifs combining crème de cassis with crisp dry white wine,1. Butterfly pea blossom steeped to create an indigo tea that turns bright violet when exposed to acid | 2. Savory fish caviar served on mother-of-pearl spoons alongside chilled dry martinis | 3. French fortified red wine apéritif aromatized with quinine bark and orange peel | 5. Slender vertical supports of fine glassware designed to prevent hand heat warming the drink | 6. Jack Daniel's: iconic charcoal-mellowed Tennessee sour mash whiskey from Lynchburg
2026-10-31,midi,Perfect Puzzler 11,#######B##C/#B###SLOE#O/#A#CUT#W##R/#TEA#I####N/U##VERDITAS/N##A#S##E##/IRISH###N#A/C#T###FUDGE/U#A#A#R#E#J/M#L#SPEAR#O/##Y#H#E####,4. Wild astringent blackthorn plum steeped with sugar and spirit to produce traditional sloe gin | 5. The deliberate operational division separating heads | 6. Tannic herbal infusion frequently deployed as the diluting weak element in historic punches | 8. Plural of the bright green Mexican chasers blending pineapple juice | 10. Whiskey style distilled in Ireland traditionally triple-distilled in large copper pot stills | 13. Sensory descriptor for the rich chocolate and dairy notes found in dark imperial stouts | 15. Long narrow strip of cucumber or pineapple used to adorn tall highballs,1. Classic black silk necktie worn by formal bartenders in traditional European hotel bars | 2. Plural of the cereal grains that must comprise at least 51 percent of an American bourbon mash | 3. Iconic fruit bat symbol emblazoned across every bottle of Bacardi rum since 1862 | 4. Circular gentle rotations of a barspoon around a mixing glass to chill without bubbles | 5. Plural of the traditional-method Spanish sparkling wines crafted predominantly in Catalonia | 7. Historic Hungarian bittersweet herbal digestif liqueur formulated with over 40 botanicals | 9. Informal shorthand for a bartender charged with running a service station and hosting guests | 11. Mediterranean country that birthed the Negroni | 12. Tequila matured in small wooden barrels for at least one year to impart amber wood nuances | 13. Pouring technique where fluid volume is estimated accurately by mental tempo without jiggers | 14. Fine carbon residue produced from roasting agave hearts in subterranean earthen pit ovens
2026-10-31,main,The Grand Grid 11,##BOT#MASH#DATE/C###O###U##O#I#/O###NAVYGROG#E#/O#M#G###A#L##R#/PRESS#M#RIDGE##/E#Z##TAX###A###/ROCKS#U####R#K#/S#A##KILNS#ICED/##L######M#B#N#/#H#POP#K#O#ASTI/#O#U#A#I#K#L#U#/#PINEY#TWEED#C#/#S#C##R#E##I#K#/##CHIPOTLE##RYE/###Y##W#L######,1. Colloquial abbreviation for a glass bottle stored in the speed well | 3. Mixture of crushed grains and hot water steeped to convert starches into fermentable sugars | 5. Sweet desert palm fruit steeped into rich brandies and spiced syrups for winter punches | 8. Potent three-rum tropical cocktail traditionally served around an architectural shaved ice cone | 11. Handheld hinged metal lever squeezer or wooden screw press extracting juice from fresh fruit | 13. Elevated mountain topography providing cool nights and high-acid terroir for wine grapes | 15. Federal excise duty levied on distilled spirits that sparked the historic Whiskey Rebellion | 16. Solid chunks of ice or a classic short tumbler served with spirits over ice | 18. Plural of the large drying ovens where germinated barley is halted with warm air or peat smoke | 20. Thoroughly chilled with solid ice chunks or served over crystalline cubes in a tumbler | 22. Audible sound of a sparkling wine cork release or colloquial term for soda | 25. Piedmontese province celebrated for sweet floral sparkling Moscato wines | 26. Aromatic descriptor for the crisp evergreen aroma imparted by juniper berries in gin | 27. Historic Scottish river flowing through the Borders region marking the English frontier | 30. Smoke-dried ripe red jalapeño pepper delivering pungent campfire smoke to savory cocktails | 31. Grain spirit that lends a dry and peppery spice backbone to a classic Manhattan,2. Spring-loaded utensil used to handle ice cubes and fragile garnishes hygienically | 4. Crystalline carbohydrate derived from cane or beets vital for simple syrup | 5. The classic Salty Dog cocktail combining vodka or gin with grapefruit juice in a salted glass | 6. An individual horizontal layer of barrels stacked in a multi-story whiskey rickhouse | 7. Plural of the master craftsmen who construct | 9. Historic classification for vintage cocktail formulas or Victorian sweetened Old Tom gin | 10. Artisanal Mexican agave distillate noted for its earth-pit roasted smoky character | 12. Hawaiian tropical island whose pineapples and sugar cane inspire exotic tiki punch bowls | 14. Simple Italian two-ingredient masterpiece combining bitter Campari with aerated orange juice | 17. The American commonwealth renowned as the historic distilling heartland of bourbon | 19. Dense vapor generated by burning oak or applewood chips beneath a presentation cloche | 21. Plural of the green cone flowers that provide bitter alpha acids and floral aromatics to beer | 22. Possessing bold spirit strength and concentrated vibrant flavor intensity | 23. To settle the itemized cocktail ledger before departing a hospitality establishment | 24. Portable leather or canvas roll containing a bartender's personal jiggers | 28. The primary sunken work station housing high-volume pouring spirits | 29. Linear alignment of bottles arranged along a speed rail or backbar shelf
2026-11-01,mini,Fast Five 11,F###TEA/A#K#O#L/TOAST#E/##B#S#S/WOOD###/##S####/#SUZE##,2. Tannic herbal infusion frequently deployed as the diluting weak element in historic punches | 5. The warm | 6. Porous European or American oak whose extraction provides vanillin and color to resting spirits | 7. Iconic French bittersweet apéritif distilled from wild yellow gentian roots,1. Rich lipid substance like melted butter | 2. Plural of the historic daily rum rations issued to sailors across the British Royal Navy | 3. Plural classification of top-fermented beers encompassing pale ales | 4. Juicy
2026-11-01,midi,Coffee Break 11,N##Y##F##P#/U#COPPERMUG/T##L##I##P#/SMOKY#N#KIT/######T##T#/M#M######R#/IRISHCOFFEE/N#D#E##L###/T#O#A#SOJUS/##RED##W#R#/AJI#SOY#INN,5. Conductive metal mug designed to frost heavily on the outside when holding an icy Moscow Mule | 6. Campfire and peat aroma notes characteristic of Islay whiskies and pit-roasted mezcal | 7. Portable leather or canvas roll containing a bartender's personal jiggers | 10. Warming winter serve uniting hot drip coffee Irish whiskey and brown sugar beneath floating cream | 13. Plural of the clear Korean distilled spirits traditionally produced from rice or sweet potatoes | 15. Vibrant crimson tint characteristic of an Italian bitter apéritif or sweet vermouth | 16. Peruvian spicy yellow chili pepper muddled into fiery pisco sours and tropical drinks | 17. Fermented umami-rich soybean sauce deployed in micro-drops to season savory modern martinis | 18. Historic roadside public house providing food,1. Complimentary roasted and salted legumes served on bar counters to stimulate thirst | 2. Rich | 3. The impure heads and tails fraction from a distillation run set aside to be redistilled | 4. Hinged wooden A-frame riddling rack used to tilt and turn champagne bottles | 8. Herbaceous aromatic plant gently pressed or slapped to release essential oils in a Julep | 9. Electric-green Japanese melon liqueur flavored with premium muskmelon distillates | 11. The volatile | 12. The calibrated fluid stream emerging from a speed pour spout into a metal jigger | 14. Heated ceramic or metal dispensing vessel utilized to keep mulled wine and hot toddies warm
2026-11-01,main,Heavy Hitter 11,H##K######E##R#/OPTIC#TAG#TIKIS/S##R####U#N##C#/TAPS#CHAMPAGNE#/E#I##U#L#A##O#I/DILL#BOBBYBURNS/##S##A#A####W#O/#KNOT###O###A#A/J#E####CARBOY#M/ARRACK##K#R###Y/C###A#ROE#ETHYL/K#BAR#U#N#A#O##/#L##V#M###DIP##/COOPERS#####SIP/#W##D##########,5. Wall-mounted inverted measuring dispenser ubiquitous in British pubs to pour exact spirits | 6. Printed label attached to a bottle neck declaring vintage | 8. Plural term for tropical drinks served in exotic ceramic Polynesian vessels | 9. Plural of the draught beer faucets lining the back counter of a modern public house | 11. French sparkling wine produced exclusively within its eponymous region via method champenoise | 16. Feathery green herb lending savory caraway-like notes to Scandinavian aquavits and martinis | 17. Classic Scotch cocktail marrying blended whisky with sweet vermouth and Bénédictine | 18. Decorative knot tied into a long strip of citrus peel before floating it across a drink | 21. Large rigid glass or plastic jug used for fermenting beer or resting spirits | 23. Ancient South Asian distilled spirit crafted from fermented coconut flower sap or sugarcane | 25. Savory fish caviar served on mother-of-pearl spoons alongside chilled dry martinis | 26. Ethyl alcohol or ethanol | 28. The counter across which hospitality and mixed drinks are served | 30. Quick immersion of glassware rims into juice or cordial before applying garnishes | 31. Plural of the master craftsmen who construct | 32. A small,1. Welcomed and attended to with empathetic generosity by a professional bartender | 2. Plural of the classic French apéritifs combining crème de cassis with crisp dry white wine | 3. Volcanic Sicilian mountain whose mineral-rich slopes yield complex wines and herbal amari | 4. Polished cereal grain fermented with koji mold to brew Japanese sake and distilled into soju | 7. Arabic tree exudate boiled with sugar to produce velvety gomme syrup | 10. Tall slender footed glass designed to showcase the clarity and bubbles of crisp lagers | 11. The Caribbean island nation that birthed the Daiquiri | 12. Quercus alba or American white oak utilized for charred bourbon barrels | 13. To settle the itemized cocktail ledger before departing a hospitality establishment | 14. Nordic home of Linje aquavit aged inside oak sherry casks that cross the equator on sea vessels | 15. Isoamyl acetate: the signature ester responsible for delivering rich banana notes to wheat beers | 19. Exhibiting the rich | 20. Jack Daniel's: iconic charcoal-mellowed Tennessee sour mash whiskey from Lynchburg | 22. Sensory descriptor for toasty brioche and yeast notes developed in vintage champagne | 24. Hand-sculpted with a serrated Japanese knife from clear block ice into diamonds or spheres | 25. Plural classification of cane-derived distillates encompassing dark | 27. Plural of the green cone flowers that provide bitter alpha acids and floral aromatics to beer | 29. Cocktail classification featuring reduced alcohol by volume designed for daytime session sipping
2026-11-02,mini,Quick Solve 12,###RUN#/TIE##A#/##SOURS/FAT##D#/O#E##I#/GERMANY/##Y##I#,1. A single complete cycle of heating | 3. Formal uniform neckwear or the act of knotting a slender strip of citrus peel for garnish | 5. Broad cocktail category balancing spirit acid and sweet components with harmony | 6. Rich lipid substance like melted butter | 7. The European brewing heartland renowned for pristine pilsners,2. Historic distillery in Bassano del Grappa celebrated for grappa and bitter digestifs | 4. Fruity funk-forward aroma profile produced by esters during warm wild fermentation | 6. Dense aromatic white vapor produced when dry ice or liquid nitrogen meets cocktail liquids
2026-11-02,midi,The Daily Grid 12,LOG#SCUM##U/E####O##V#M/MUG#SLICE#A/O#I##D##RUM/N#N#P###D#I/G##TUMBLER#/R#G#P######/AMARI#SHARD/S#S#T#P#G#R/S##GREECE#I/####E#Y#D#P,1. The official shift journal recording daily bar inventory | 2. Frothy impurity layer that rises to the surface when boiling raw sugar syrups | 6. Heavy handled vessel often crafted from copper or stoneware for cold drinks | 8. Flat triangular or wedge-shaped cutting of fresh fruit applied to a cocktail rim | 9. Distilled spirit crafted directly from fermented sugarcane juice or molasses | 11. Flat-bottomed drinking vessel lacking a stem or foot commonly used for neat pours | 13. Plural classification of bitter herbal Italian digestif liqueurs | 14. Sharp needle of ice caught by a fine-mesh cone strainer during the double-straining pass | 17. Mediterranean nation celebrated for aniseed-flavored ouzo and floral Metaxa grape brandy,1. Stalky tropical grass providing clean | 3. Essential serving temperature for crisp Martinis and carbonated highballs | 4. The savory | 5. Portuguese descriptor for young | 7. Botanical spirit flavored predominantly with aromatic juniper berries | 10. Hinged wooden A-frame riddling rack used to tilt and turn champagne bottles | 12. Carbon dioxide or nitrogen used to carbonate beverages and propel draught liquid through lines | 14. Fast-flowing Scottish river whose gravelly valley cradles the world's densest whisky region | 15. Matured inside charred or toasted wooden casks to pick up color and complexity | 16. The slow
2026-11-02,main,The Masterpiece 12,#S#HAITI#ACIDS#/HAT#D######N###/#N#TOMCOLLINS##/EGG#N##I##N####/#R#HIPFLASK##V#/SIP#S####A##SAP/#T#S#D#K#ZIP#L#/#A#E#ROUGE###L#/#SECCO#M#R##NEW/#####P#M#AEJO##/#CAVAS#E#C##N##/##N#G##L#SPLITS/##CREMA#I#U#N#O/##H#####COLLOID/#DOLINS#E#L###A,2. Caribbean nation renowned for its artisanal | 4. Plural of the organic chemical compounds like citric and malic acid that balance cocktail sugar | 6. Dense | 7. Old Tom gin variation of the Collins family charged with sparkling mineral water | 10. Emulsifying cocktail ingredient whose white yields a silky textural foam collar | 11. Contoured pocket-sized metal flask designed to fit flush against the hip or breast | 14. A small | 15. Sweet raw fluid tapped from birch or maple trees fermented into regional wilderness wines | 19. The bright effervescent snap and energetic citrus bite experienced in a well-balanced highball | 20. French classification for sweet red vermouth or rich red table wine | 21. Italian wine and vermouth label descriptor denoting a dry crisp finish | 22. Modern cocktail prefix designating contemporary regional classics like the New York Sour | 23. Tequila matured in small wooden barrels for at least one year to impart amber wood nuances | 24. Plural of the traditional-method Spanish sparkling wines crafted predominantly in Catalonia | 27. Plural of the miniature 187-milliliter bottles of champagne or wine holding a single serving | 30. The dense | 32. A mixture where microscopic insoluble particles remain evenly suspended throughout a liquid | 33. Plural representation of the crisp botanical vermouths produced in Chambery,1. Plural of the savory Mexican accompaniments to tequila blending citrus | 3. Classic low-proof cocktail uniting sweet vermouth and dry sherry with orange bitters | 5. Historic roadside public house providing food | 8. Volatile aromatic liquid expelled from citrus rinds to perfume the surface of a cocktail | 9. Cuttlefish or squid pigment deployed to turn savory cocktails midnight black | 12. Plural form of the quintessential New Orleans rye whiskey and absinthe libation | 13. Valle de Guadalupe: Mexico's premier coastal wine and artisanal brandy region in Baja | 16. French wine and cordial label indicator denoting a dry profile | 17. Plural of the tart Lemon Drop cocktails shaken with vodka | 18. Traditional Northern European sweet cordial flavored with distilled caraway | 22. Distinguished Friulian family distillery celebrated for artisanal grappa and Amaro Nonino | 25. Dried poblano chile providing sweet raisin notes and smoky warmth to Mexican liqueurs | 26. Maturation period inside a wooden cask that mellows raw distillate | 28. The deliberate physical stroke on a beer engine handle drawing real cask ale from the cellar | 29. Carbonated water charged with carbon dioxide to impart effervescence without sugar | 31. The bartender's indispensable thermodynamic coolant and dilution control agent
2026-11-03,mini,Morning Coffee 12,SOURS##/A###NET/L###A#A/TIP#POS/Y#O###T/#PULQUE/##R###R,1. Broad cocktail category balancing spirit acid and sweet components with harmony | 3. Fine wire mesh screen used during double-straining to catch microscopic ice shards | 5. Financial gratuity left by a patron to reward attentive hospitalian service | 7. Point of sale computer terminal used by bartenders to enter drink orders and process checks | 8. Ancient cloudy Mexican beverage produced by naturally fermenting fresh raw agave sap,1. Briny savory flavor note that brightens fruit nuances and suppresses bitterness | 2. The crisp | 4. Professional evaluator assessing the balance flavor and defects in spirits | 6. Act of dispensing spirits from a bottle neck using measured tempo and speed spouts
2026-11-03,midi,Midday Break 12,##G#H#C#R##/#MIXOLOGIES/##N#T#C#C#T/##S##BODEGA/####P#A###V/###TIN#WINE/##D#P####O#/BARKEEPING#/U#O#S#A####/G#P##SLINGS/##SOY#E####,5. Plural of the diverse global schools | 7. Traditional Spanish wine tavern | 9. Metal vessel of a two-piece Boston shaker used to conduct thermal transfer | 10. Fermented beverage crafted from the juice of vitis vinifera grapes | 13. The art | 15. Plural of the historic long drink template pairing spirits water sugar and fruit cordials | 16. Fermented umami-rich soybean sauce deployed in micro-drops to season savory modern martinis,1. Plural classification of botanical distillates defined by dominant wild juniper berry aromatics | 2. Serving temperature suited for a buttered rum or winter toddy | 3. Roasted cacao bean powder providing earthy chocolate bitterness to flips and dessert drinks | 4. Polished cereal grain fermented with koji mold to brew Japanese sake and distilled into soju | 6. Narrow | 8. Plural of the large wooden casks used to age and ship fortified Portuguese port wine | 11. Rich holiday beverage crafted with beaten eggs cream sugar and spirits | 12. Plural of the tart Lemon Drop cocktails shaken with vodka | 13. Wild ginger fermentation starter culture cultivated with sugar and water to brew ginger beer | 14. Light-hued ale style characterized by crisp malt profiles and aromatic hops
2026-11-03,main,Weekend Edition 12,#ANTICA#BROTH##/#L###H#F###E###/#B#L#I#U#FLACON/PALE#CANE###R#O/###M#O#K##M#U#G/#C#O#R#Y#CUPS#S/SHANDY####D#T##/#I#G####BUD#ANT/#CARBOY#E#L###A/#H#A##E#A#I#B#V/JARS#BARMEN#U#E/###S##S###G#C#R/#F##TOT#N###K#N/#A##A#SWIZZLER#/#TING###P###T##,1. Carpano Antica Formula: luxurious sweet red vermouth rich with real vanilla beans | 3. Savory clarified meat or vegetable stock warmed with spirits for winter savory drinks | 7. Small elegant glass bottle or pocket flask used to hold rare liqueurs or bitters | 10. Light-hued ale style characterized by crisp malt profiles and aromatic hops | 11. Tall tropical grass whose sweet sap is harvested to produce sugar and rum | 14. Plural of the historic British summer wine and fruit coolers traditionally fortified with spirits | 15. Refreshing European cooler combining draught beer with sparkling lemonade or ginger beer | 16. Aromatic dried flower bud like clove or unexpanded hop cone used in brewing and infusions | 17. Roasted and crushed chicatana flying ant seasoning blended with salt to accompany neat mezcal | 19. Large rigid glass or plastic jug used for fermenting beer or resting spirits | 22. Plural of the handled glass mason vessels frequently utilized for rustic moonshine cocktails | 23. Plural of the professional hosts and mixologists working behind the hospitality counter | 25. Daily rum ration issued to Royal Navy sailors until Black Tot Day in 1970 | 27. A natural wooden branch featuring radial prongs used to froth crushed ice drinks | 28. Effervescent Jamaican sparkling grapefruit soda frequently paired with overproof white rum,1. Quercus alba or American white oak utilized for charred bourbon barrels | 2. Roasted root historically brewed with coffee in New Orleans used in dark liqueurs | 4. Tannic herbal infusion frequently deployed as the diluting weak element in historic punches | 5. Earthy feral fermentation notes characteristic of Jamaican rums and wild cachaças | 6. Stalky tropical grass providing clean | 8. Classic nineteenth-century cocktail featuring an all-over sugar rim and huge lemon peel | 9. Plural of the rich egg | 12. Firmly pressing fresh fruit or herbs with a blunt mallet to release natural oils | 13. Ancient Andean beverage produced by fermenting corn chewed to convert starches | 16. Famous Kentucky bourbon distilling family synonymous with Clermont and white label whiskey | 18. Historic roadside inn or gathering hall licensed to serve hearty food and fermented drinks | 20. Plural of the diverse strains of microscopic fungi that convert simple sugars into ethanol | 21. Colloquial term for a large heavy-bottomed rocks glass used for Old Fashioneds | 24. Rich lipid substance like melted butter | 25. Printed label attached to a bottle neck declaring vintage | 26. A diminutive pour or pocket-sized serving of spirits
2026-11-04,mini,Brain Snack 12,##WELL#/##A###T/#DROP#O/M#M#E#S/A#I#GAS/TINS#J#/##G#OIL,1. The primary sunken work station housing high-volume pouring spirits | 3. Small bead of liquid such as saline solution or aromatic bitters applied with an eye-dropper | 6. Carbon dioxide or nitrogen used to carbonate beverages and propel draught liquid through lines | 8. Plural of the stainless steel vessels that seal together to form a two-piece Boston shaker | 9. Volatile aromatic liquid expelled from citrus rinds to perfume the surface of a cocktail,1. The gentle internal glow produced by the ingestion of high-proof spirits | 2. To throw a cocktail through the air between high-held vessels to aerate and chill smoothly | 4. Historic colonial measure for a unit of spirits served with soda | 5. Textured rubber runner placed beneath glassware on the bar rail to collect overflow droplets | 7. Peruvian spicy yellow chili pepper muddled into fiery pisco sours and tropical drinks
2026-11-04,midi,Brain Teaser 12,#BIB#M##BAG/#U##RIB##J#/#L#N#S##FIR/ALCOHOL###I/#S#R####P#C/CHAI##STAVE/#O###W##S##/#TOMCOLLINS/B#B##R##L##/U#ANETHOLE#/DEN#####A##,1. Acronym for Bottled in Bond | 3. Canvas Lewis pouch utilized with a heavy wooden mallet to pulverize clear ice into gravel | 5. Crisp stalk of fresh green celery trimmed to garnish a savory Bloody Mary or Red Snapper | 7. Evergreen coniferous tree whose fresh needles infuse alpine gins and brandies | 9. Organic ethanol compound produced by yeast fermentation that induces intoxication | 11. Spiced black tea infusion featuring cardamom cloves and cinnamon used in punches | 12. Narrow | 14. Old Tom gin variation of the Collins family charged with sparkling mineral water | 17. The volatile essential oil compound responsible for the signature licorice flavor in anise | 18. Intimate subterranean cocktail lounge or cozy neighborhood retreat dedicated to fine drinks,1. Savory mid-century classic cocktail shaking cold vodka with seasoned beef bouillon and lemon | 2. Fermented Japanese savory paste fat-washed into bourbon to impart deep brothy umami | 4. Peruvian spicy yellow chili pepper muddled into fiery pisco sours and tropical drinks | 6. Toasted marine seaweed sheet clipped to glassware rims to provide maritime salinity | 8. Polished cereal grain fermented with koji mold to brew Japanese sake and distilled into soju | 10. Slender dried Mexican chilaca chili pepper delivering deep cocoa and dark raisin notes | 13. Sweet unfermented liquid extracted from mashing grains before yeast pitching | 15. Western Highland coastal distillery town renowned for maritime | 16. Aromatic dried flower bud like clove or unexpanded hop cone used in brewing and infusions
2026-11-04,main,Brain Bender 12,#B##YIELD##EGG#/VALLE#####A#L#S/#R##A###RYEMALT/#KIRS#V###R#Z#E/#E##TAILS#AGE#M/SEED##E#U#T####/#P#A#MUDDLED##C/P##T##X#S#D#C#A/I##E##C##P#HOPS/N#B##RANCIO#C#I/KIR#D#R##T#DOWN/##ICECRUSHER##O/POS#E#E#M##Y###/A#K#PISCOLA####/N#######G######,2. The total percentage volume of pure alcohol extracted from a mashing and distillation run | 3. Emulsifying cocktail ingredient whose white yields a silky textural foam collar | 5. Valle de Guadalupe: Mexico's premier coastal wine and artisanal brandy region in Baja | 8. Malted rye cereal grain adding bold | 9. Plural of the classic French apéritifs combining crème de cassis with crisp dry white wine | 11. The heavy | 13. Maturation period inside a wooden cask that mellows raw distillate | 14. Aromatic botanical capsule like coriander | 16. Pressed firmly with a blunt tool to extract juices oils and aromatic compounds | 21. Plural of the green cone flowers that provide bitter alpha acids and floral aromatics to beer | 23. Complex | 24. Classic French apéritif combining crème de cassis with a pour of crisp dry white Aligoté wine | 26. Cocktail served chilled without ice in a stemmed glass after being shaken or stirred | 27. Mechanical hand-cranked machine equipped with steel teeth used to crush ice blocks into gravel | 29. Point of sale computer terminal used by bartenders to enter drink orders and process checks | 30. Popular Chilean highball combining South American grape pisco with cola over ice,1. Colloquial term for a professional host and bartender working behind the counter | 2. Microscopic single-celled fungus responsible for converting sugar into ethanol and carbon dioxide | 4. A glossy sweet reduction of citrus juice and sugar painted along the rim of a cocktail glass | 6. Charged with microscopic air bubbles through vigorous shaking to create velvety mouthfeel | 7. Slender vertical glass column supporting the bowl to prevent hand heat warming the cocktail | 10. Plural form of the potent rye whiskey Cognac and herbal French liqueur cocktail of the French Quarter | 12. The thick aerated foam head blooming atop a freshly poured draught beer or stout | 15. Sweet desert palm fruit steeped into rich brandies and spiced syrups for winter punches | 17. Classic gin sour accented with maraschino liqueur lemon juice and orange bitters | 18. Delicate pastel hue of pink gin seasoned with Angostura bitters or the gin Pink Lady | 19. Cream of coconut shorthand | 20. Bitter white spongy layer beneath citrus skin that must be avoided when garnishing | 22. Sharp invigorating sensation delivered by dry sparkling ciders and gin highballs | 25. Sensory descriptor for layered | 26. Flavor descriptor denoting the complete absence of residual sweetness | 28. A thick | 29. Heavy copper or stainless saucepan used behind the bar to gently simmer simple syrups
2026-11-05,mini,Commuter Special 12,PEA###S/I#L#G#A/T#CRISP/##O#F##/ASH#TIP/##O###O/VALVE#X,1. Butterfly pea blossom steeped to create an indigo tea that turns bright violet when exposed to acid | 5. Clean refreshing sensation produced by high acidity brisk carbonation and cold | 6. Fine carbon residue produced from roasting agave hearts in subterranean earthen pit ovens | 7. Financial gratuity left by a patron to reward attentive hospitalian service | 9. The mechanical flow-control device inside a tap or pressure tank regulating liquid output,1. Subterranean earthen conical oven filled with burning hardwood used to roast agave hearts | 2. Organic ethanol compound produced by yeast fermentation that induces intoxication | 3. Sweet raw fluid tapped from birch or maple trees fermented into regional wilderness wines | 4. A premium bottle of wine or aged spirit presented to a bartender or dinner host | 8. Traditional ceremonial corn and sugarcane distillate produced in Chiapas
2026-11-05,midi,Perfect Puzzler 12,##WEB##POD#/####U#T##E#/##BALSAMIC#/K#I#B#N##A#/I#J###K#INN/R#O###S##T#/SOURS##GREY/C###H####R#/H#FLAMED#S#/####R#G####/##BODEGAS##,1. Tangled gossamer threads spun by cellar spiders across historic vintage wine bottles | 3. Vanilla or cardamom seed vessel macerated into rich cocktail syrups | 6. Aged acidic grape condiment from Modena applied by the drop to enrich fruit sours | 8. Historic roadside public house providing food | 9. Broad cocktail category balancing spirit acid and sweet components with harmony | 11. Grey Goose: luxury French vodka distilled from Picardy wheat and Gensac spring water | 12. Ignited with a match to singe expressed citrus oils and create dramatic aromatic sparks | 14. Plural of the traditional Spanish aging cellars where sherry soleras mature under heat,2. The swollen rounded lower kettle section of a traditional copper alembic still | 4. Plural of the heavy cut-crystal bottles used to aerate fine wines and showcase aged spirits | 5. Plural of the large stainless steel fermentation and bright beer conditioning vessels | 6. Historic stirred classic cocktail combining gin | 7. Clear German fruit eau-de-vie double-distilled from whole crushed morello cherries | 10. Sharp needle of ice caught by a fine-mesh cone strainer during the double-straining pass | 13. Emulsifying cocktail ingredient whose white yields a silky textural foam collar
2026-11-05,main,The Grand Grid 12,#######SUDACHI#/###########H##O/########P#AROMA/###P##N#E##Y##T/##MICHELADAS##S/#S#L##T#T##LOG#/TWIST######E###/#A###TINCTURE#S/INK#D#N#H###TOT/#S#FRANCE#PIN#I/C#S#Y###C###AIR/O#A##SHAKERS##S/COPITA#S###E#D#/O####G#TOBACCO#/A#BITE#I#####G#,1. Small | 5. Volatile scent compounds perceived orthonasally or retronasally that govern flavor | 8. Plural of the savory Mexican beer cocktails mixed with lime juice | 10. The official shift journal recording daily bar inventory | 11. Strip of citrus peel curled expressively to release oils over a cocktail glass | 12. A concentrated single-ingredient botanical extract prepared with high-proof neutral spirit | 17. Cuttlefish or squid pigment deployed to turn savory cocktails midnight black | 19. Daily rum ration issued to Royal Navy sailors until Black Tot Day in 1970 | 20. European nation celebrated for Cognac | 21. Slender metal or bamboo skewer used to spear brandied cherries and olives | 24. Delicate aerated foam or bubble cloud created with soy lecithin to crown modern cocktails | 25. Plural of the two-piece metal tins utilized to chill | 28. Small shallow glass or clay vessel designed to concentrate aromas when sipping mezcal | 30. Rich | 31. Sharp alcohol burn or ginger heat perceived acutely on the palate,2. Vintage cocktail uniting French Cognac with dry vermouth | 3. High-protein cereal grain added to brewing mashes to create silky | 4. Decomposed vegetable matter burned to dry barley malt and impart phenolic smoke | 6. Colloquial European shorthand for a crisp | 7. Fine wire mesh screen used during double-straining to catch microscopic ice shards | 9. Plural of the curved swan neck pipes channeling alcohol vapor out of a pot still kettle | 13. Historic roadside public house providing food | 14. The tabulated bill of charges presented to a patron at the conclusion of their bar visit | 15. Volcanic Sicilian mountain whose mineral-rich slopes yield complex wines and herbal amari | 16. Circular gentle rotations of a barspoon around a mixing glass to chill without bubbles | 18. Flavor descriptor denoting the complete absence of residual sweetness | 22. Roasted cacao bean powder providing earthy chocolate bitterness to flips and dessert drinks | 23. Sweet raw fluid tapped from birch or maple trees fermented into regional wilderness wines | 25. Velvety green garden herb with piney camphor notes shaken into savory modern gin smashes | 26. Piedmontese province celebrated for sweet floral sparkling Moscato wines | 27. French wine and cordial label indicator denoting a dry profile | 29. The classic Salty Dog cocktail combining vodka or gin with grapefruit juice in a salted glass
2026-11-06,mini,Fast Five 12,SWIG#Y#/#E#I#I#/STINGER/P####L#/I#POND#/L###U##/LIP#TAP,1. A generous unmeasured gulp of a beverage taken directly from a glass or flask | 5. Classic stirred nightcap pairing Cognac with white crème de menthe served neat or on the rocks | 6. Man-made cooling basin providing recycled cold water to distillery condensers | 8. The outer rim of a glassware bowl where garnishes are balanced | 9. Faucet system used to draw draught beer or pre-batched cocktails from a pressurized keg,2. Cocktail formulation featuring a generous measure of vermouth relative to the base spirit | 3. Botanical spirit flavored predominantly with aromatic juniper berries | 4. The total percentage volume of pure alcohol extracted from a mashing and distillation run | 5. Liquid droplets caught safely inside the lower rubber grate of a bar service mat | 7. Hard-shelled seed like hazelnut or walnut macerated to yield rich nutty winter liqueurs
2026-11-06,midi,Coffee Break 12,NOSE######F/##Y#W##N##I/YARAIBEAKER/##U#N##P#G#/CUP#E##KEGS/H#S#S##I###/E####TONKA#/C##JAR###C#/KIR##U#DRIP/#C#WEB###D#/#E#####DISH,1. The complex olfactory bouquet of aromas perceived above a cocktail glass | 6. Heavy Japanese diamond-cut crystal pitcher crafted specifically for smooth stirred drinks | 8. Pimm's-based fruit and botanical cooler traditionally garnished with cucumber | 9. Plural of the stainless steel pressurized barrels delivering draught beer and cider to bar taps | 10. Fragrant South American seed rich in natural coumarin evoking vanilla | 12. Mason glass vessel popular for serving rustic Moonshine drinks and shrub coolers | 13. Classic French apéritif combining crème de cassis with a pour of crisp dry white Aligoté wine | 15. The slow | 16. Tangled gossamer threads spun by cellar spiders across historic vintage wine bottles | 17. Shallow ceramic bar bowl filled with spiced olives or roasted almonds for table snacks,2. Plural category of concentrated liquid sweeteners balancing cocktail acids | 3. Evergreen coniferous tree whose fresh needles infuse alpine gins and brandies | 4. Plural of the fermented grape beverages encompassing reds | 5. Small folded paper square or linen coaster placed beneath a served drink to catch condensation | 7. Emulsifying cocktail ingredient whose white yields a silky textural foam collar | 8. The tabulated bill of charges presented to a patron at the conclusion of their bar visit | 10. Coagulated protein and hop sediment that settles to the bottom of the brewing kettle | 11. Plural of the organic chemical compounds like citric and malic acid that balance cocktail sugar | 14. The bartender's indispensable thermodynamic coolant and dilution control agent
2026-11-06,main,Heavy Hitter 12,##BARKEEP##M###/####A###U##I#A#/#N#WINEGLASS#E#/POS#L#T#Q##TARO/#G#M##N#URN##A#/#SHIITAKE##KIT#/###X#I#######I#/#PROSECCOS#VENT/#A#L##A######G#/BLOODANDSAND###/#E#G#G##U#O#EGG/B##ICED#D#I##I#/O##S#D##SALOONS/WORT######L#A##/L##SWIG#CRYSTAL,1. Colloquial term for a professional host and bartender working behind the counter | 7. Stemmed glass featuring an oval bowl that tapers at the rim to concentrate wine aromas | 9. Point of sale computer terminal used by bartenders to enter drink orders and process checks | 10. Starchy purple tropical root vegetable pureed into vibrant | 12. Heated ceramic or metal dispensing vessel utilized to keep mulled wine and hot toddies warm | 13. Rich earthy mushroom infused into rye whiskey for savory Manhattan variations | 15. Portable leather or canvas roll containing a bartender's personal jiggers | 16. Plural of the tank-fermented Italian sparkling wines produced from Glera grapes in Veneto | 18. Gas relief valve atop a fermentation tank allowing metabolic carbon dioxide to escape safely | 19. Scotch cocktail named after a bullfighting movie combining blended whisky Cherry Heering sweet vermouth and orange | 23. Emulsifying cocktail ingredient whose white yields a silky textural foam collar | 26. Thoroughly chilled with solid ice chunks or served over crystalline cubes in a tumbler | 27. Plural of the historic 19th-century American drinking halls featuring wooden swinging doors | 29. Sweet unfermented liquid extracted from mashing grains before yeast pitching | 30. A generous unmeasured gulp of a beverage taken directly from a glass or flask | 31. High-clarity glass formulated with minerals,2. The front perimeter channel of the bar counter where patrons lean and drinks are presented | 3. Ancient cloudy Mexican beverage produced by naturally fermenting fresh raw agave sap | 4. An ultra-fine atomized cloud of peated scotch or absinthe sprayed across a finished cocktail | 5. Introducing ambient oxygen to a liquid to volatilize harsh ethanol and open aromas | 6. Plural of the rich egg | 8. Volcanic Sicilian mountain whose mineral-rich slopes yield complex wines and herbal amari | 11. Plural term for dedicated students and practitioners of cocktail craft | 14. Formal uniform neckwear or the act of knotting a slender strip of citrus peel for garnish | 16. Light-hued ale style characterized by crisp malt profiles and aromatic hops | 17. Aluminum beverage container increasingly used for ready-to-drink craft cocktails | 20. Matured inside charred or toasted wooden casks to pick up color and complexity | 21. The thick aerated foam head blooming atop a freshly poured draught beer or stout | 22. Noilly Prat: renowned French dry vermouth producer situated on the Mediterranean coast | 24. Botanical spirit flavored predominantly with aromatic juniper berries | 25. Vessel designed for communal punches or the fluid basin of a cocktail glass | 28. Cereal grain added to brewing mashes to contribute velvety mouthfeel and creamy head to stout
2026-11-07,mini,Quick Solve 13,#A##MUD/#SOJU#U/#H##L#N/P#CHECK/U#H####/FLAMED#/F#R####,2. Sediment or rich dark slurry left at the base of poorly strained infusions | 4. Clear Korean distilled spirit traditionally produced from rice or sweet potatoes | 6. The tabulated bill of charges presented to a patron at the conclusion of their bar visit | 7. Ignited with a match to singe expressed citrus oils and create dramatic aromatic sparks,1. Fine carbon residue produced from roasting agave hearts in subterranean earthen pit ovens | 2. The classic highball template combining a base spirit with spicy ginger beer and fresh lime | 3. German dark bottom-fermented lager style brewed with Munich malts delivering toasty bread notes | 5. A fragrant plume of wood smoke escaping when a cloche is lifted before a guest | 6. The blackened carbonized wood layer torched into the interior walls of new bourbon barrels
2026-11-07,midi,The Daily Grid 13,#SUB##V##P#/#H##T#ACAI#/CREMANT##L#/#U##G##U#S#/#BIB###N#N#/#####BUCKET/P#MISO#A#R#/L#I##NIP###/U#L##I##RIB/MALLET##O##/S#S##ORDER#,1. To swap one spirit or modifier for another in a standard recipe to create a variation | 5. Dark purple Brazilian Amazonian palm berry pureed into vibrant | 6. Appellation for French traditional-method sparkling wines produced outside Champagne | 8. Acronym for Bottled in Bond | 9. Colloquial term for a large heavy-bottomed rocks glass used for Old Fashioneds | 11. Fermented Japanese savory paste fat-washed into bourbon to impart deep brothy umami | 12. A diminutive pour or pocket-sized serving of spirits | 13. Crisp stalk of fresh green celery trimmed to garnish a savory Bloody Mary or Red Snapper | 14. Heavy wooden hammer utilized alongside a canvas Lewis bag to crush ice | 15. The itemized drink ticket transmitted from the floor to the service well for preparation,1. Colonial-era sweet-and-sour drinking syrup preserved with vinegar and macerated fruit | 2. Enormous wooden or stainless vessel used for bulk spirit blending | 3. Tall slender footed glass designed to showcase the clarity and bubbles of crisp lagers | 4. Printed label attached to a bottle neck declaring vintage | 7. To pop the fluted metal crown cap off a craft beer or tonic water bottle using a bar blade | 9. Dried fermented skipjack tuna flakes infused into spirits to yield umami depth | 10. Plural of the stone fruits macerated into sweet | 11. Plural of the heavy roller machines that crush whole malted barley grains into grist | 13. Savory fish caviar served on mother-of-pearl spoons alongside chilled dry martinis
2026-11-07,main,The Masterpiece 13,T###RAG#####BOX/O#Z##G#P##N#A##/TRIPLESEC#AIR##/S#N####D##R##S#/####CHARRED#BAT/P#R#R##O##I##L#/U#A#ICE###N##T#/ROCKS#GOSLINGS#/E#K#P#G##O#O###/##H##L###W#BODY/#HOLLAND###L##E/G#U##R#R###E##A/I#S##DAISY##O#S/FIERY##E####A#T/T####JAR#PASTIS,2. Microfiber cloth or cotton towel deployed by a bartender to keep the service station dry | 4. Cellar storage crate or modern bag-in-box wine packaging format | 8. Clear dry orange-flavored liqueur category popularized by French distillers like Cointreau | 9. Delicate aerated foam or bubble cloud created with soy lecithin to crown modern cocktails | 11. Heavily burned on the interior with open flames to create an active carbon filtration layer | 12. Iconic fruit bat symbol emblazoned across every bottle of Bacardi rum since 1862 | 15. The bartender's indispensable thermodynamic coolant and dilution control agent | 17. Solid chunks of ice or a classic short tumbler served with spirits over ice | 18. Bermudan black rum producer holding the registered trademark for the Dark 'n Stormy | 22. The textural weight viscosity and substance of a beverage upon the tongue | 24. The low-country nation that invented malt-wine genever | 27. Classic cocktail ancestor of the Margarita featuring spirits citrus and a fruit liqueur | 29. Palate descriptor for intense warmth and heat delivered by high-proof | 30. Mason glass vessel popular for serving rustic Moonshine drinks and shrub coolers | 31. French anise-flavored apéritif that turns opaque and milky white when diluted with water,1. Plural of the historic daily rum rations issued to sailors across the British Royal Navy | 3. Maturation period inside a wooden cask that mellows raw distillate | 4. The counter across which hospitality and mixed drinks are served | 5. Colloquial bar patron order shorthand for a pour of jammy Californian Zinfandel wine | 6. Pedro Ximénez: ultra-sweet Spanish dark sherry crafted from sun-dried white grapes | 7. Historic distillery in Bassano del Grappa celebrated for grappa and bitter digestifs | 10. Mineral seasonings deployed to suppress perceived bitterness and heighten fruit flavors | 11. Clean refreshing sensation produced by high acidity brisk carbonation and cold | 13. Distillate produced without additives artificial colorings or neutral grain cuts | 14. Multi-story timber warehouse engineered with internal timber racks to store and mature whiskey casks | 16. Emulsifying cocktail ingredient whose white yields a silky textural foam collar | 19. Cocktail classification featuring reduced alcohol by volume designed for daytime session sipping | 20. Traditional European aroma hop varieties like Saaz | 21. Rendered pork lipid used in culinary mixology to fat-wash bourbon for savory old fashioneds | 23. Plural of the diverse strains of microscopic fungi that convert simple sugars into ethanol | 25. Alternative spelling for a cocktail profile featuring more bitter or spirit-forward balance | 26. A premium bottle of wine or aged spirit presented to a bartender or dinner host | 28. Cereal grain added to brewing mashes to contribute velvety mouthfeel and creamy head to stout
2026-11-08,mini,Morning Coffee 13,TASTERS/A##I###/B#PERRY/#S##Y##/#ORGEAT/#J###G#/BUNG#E#,1. Plural of the professional evaluators assessing balance and aroma in wine and spirits | 3. Traditional fermented beverage produced exclusively from the juice of specific pear varieties | 6. Milky French sweet syrup crafted from blanched almonds sugar and orange blossom water | 8. Tapered wooden or silicone stopper hammered into a barrel hole to seal it,1. Running ledger of drink purchases settled at the conclusion of a bar visit | 2. Formal uniform neckwear or the act of knotting a slender strip of citrus peel for garnish | 4. Grain spirit that lends a dry and peppery spice backbone to a classic Manhattan | 5. Clear Korean distilled spirit traditionally produced from rice or sweet potatoes | 7. Maturation period inside a wooden cask that mellows raw distillate
2026-11-08,midi,Midday Break 13,###DIGESTIF/CANE#I##O#I/#E#MUGS#T#N/#J#E##E#S#E/TOURIGA###S/O##A##L##F#/D##R###P#I#/D#BARSPOON#/Y#U#Y##R##I/#MACERATION/##L#S##O##K,1. Aromatic herbaceous spirit or amaro consumed after dining to assist gastric digestion | 5. Tall tropical grass whose sweet sap is harvested to produce sugar and rum | 7. Plural of the heavy copper or ceramic handled vessels utilized to serve icy Moscow Mules | 9. Touriga Nacional: Portugal's finest dark grape variety providing structure to vintage ports | 12. Long-shafted twisted metal utensil calibrated with a five-milliliter teardrop bowl | 15. Cold soaking technique extracting colors tannins and volatile aromatics into liquid solvents,1. Rich unrefined golden cane sugar from Guyana used to make rich simple bar syrup | 2. Slang term for a bartender guest shift or evening hospitality event | 3. Plural of the historic daily rum rations issued to sailors across the British Royal Navy | 4. Delicate high-proof brandies distilled from exceptional estate wine harvests | 6. Tequila matured in small wooden barrels for at least one year to impart amber wood nuances | 8. Protective heat-shrink foil capsule or wax shell safeguarding a bottle closure from air | 9. Comforting hot beverage crafted with spirit boiling water honey and winter spices | 10. Delicate citrus peel wing trimmed to resemble a fish fin for garnish | 11. Traditional Portuguese geographic designation for rich fortified wines from the Douro | 12. Fragrant | 13. Plural of the spicy American whiskeys distilled from a mash bill containing at least 51 percent rye | 14. Cuttlefish or squid pigment deployed to turn savory cocktails midnight black
2026-11-08,main,Weekend Edition 13,#G#T##CASKS####/FINO##U##E#####/#B#R#ORANGE####/#SEC##D#O######/#O#HOPS#GROGS##/INN##H#C#E#U###/#S#ICELAND#A#P#/#####N#N###V#E#/#SALOON#BOTABAG/#U###L#######T#/SCUM#I###B#MIST/#R#U#CITRUS#T#I/#O#G###O#C##A#P/#S#SHIITAKE#L##/BEE####S#S#EYE#,3. Wooden barrel containers used to age and mature spirits wines and beers | 5. Very pale | 6. Sweet and bitter citrus varieties used for juicing expressing oils and making triple secs | 8. French wine and cordial label indicator denoting a dry profile | 9. Plural of the green cone flowers that provide bitter alpha acids and floral aromatics to beer | 11. Plural of the historic Royal Navy drinks mixing dark rum | 14. Historic roadside public house providing food | 16. North Atlantic island nation distilling caraway-scented Brennivín schnapps | 18. Classic American frontier establishment known for whiskey pours swinging doors and card tables | 19. Leather travel wine pouch equipped with a narrow nozzle for communal squirting | 20. Frothy impurity layer that rises to the surface when boiling raw sugar syrups | 23. An ultra-fine atomized cloud of peated scotch or absinthe sprayed across a finished cocktail | 26. Fruit genus encompassing lemons limes oranges and grapefruits vital to sour drinks | 28. Rich earthy mushroom infused into rye whiskey for savory Manhattan variations | 29. The industrious insect whose sweet wildflower honey anchors the Prohibition Bee's Knees | 30. Colloquial term for a morning revitalizer cocktail or a drop of modifier,1. Plural of the savory Martini variation adorned with pickled pearl onions | 2. Butane culinary flame used behind the bar to caramelize herbs and toast sweet garnishes | 3. Plural of the coagulated milk solids that capture bitter tannins and color during punch filtration | 4. Stainless steel pressurized cylinder used to store and dispense draught beer or batched cocktails | 7. Rich holiday beverage crafted with beaten eggs cream sugar and spirits | 10. Medicinal peaty chemical flavor compounds characteristic of Islay single malts | 12. Vibrant crimson tint characteristic of an Italian bitter apéritif or sweet vermouth | 13. Fragrant tropical fruit pureed into sweet pink nectars for Caribbean tiki swizzles | 15. Aluminum beverage container increasingly used for ready-to-drink craft cocktails | 17. Plural of the compressed decomposed bogs burned to smoke malting barley in Scotland | 18. Common disaccharide table sugar dissolved into equal measures of water to make standard simple syrup | 21. Plural of the heavy copper or ceramic handled vessels utilized to serve icy Moscow Mules | 22. Plural of the historic highball drinks pairing a base spirit with ginger ale and citrus | 24. Mediterranean country that birthed the Negroni | 25. Financial gratuity left by a patron to reward attentive hospitalian service | 27. Plural of the historic daily rum rations issued to sailors across the British Royal Navy
2026-11-09,mini,Brain Snack 13,S#D####/AJI#G##/G#SHRUB/E#T#O#A/#GINGER/##L#S#K/BULB##S,3. Peruvian spicy yellow chili pepper muddled into fiery pisco sours and tropical drinks | 5. Colonial-era sweet-and-sour drinking syrup preserved with vinegar and macerated fruit | 7. Spicy rhizome muddled or brewed into fiery beer for Bucks and Mules | 8. The swollen rounded lower kettle section of a traditional copper alembic still,1. Velvety green garden herb with piney camphor notes shaken into savory modern gin smashes | 2. To separate volatile alcohol vapor from boiling liquid wash inside a copper still | 4. Plural of the historic Royal Navy drinks mixing dark rum | 6. Plural of the dried tree coverings like cinchona and angostura providing bitter cocktail alkaloids
2026-11-09,midi,Brain Teaser 13,JUICE#A#S##/###O##G#TUB/S#LIQUEUR##/Y##N##D#ANT/R##T####W#A/AMARO#POT#B/H##E##A#EYE/#SHAKEN#S#R/#L#U#T##TIN/#O###N####A/NEAT#APPLE#,1. Fresh liquid extracted from citrus fruits providing the indispensable acid foundation in sours | 5. Large container packed with crushed ice to chill bottled beers and wines | 7. Sweetened spirit base infused with botanicals fruits herbs nuts or dairy | 8. Roasted and crushed chicatana flying ant seasoning blended with salt to accompany neat mezcal | 10. Italian herbal liqueur macerated with bitter roots and botanicals drunk as a digestif | 11. Traditional bulbous copper alembic still utilized for rich batch distillation | 12. Colloquial term for a morning revitalizer cocktail or a drop of modifier | 13. Agitated forcefully back and forth inside an iced metal tin to chill | 15. Metal vessel of a two-piece Boston shaker used to conduct thermal transfer | 16. Spirits served at ambient room temperature directly from the bottle without ice | 17. Crisp orchard fruit pressed into cider and distilled into potent French Calvados brandy,2. Renowned French clear orange triple sec liqueur formulated with sweet and bitter peels | 3. Matured inside charred or toasted wooden casks to pick up color and complexity | 4. Quality control ritual using a finger-capped straw to sample a drop of cocktail | 6. Dark | 9. Historic regional Mexican term for an artisanal distillery producing agave spirits | 11. Heavy copper or stainless saucepan used behind the bar to gently simmer simple syrups | 13. Wild astringent blackthorn plum steeped with sugar and spirit to produce traditional sloe gin | 14. Volcanic Sicilian mountain whose mineral-rich slopes yield complex wines and herbal amari
2026-11-09,main,Brain Bender 13,######DISARONNO/###POS##O#####V/#B#E#P##D#SCALE/MARGARITA##O##R/#Y###I#I#R#L##P/N#W##TANKARD##R/U#A##Z#G#C##G#O/T#S##E###KIWI#O/M#HEARTS#H##G#F/E##L####POTS#F#/GUAIACOL#U##URN/###X#R#I#SUM#O#/MAUI#U#P#E#A#Z#/#J#ROSE####R#E#/FIGS#T#OAXACAN#,1. Iconic Italian amaretto liqueur from Saronno celebrated for its rich marzipan-apricot aroma | 4. Point of sale computer terminal used by bartenders to enter drink orders and process checks | 7. Digital balance used to weigh bar ingredients by grams to ensure batch consistency | 9. Celebrated tequila sour shaken with fresh lime juice and orange liqueur in a salted rim glass | 14. Sturdy drinking vessel featuring a heavy base handle and occasionally a hinged lid | 16. Fuzzy emerald fruit featuring tart black seeds muddled into modern summer caipiroskas | 17. The clean desirable middle fraction captured during spirit distillation runs | 19. Plural of the traditional bulbous copper kettles used for artisanal batch distillation | 21. Aromatic phenolic compound responsible for delivering smoky | 24. Heated ceramic or metal dispensing vessel utilized to keep mulled wine and hot toddies warm | 25. The total financial balance of a bar check encompassing food | 27. Hawaiian tropical island whose pineapples and sugar cane inspire exotic tiki punch bowls | 29. Delicate fragrant pink water distilled from flower petals used in Middle Eastern punches | 30. Plural of the sweet Mediterranean fruits macerated into autumnal brandies and rich syrups | 31. Oaxaca Old Fashioned created by Phil Ward marrying reposado tequila,2. Carbonated water charged with carbon dioxide to impart effervescence without sugar | 3. High-strength rum or spirit bottled at an alcoholic strength exceeding 50 percent ABV | 4. Historic colonial measure for a unit of spirits served with soda | 5. Simple | 6. Coastal cocktail family characterized by the Bay Breeze pairing vodka with fruit juices | 8. Essential serving temperature for crisp Martinis and carbonated highballs | 10. Effervescent Jamaican sparkling grapefruit soda frequently paired with overproof white rum | 11. Multi-story timber warehouse engineered with internal timber racks to store and mature whiskey casks | 12. Aromatic tropical seed freshly grated across milk punches flips and tropical cocktails | 13. The fermented liquid wort or wine ready to be pumped into a copper still | 15. Slang term for a bartender guest shift or evening hospitality event | 18. Plural of the historic medicinal sweetened spirit concoctions macerated with herbs | 20. Blended with crushed ice to a thick | 22. Decorative band of sugar salt or cocoa powder adhered along the outside rim of a glass | 23. The outer rim of a glassware bowl where garnishes are balanced | 26. French pomace brandy distilled from the skins and seeds remaining after grape pressing | 28. Peruvian spicy yellow chili pepper muddled into fiery pisco sours and tropical drinks
2026-11-10,mini,Commuter Special 13,R#FLAIR/U#E###O/S#ROCKS/TIN#L#E/I#E#U#L/CUT#B#L/##S###E,2. Theatrical bartending style involving juggling bottles tins and dazzling glass manipulation | 4. Solid chunks of ice or a classic short tumbler served with spirits over ice | 6. Metal vessel of a two-piece Boston shaker used to conduct thermal transfer | 7. The deliberate operational division separating heads,1. Artisanal rough-hewn production style showcasing terroir rather than hyper-refinement | 2. Plural of the intensely bitter | 3. African hibiscus variety steeped with ginger and winter spices to brew Caribbean holiday sorrel | 5. Carbonated filtered water charged with dissolved sodium salts to impart clean fizzy effervescence
2026-11-10,midi,Perfect Puzzler 13,C##CUPOLA##/H####I####D/I#B##T##D#R/L#O#CHICORY/L#D#A###L##/STEAM#STIRS/##G#P#T#N##/##AGAVE##C#/POS#R#ISLAY/I##KILN##S#/TOT####INK#,2. The elevated ventilation lantern crowning a traditional Scottish malt kiln pagoda roof | 7. Roasted root historically brewed with coffee in New Orleans used in dark liqueurs | 8. High-temperature water vapor pumped through still jackets to boil distillation washes | 9. Circular gentle rotations of a barspoon around a mixing glass to chill without bubbles | 10. Desert succulent plant whose harvested core is roasted and pressed to produce mezcal | 12. Point of sale computer terminal used by bartenders to enter drink orders and process checks | 13. Southern Hebridean Scottish island world-renowned for intensely peated | 14. High-temperature drying oven where germinated green barley is halted with warm air or peat | 15. Daily rum ration issued to Royal Navy sailors until Black Tot Day in 1970 | 16. Cuttlefish or squid pigment deployed to turn savory cocktails midnight black,1. Reduces beverage temperature via thermodynamic heat exchange with ice cubes | 3. Bitter white spongy layer beneath citrus skin that must be avoided when garnishing | 4. Flavor descriptor denoting the complete absence of residual sweetness | 5. Plural of the traditional Spanish aging cellars where sherry soleras mature under heat | 6. Renowned French vermouth producer based in the alpine region of Chambery | 7. Famous fluorescent red Italian bitter liqueur flavored with bitter herbs orange peel and wood | 9. Traditional German stoneware or glass beer mug fitted with a hinged pewter thumb-lid | 11. Individual wooden barrel used to mature refine and color fine spirits | 12. Subterranean earthen conical oven filled with burning hardwood used to roast agave hearts
2026-11-10,main,The Grand Grid 13,ZOMBIE#####TARO/##U#C###D##A#O#/##STEEP#REDHOOK/VAT###E#Y##O#T#/A#SEC#R#S##N#S#/T###HORCHATA##A/S#PEA#Y#A#O#R#L/#R##M#S#KIR#O#O/#OUZOS##E#CREME/#U##M##A##H####/#N#PIPES#VERJUS/#D##L##H##D###U/J#O#EGG####BUNG/A#I##I########A/MELTING##VESPER,1. Lethal tropical drink created by Donn Beach combining multiple rums lime and spices | 4. Starchy purple tropical root vegetable pureed into vibrant | 7. To soak herbs | 9. Modern classic Brooklyn Manhattan variation combining rye whiskey | 10. Enormous wooden or stainless vessel used for bulk spirit blending | 11. French wine and cordial label indicator denoting a dry profile | 13. Creamy spiced Mexican beverage crafted from rice milk cinnamon and sugar | 16. Butterfly pea blossom steeped to create an indigo tea that turns bright violet when exposed to acid | 19. Classic French apéritif combining crème de cassis with a pour of crisp dry white Aligoté wine | 20. Plural of the sweet anise-flavored apéritifs enjoyed across the seaside cafes of Greece | 21. French cordial designation for sweet | 23. Plural of the large wooden casks used to age and ship fortified Portuguese port wine | 24. Highly acidic sour juice pressed from unripened wine grapes used before lemons | 28. Emulsifying cocktail ingredient whose white yields a silky textural foam collar | 30. Tapered wooden or silicone stopper hammered into a barrel hole to seal it | 31. The thermodynamic phase change of solid ice into water that provides necessary dilution | 32. The iconic dry martini variation conceived by Ian Fleming combining gin vodka and Kina Lillet,2. Plural of the freshly pressed unfermented grape juices containing skins | 3. The bartender's indispensable thermodynamic coolant and dilution control agent | 4. Massive volcanic stone wheel pulled by a mule to crush roasted agave piñas | 5. Plural of the underground plant structures like gentian and angelica providing bitter depth | 6. To agitate cocktail ingredients with egg white without ice to build an airy emulsion | 8. Plural of the traditional fermented pear beverages crafted in England and northern France | 10. Plural of the massive wooden or stainless bulk holding tanks used to marry blended spirits | 12. Fragrant daisy-like flower lending soothing herbal apple notes to dry vermouths and summer sours | 14. Singed with an open butane flame to release caramelized essential oils from fresh garnishes | 15. Succulent desert plant whose soothing | 17. Savory fish caviar served on mother-of-pearl spoons alongside chilled dry martinis | 18. Palate descriptor for a mellow | 22. Fine carbon residue produced from roasting agave hearts in subterranean earthen pit ovens | 25. Crystalline carbohydrate derived from cane or beets vital for simple syrup | 26. Preserved fruit spread shaken into modern sours to deliver immediate fruit body and sweetness | 27. Volatile aromatic liquid expelled from citrus rinds to perfume the surface of a cocktail | 29. Botanical spirit flavored predominantly with aromatic juniper berries
2026-11-11,mini,Fast Five 13,##MILKS/B#U#A#A/A#L#Y#P/ROLLED#/K#E#R#P/S#D#E#A/####DEN,1. Plural of the dairy liquids curdled with citrus juice to clarify historic English punches | 5. Gently tipped between mixing tins without agitation to mix a drink without creating foam | 7. Intimate subterranean cocktail lounge or cozy neighborhood retreat dedicated to fine drinks,1. Gently heated with winter spices like cinnamon and clove | 2. Carefully floated in separate strata by specific gravity using the back of a barspoon | 3. Sweet raw fluid tapped from birch or maple trees fermented into regional wilderness wines | 4. Plural of the dried tree coverings like cinchona and angostura providing bitter cocktail alkaloids | 6. Heavy copper or stainless saucepan used behind the bar to gently simmer simple syrups
2026-11-11,midi,Coffee Break 13,##P#####O##/FLINT#S#LID/##P#O#U#D#E/ICESTAMP##M/#A###L##D#E/#V##CEDAR#R/OATS#S##Y#A/A#######P#R/T##ZIN#COLA/#AJI####U##/###POURERS#,3. Sensory descriptor for mineral | 6. The tight-fitting metal cap placed over a cocktail shaker tin before shaking | 8. Heavy heated brass die utilized by mixologists to imprint custom monograms onto clear ice | 12. Aromatic softwood whose fragrant shavings are burned to smoke cocktail glassware | 13. High-protein cereal grain added to brewing mashes to create silky | 14. Colloquial bar patron order shorthand for a pour of jammy Californian Zinfandel wine | 15. Effervescent sweet brown soda flavored with citrus oils cinnamon and vanilla | 16. Peruvian spicy yellow chili pepper muddled into fiery pisco sours and tropical drinks | 17. Fitted speed spouts inserted into bottle necks to regulate fluid velocity,1. Traditional wooden cask size utilized for aging and shipping fortified port wine | 2. Historic classification for vintage cocktail formulas or Victorian sweetened Old Tom gin | 4. Daily rum ration issued to Royal Navy sailors until Black Tot Day in 1970 | 5. The total financial balance of a bar check encompassing food | 7. Rich unrefined golden cane sugar from Guyana used to make rich simple bar syrup | 9. Spanish sparkling wine produced predominantly in Catalonia via the traditional method | 10. Plural classification of top-fermented beers encompassing pale ales | 11. Measuring spirits and syrups into an empty shaker tin before adding the ice cubes | 13. Cereal grain added to brewing mashes to contribute velvety mouthfeel and creamy head to stout | 14. The bright effervescent snap and energetic citrus bite experienced in a well-balanced highball
2026-11-11,main,Heavy Hitter 13,#########S#####/####B##DOWN#P#P/HORNO##I#E##A#I/U#O#G##L#E#SPIN/GAS#GOBLETS#A#K/O#E#Y#A#####Y##/######RAW#OBAN#/D#K###H##F#A##T/R#A#BAY##L#RICH/O#H###G##I#B##R/PALE#LIMONCELLO/##U###E##T#R##W/CRACKING##CAB#N/#U#A##E#####U##/#NIP####STREGA#,3. Cocktail served chilled without ice in a stemmed glass after being shaken or stirred | 6. Traditional masonry steam oven used to slowly bake agave hearts for tequila | 8. To twirl a twisted barspoon or swizzle stick rapidly between both palms to chill a drink | 9. Carbon dioxide or nitrogen used to carbonate beverages and propel draught liquid through lines | 10. Plural of the large stemmed drinking vessels featuring deep rounded bowls | 12. Unrefined natural sugar or raw unpasteurized egg white used to create a silky sour foam | 13. Western Highland coastal distillery town renowned for maritime | 19. Coastal cocktail family characterized by the Bay Breeze pairing vodka with fruit juices | 20. Cocktail simple syrup prepared at a concentrated ratio of two parts sugar to one part water | 21. Light-hued ale style characterized by crisp malt profiles and aromatic hops | 22. Sweet southern Italian liqueur produced by steeping fresh Sorrento lemon peels in alcohol | 23. Striking an ice cube with the back of a barspoon to fracture it for chilling | 26. Colloquial bar patron order shorthand for a glass of dry Cabernet Sauvignon red wine | 28. A diminutive pour or pocket-sized serving of spirits | 29. Vibrant yellow herbal Italian liqueur from Benevento flavored with saffron,1. Primary taste sensation delivered by sucrose honey and fruit nectars | 2. Sensory tasting descriptor for damp mossy earth and peat notes found in Islay whiskies | 3. Feathery green herb lending savory caraway-like notes to Scandinavian aquavits and martinis | 4. Sweet tropical fruit pureed for frozen island cocktails and punch bowls | 5. Delicate pastel hue of pink gin seasoned with Angostura bitters or the gin Pink Lady | 6. Alpine spritz cocktail combining sparkling prosecco with elderflower cordial | 7. Delicate fragrant pink water distilled from flower petals used in Middle Eastern punches | 11. The comprehensive sanitation protocols practiced to keep the bar spotless | 14. High-acid | 15. Small bead of liquid such as saline solution or aromatic bitters applied with an eye-dropper | 16. Rich Mexican coffee liqueur crafted with rum cane sugar and real Arabica beans | 17. Sensory descriptor for mineral | 18. Aerated smoothly by pouring the liquid back and forth between two distant vessels | 24. A single complete cycle of heating | 25. Protective closure over a bottle finish or the frothy crown atop a sour | 27. Wild ginger fermentation starter culture cultivated with sugar and water to brew ginger beer
2026-11-12,mini,Quick Solve 14,GUM#RUE/##A#Y##/MALLETS/A#T#S#M/T##P##A/##SALTS/###Y##H,1. Arabic tree exudate boiled with sugar to produce velvety gomme syrup | 3. Intensely bitter aromatic herb used in ancient folk tonics and medicinal restorative cordials | 4. Plural of the heavy wooden hammers utilized alongside canvas bags to shatter clear ice | 7. Mineral seasonings deployed to suppress perceived bitterness and heighten fruit flavors,2. Germinated barley dried in a kiln that forms the basis of single malt whiskies | 3. Plural of the spicy American whiskeys distilled from a mash bill containing at least 51 percent rye | 4. Textured rubber runner placed beneath glassware on the bar rail to collect overflow droplets | 5. Variant of the Julep family pairing spirits and sweetener with muddled seasonal fruit and mint | 6. To settle the itemized cocktail ledger before departing a hospitality establishment
2026-11-12,midi,The Daily Grid 14,###I#TART##/#CORN##I###/#U#I#B#CAP#/#M#SMASH###/DISH#T##T#J/#N#C#CORONA/##LOCH##A#M/#L#F####S#A/#U#F##BIT#I/#STEIN##E#C/#H#E##VODKA,2. Sharp mouth-puckering sourness derived from unripened fruit or fresh citrus | 4. Primary grain component required to comprise at least 51 percent of an American bourbon mash | 6. Protective closure over a bottle finish or the frothy crown atop a sour | 7. Variant of the Julep family pairing spirits and sweetener with muddled seasonal fruit and mint | 8. Shallow ceramic bar bowl filled with spiced olives or roasted almonds for table snacks | 11. The crown of creamy foam resting atop a poured beer or a famous brand of Mexican lager | 12. Deep Scottish freshwater lake supplying soft peaty brewing and chilling water to distilleries | 14. Colloquial abbreviation for a micro-dose dash of aromatic bitters | 15. Traditional German stoneware or glass beer mug fitted with a hinged pewter thumb-lid | 16. Neutral spirit distilled from grain or potatoes and charcoal-filtered to pristine clarity,1. Warming winter serve uniting hot drip coffee Irish whiskey and brown sugar beneath floating cream | 3. Cocktail simple syrup prepared at a concentrated ratio of two parts sugar to one part water | 4. Earthy | 5. Large-scale advance preparation of cocktails to ensure consistency and service speed | 9. Heavily heated over fire without burning to caramelize wood sugars inside barrel staves | 10. Caribbean island celebrated for high-ester | 13. A cocktail profile characterized by rich
2026-11-12,main,The Masterpiece 14,####FUSELS#####/#BOX##A#I##S###/#A##J#B#MUSTS##/#T#LUCANO##E###/PIT#G###N##MAT#/#D###ORDER#S##A/DASH####N#W#B#G/##M#D#BREWHOUSE/##O#R#O###O#C#D/BOGGY#SPILL#K##/#R##E#T#C#E#S##/#G#PROOFED###F#/#E#A##N##U#B#U#/MALLETS##NOILLY/#T#E###OAK#N#L#,1. Plural of the oily | 4. Cellar storage crate or modern bag-in-box wine packaging format | 7. Plural of the freshly pressed unfermented grape juices containing skins | 8. Basilicata herbal amaro crafted from a secret recipe dating back to 1894 | 9. Subterranean earthen conical oven filled with burning hardwood used to roast agave hearts | 10. Textured rubber runner placed beneath glassware on the bar rail to collect overflow droplets | 11. The itemized drink ticket transmitted from the floor to the service well for preparation | 13. Standard micro-measurement dispensed from a bitters bottle with a single downward flick | 18. The industrial operations room housing the mashing | 19. Sensory tasting descriptor for damp mossy earth and peat notes found in Islay whiskies | 21. Liquid droplets caught safely inside the lower rubber grate of a bar service mat | 23. Cut with pure demineralized water to bring matured spirits to target bottling strength | 27. Plural of the heavy wooden hammers utilized alongside canvas bags to shatter clear ice | 28. Noilly Prat: renowned French dry vermouth producer situated on the Mediterranean coast | 29. Wood barrel standard responsible for lending vanillin and wood tannins to aged spirits,2. Ancient Italian syrup produced by slowly simmering unfermented grape must over open fires | 3. The dominant terpene hydrocarbon found in the cold-pressed oils of fresh citrus peels | 4. Traditional Brazilian long drink blending cachaça with fruit juice and sweetened milk | 5. Slender vertical supports of fine glassware designed to prevent hand heat warming the drink | 6. Bulbous ceramic or glass container used to dispense communal table punch | 12. Matured inside charred or toasted wooden casks to pick up color and complexity | 14. A thick | 15. A whole raw egg shaken vigorously to emulsify both protein and fat into a rich flip | 16. Plural of the historic highball drinks pairing a base spirit with ginger ale and citrus | 17. Comparative tasting term denoting a cocktail formulation possessing less residual sugar | 18. Plural term for classic two-piece shakers combining a metal tin with a cheater glass | 20. Milky French sweet syrup crafted from blanched almonds sugar and orange blossom water | 22. The bartender's indispensable thermodynamic coolant and dilution control agent | 23. Light-hued ale style characterized by crisp malt profiles and aromatic hops | 24. German dark bottom-fermented lager style brewed with Munich malts delivering toasty bread notes | 25. Sensory descriptor for a rich | 26. Insulated stainless steel ice compartment in a cocktail well or cellar wine storage cubby
2026-11-13,mini,Morning Coffee 14,##COUNT/C#U###A/HAT###S/I###TOT/CAB###E/H##FOUR/ICE###S,1. Mental timing system practiced by bartenders to pour accurate fluid measures without jiggers | 4. Dense | 5. Daily rum ration issued to Royal Navy sailors until Black Tot Day in 1970 | 6. Colloquial bar patron order shorthand for a glass of dry Cabernet Sauvignon red wine | 7. Four Roses: historic Kentucky bourbon distillery celebrated for ten distinct mash bill recipes | 8. The bartender's indispensable thermodynamic coolant and dilution control agent,1. The deliberate operational division separating heads | 2. Plural of the professional evaluators assessing balance and aroma in wine and spirits | 3. Tropical cocktail variation substituting neutral vodka for light rum in a classic Piña Colada
2026-11-13,midi,Midday Break 14,PUMP####BED/I##I#W#T##I/S##CREMANTS/CORK#T#P##S/O##L##P###O/##TENDER##L/#C#B##A###V/ALBA###K##I/#E#CITRIC#N/DARK#A#R##G/#N##EGG####,1. Mechanical impeller transferring hot wort | 3. The porous filter layer of crushed grain husks resting inside a mash tun during lautering | 7. Plural of the traditional-method French sparkling wines produced outside the Champagne AOC | 8. Elastic natural bark harvested from Mediterranean cork oaks to seal fine wine and spirit bottles | 10. Informal shorthand for a bartender charged with running a service station and hosting guests | 12. Quercus alba or American white oak utilized for charred bourbon barrels | 14. Sharp sour flavor profile characteristic of lemon lime and grapefruit juices | 16. Rich molasses-heavy rum classification or beer roasted to a deep mahogany hue | 17. Emulsifying cocktail ingredient whose white yields a silky textural foam collar,1. Clear South American grape brandy produced in the wine regions of Peru and Chile | 2. Popular bar ritual taking a shot of whiskey followed immediately by a shot of sour pickle brine | 4. Mixing solid sugar or salt completely into a liquid solvent until clear | 5. Cocktail formulation featuring a generous measure of vermouth relative to the base spirit | 6. Faucet system used to draw draught beer or pre-batched cocktails from a pressurized keg | 9. Butterfly pea blossom steeped to create an indigo tea that turns bright violet when exposed to acid | 11. Palate descriptor for a neutral | 13. Classic French apéritif combining crème de cassis with a pour of crisp dry white Aligoté wine | 15. Printed label attached to a bottle neck declaring vintage
2026-11-13,main,Weekend Edition 14,ASH##STEMS#G###/#U####O#A#GINS#/#BASE#R#T##N#A#/###M#BOX##U##Z#/##RAG#N#DEN#BED/###S##T#A#D##R#/##CHAMOMILE#BAR/#####A##S#R##C#/##J##L##I#BRISK/#BARBLADE#E####/C#G##E##S#RUMS#/HIGH#TAG##G##P#/E#E##S#R####RED/CORN###AGE###A#/K#Y#LEAF##GLERA,1. Fine carbon residue produced from roasting agave hearts in subterranean earthen pit ovens | 3. Slender vertical supports of fine glassware designed to prevent hand heat warming the drink | 7. Plural classification of botanical distillates defined by dominant wild juniper berry aromatics | 9. The foundational high-proof primary spirit around which a cocktail recipe is constructed | 11. Cellar storage crate or modern bag-in-box wine packaging format | 13. Microfiber cloth or cotton towel deployed by a bartender to keep the service station dry | 14. Intimate subterranean cocktail lounge or cozy neighborhood retreat dedicated to fine drinks | 15. The porous filter layer of crushed grain husks resting inside a mash tun during lautering | 16. Fragrant daisy-like flower lending soothing herbal apple notes to dry vermouths and summer sours | 18. The counter across which hospitality and mixed drinks are served | 20. Sharp invigorating sensation delivered by dry sparkling ciders and gin highballs | 21. Flat stainless steel speed opener designed to pop crown bottle caps in one motion | 23. Plural classification of cane-derived distillates encompassing dark | 25. Glass style or drink format served long with sparkling mixer in a tall tumbler | 26. Printed label attached to a bottle neck declaring vintage | 28. Vibrant crimson tint characteristic of an Italian bitter apéritif or sweet vermouth | 29. Primary grain component required to comprise at least 51 percent of an American bourbon mash | 30. Maturation period inside a wooden cask that mellows raw distillate | 31. Aromatic fresh plant leaf like spearmint | 32. The aromatic white grape variety grown in northeastern Italy to make Prosecco,2. To swap one spirit or modifier for another in a standard recipe to create a variation | 4. Stirred Canadian rye whiskey classic accented with the bracing bitterness of Fernet-Branca | 5. Textured rubber runner placed beneath glassware on the bar rail to collect overflow droplets | 6. Botanical spirit flavored predominantly with aromatic juniper berries | 8. Plural form of the quintessential New Orleans rye whiskey and absinthe libation | 10. Variant of the Julep family pairing spirits and sweetener with muddled seasonal fruit and mint | 12. Renowned German herbal digestive tonic packaged in single-serving straw-wrapped bottles | 14. Plural of the historic cocktail family combining base spirits with citrus and fruit cordials | 17. Plural of the heavy wooden hammers utilized alongside canvas bags to shatter clear ice | 19. Traditional unrefined cane or palm sugar block used in South Asian beverages | 22. The tabulated bill of charges presented to a patron at the conclusion of their bar visit | 24. Long narrow strip of cucumber or pineapple used to adorn tall highballs | 27. Rustic farmhouse hybrid beverage produced by co-fermenting sweet apple cider with beer wort
2026-11-14,mini,Brain Snack 14,####T#T/COQUITO/O###N#B/L#PIT#A/D#I#OIL/E#N###A/R##KVAS,3. Puerto Rican holiday punch shaking white rum with coconut cream | 4. Subterranean earthen conical oven filled with burning hardwood used to roast agave hearts | 5. Volatile aromatic liquid expelled from citrus rinds to perfume the surface of a cocktail | 6. Traditional Slavic beverage fermented from stale sourdough rye bread,1. Spanish designation for deep red table wine | 2. Plural of the tiny wild mountain agaves celebrated for yielding intensely floral | 3. Thermodynamic state achieved inside a shaker tin through rapid ice melt | 4. Slender metal or bamboo skewer used to spear brandied cherries and olives
2026-11-14,midi,Brain Teaser 14,####POX#DOG/####I##P##L/##J#P#PEDRO/#PIPES#R##W/##G##A#F###/JUG##L#U#O#/A#E#BOWMORE/R#R##O#E#A#/S#SLING#ANT/###I#####G#/ACID#THYME#,1. Traditional ceremonial corn and sugarcane distillate produced in Chiapas | 2. The classic Salty Dog cocktail combining vodka or gin with grapefruit juice in a salted glass | 6. Pedro Ximénez: ultra-sweet Spanish dark sherry crafted from sun-dried white grapes | 7. Plural of the large wooden casks used to age and ship fortified Portuguese port wine | 9. Bulbous ceramic or glass container used to dispense communal table punch | 11. The oldest licensed Islay single malt distillery situated along the shores of Loch Indaal | 12. Historic long drink consisting of spirit water and sugar often augmented with fruit liqueurs | 14. Roasted and crushed chicatana flying ant seasoning blended with salt to accompany neat mezcal | 15. Sour chemical compound like citric or malic acid that balances cocktail sugars | 16. Woody garden herb lending savory herbal notes to syrups and botanical spirits,1. Traditional wooden cask size utilized for aging and shipping fortified port wine | 3. The warm amber luminescence displayed by an aged spirit when held up to barroom light | 4. Volatile | 5. Plural hourglass metal tools used to measure spirits with volumetric accuracy | 8. Classic American frontier establishment known for whiskey pours swinging doors and card tables | 9. Plural of the handled glass mason vessels frequently utilized for rustic moonshine cocktails | 10. Sweet and bitter citrus varieties used for juicing expressing oils and making triple secs | 13. The tight-fitting metal cap placed over a cocktail shaker tin before shaking
2026-11-14,main,Brain Bender 14,####B##S##L#RAW/###JAM#PANELA#A/POS#R##E##G#MAT/O#U#B#TABASCO#E/X#BELL#R#N##S#R/#F##A#C#STREGA#/CLOUD#U#####I##/#U##EXTRACTING#/#T######M###F#S/HEADY#SWANS#I#L/O#I##S##R#U#Z#A/O#ROSELLE#M#ZIP/K####K##T#####P/#SPELT##T##PALE/######FLOAT###D,4. Unrefined natural sugar or raw unpasteurized egg white used to create a silky sour foam | 6. Preserved fruit spread shaken into modern sours to deliver immediate fruit body and sweetness | 7. Solid block of unrefined whole cane sugar dissolved for Latin American punches | 8. Point of sale computer terminal used by bartenders to enter drink orders and process checks | 10. Textured rubber runner placed beneath glassware on the bar rail to collect overflow droplets | 11. Aged red pepper hot sauce crafted on Avery Island | 13. Bell-shaped Japanese jigger or the Division Bell mezcal cocktail created in New York | 16. Vibrant yellow herbal Italian liqueur from Benevento flavored with saffron | 17. The milky | 18. Pulling soluble chemical compounds out of plant matter using ethanol | 21. Possessing a dense luxurious foam collar or intensely aromatic spirit potency | 23. Plural of the curved swan neck pipes channeling alcohol vapor out of a pot still kettle | 26. African hibiscus variety steeped with ginger and winter spices to brew Caribbean holiday sorrel | 27. The bright effervescent snap and energetic citrus bite experienced in a well-balanced highball | 28. Ancient nutty cereal grain mashed and distilled into smooth | 29. Light-hued ale style characterized by crisp malt profiles and aromatic hops | 30. A delicate top layer of high-proof spirit or heavy cream poured gently over the back of a spoon,1. Flat stainless steel speed opener designed to pop crown bottle caps in one motion | 2. Long narrow strip of cucumber or pineapple used to adorn tall highballs | 3. Droplets of wine or spirit crawling down inside glass walls indicating viscosity | 4. New Orleans marvel shaken for minutes with gin cream citrus egg white and orange flower water | 5. The vital diluting agent and coolant released into a cocktail through melting ice | 8. Traditional ceremonial corn and sugarcane distillate produced in Chiapas | 9. To swap one spirit or modifier for another in a standard recipe to create a variation | 12. Roasted and crushed chicatana flying ant seasoning blended with salt to accompany neat mezcal | 14. Slender stemmed glassware designed to preserve carbonation and visual bubbles | 15. The deliberate operational division separating heads | 19. Italian sweet almond-scented liqueur traditionally derived from apricot stone kernels | 20. Gently clapped between both palms to fracture aromatic cell walls and release mint oils | 21. The Red Hook cocktail combining spicy rye whiskey with bitter Punt e Mes and maraschino | 22. Delicate aerated foam or bubble cloud created with soy lecithin to crown modern cocktails | 24. The total financial balance of a bar check encompassing food | 25. Traditional designation for German and Austrian sparkling wines produced in regional cellars
2026-11-15,mini,Commuter Special 14,######M/ASH#B#U/#P#POND/#E##D##/TANGY#B/#R#A##E/###SKYE,2. Fine carbon residue produced from roasting agave hearts in subterranean earthen pit ovens | 5. Man-made cooling basin providing recycled cold water to distillery condensers | 6. Palate descriptor for a mouth-watering sweet-and-sour fruit balance that stimulates saliva | 9. Hebridean Scottish isle famous for sea-lashed,1. Sediment or rich dark slurry left at the base of poorly strained infusions | 3. Long narrow strip of cucumber or pineapple used to adorn tall highballs | 4. The textural weight viscosity and substance of a beverage upon the tongue | 7. Carbon dioxide or nitrogen used to carbonate beverages and propel draught liquid through lines | 8. The industrious insect whose sweet wildflower honey anchors the Prohibition Bee's Knees
2026-11-15,midi,Perfect Puzzler 14,###B##LIP##/##GLAZE####/###E##A####/#CANTINAS##/#O#D#C##T##/#P###E#FIT#/KIWI#D##R##/#T#C##GAS##/HAZE##O##G#/O####ELIXIR/TIKIS#D##G#,2. The outer rim of a glassware bowl where garnishes are balanced | 3. A glossy sweet reduction of citrus juice and sugar painted along the rim of a cocktail glass | 4. Plural of the traditional Mexican drinking establishments historically serving botana snacks | 7. The secure friction seal formed between two metal tins when locking a Boston shaker | 8. Fuzzy emerald fruit featuring tart black seeds muddled into modern summer caipiroskas | 10. Carbon dioxide or nitrogen used to carbonate beverages and propel draught liquid through lines | 11. Pleasing cloudy suspension of natural proteins and hop polyphenols in unfiltered craft ales | 13. Sweetened hydro-alcoholic botanical solution historically prescribed as medicine | 14. Plural term for tropical drinks served in exotic ceramic Polynesian vessels,1. To homogenize ingredients with crushed ice using an electric motor-driven blender | 2. A bone-dry cocktail formulation prepared with minimal sweetening agents to emphasize spirit | 4. Small shallow glass or clay vessel designed to concentrate aromas when sipping mezcal | 5. Thoroughly chilled with solid ice chunks or served over crystalline cubes in a tumbler | 6. Circular gentle rotations of a barspoon around a mixing glass to chill without bubbles | 9. The bartender's indispensable thermodynamic coolant and dilution control agent | 10. Golden tequila or rum classification indicating brief wooden cask resting or caramel tint | 11. Serving temperature suited for a buttered rum or winter toddy | 12. Slang term for a bartender guest shift or evening hospitality event
2026-11-15,main,The Grand Grid 14,CARVONE##B##ALE/H#A#I##P#A#W#I#/A#MILL#ENGLAND#/N#O####G###S##S/N#SOT####B#SCUM/E#G##BARBERA##O/L#I##E###D#I##G/##N##A#I##CLUB#/B#FERMENT#H####/O#I#O##N#RAW###/D#Z#WET###R##H#/YUZU#G#A##C#DEN/#R###GUSANO##R#/SNAP###T##A##B#/######MIXOLOGY#,1. Terpenoid compound providing the cool characteristic flavor of spearmint leaves | 5. Top-fermented malt brew produced with warm fermentation yeast strains | 9. Heavy grooved roller machinery that pulverizes malted barley into grist before mashing | 10. The nation that codified London Dry gin and established historic 18th-century punch clubs | 12. Archaic colloquial term for an habitual or notorious drinker | 14. Frothy impurity layer that rises to the surface when boiling raw sugar syrups | 15. High-acid | 17. Carbonated filtered water charged with dissolved sodium salts to impart clean fizzy effervescence | 19. Biochemical conversion of organic sugar substrates into ethyl alcohol by living yeasts | 21. Unrefined natural sugar or raw unpasteurized egg white used to create a silky sour foam | 22. Cocktail formulation featuring a generous measure of vermouth relative to the base spirit | 25. Tart aromatic East Asian citrus fruit bridging the flavors of lemon and grapefruit | 28. Intimate subterranean cocktail lounge or cozy neighborhood retreat dedicated to fine drinks | 29. The agave moth caterpillar roasted and ground with sea salt and dried chilis for mezcal | 30. The crisp | 31. The studied culinary art craft and science of preparing mixed alcoholic drinks,1. Specialized channel knife used to pare away long continuous spiral citrus peels | 2. New Orleans marvel shaken for minutes with gin cream citrus egg white and orange flower water | 3. Volatile aromatic liquid expelled from citrus rinds to perfume the surface of a cocktail | 4. Canvas Lewis pouch utilized with a heavy wooden mallet to pulverize clear ice into gravel | 6. The tight-fitting metal cap placed over a cocktail shaker tin before shaking | 7. Historic colonial measure for a unit of spirits served with soda | 8. Historic English spiced ale or mulled cider punch shared communally during winter festivals | 11. A thick | 13. The porous filter layer of crushed grain husks resting inside a mash tun during lautering | 15. Famous Kentucky bourbon distilling family synonymous with Clermont and white label whiskey | 16. Historic roadside public house providing food | 17. Activated coconut carbon powder utilized by modern mixologists to turn cocktails jet-black | 18. The textural weight viscosity and substance of a beverage upon the tongue | 20. Linear alignment of bottles arranged along a speed rail or backbar shelf | 23. Emulsifying cocktail ingredient whose white yields a silky textural foam collar | 24. Aromatic descriptor for intense fresh garden botanical notes like mint | 26. Heated ceramic or metal dispensing vessel utilized to keep mulled wine and hot toddies warm | 27. Piedmontese province celebrated for sweet floral sparkling Moscato wines
2026-11-16,mini,Fast Five 14,BELLINI/I#####N/T##BOCK/ICE##A#/N#TWIST/G#N##K#/#MASH##,1. Venetian apéritif composed of sparkling prosecco and pureed white peach pulp | 3. Strong bottom-fermented German lager style brewed to celebrate seasonal transitions | 5. The bartender's indispensable thermodynamic coolant and dilution control agent | 7. Strip of citrus peel curled expressively to release oils over a cocktail glass | 8. Mixture of crushed grains and hot water steeped to convert starches into fermentable sugars,1. Astringent sharp sensation on the tongue caused by high acidity or un-aged alcohol | 2. Cuttlefish or squid pigment deployed to turn savory cocktails midnight black | 4. Individual wooden barrel used to mature refine and color fine spirits | 6. Volcanic Sicilian mountain whose mineral-rich slopes yield complex wines and herbal amari
2026-11-16,midi,Coffee Break 14,F#CHAR##U#N/L#L###VERVE/U#O#L#I#N#T/T#SEALED#R#/EYE#M#U#PUB/##O#BOX##S#/BLUE##C##S#/A#T#BRAULIO/T##D##R##A#/C#JICARA###/H##P##E####,2. The blackened carbonized wood layer torched into the interior walls of new bourbon barrels | 5. Vibrant | 7. Secured against ambient oxygen with a natural cork closure | 9. Colloquial term for a morning revitalizer cocktail or a drop of modifier | 10. Traditional British drinking establishment named as an abbreviation of public house | 11. Cellar storage crate or modern bag-in-box wine packaging format | 12. Vibrant cyan tint imparted to tropical drinks by curaçao liqueur dyed with food-grade color | 13. Alpine amaro from Bormio aged in Slavonian oak barrels flavored with juniper and wormwood | 15. Traditional small bowl carved from a dried gourd used to sip mezcal in Oaxaca,1. Slender stemmed glassware designed to preserve carbonation and visual bubbles | 2. The late-night procedure of counting drawers wiping down rails and storing garnishes | 3. Heated ceramic or metal dispensing vessel utilized to keep mulled wine and hot toddies warm | 4. Fine wire mesh screen used during double-straining to catch microscopic ice shards | 5. Complex New Orleans classic pairing rye whiskey Cognac sweet vermouth Bénédictine and two bitters | 6. Belgian sour wheat ale fermented spontaneously with wild Brettanomyces yeasts in open vats | 8. Historic northern empire renowned for charcoal-filtered wheat vodkas served ice-cold | 12. Large-scale advance preparation of cocktails to ensure consistency and service speed | 14. Quick immersion of glassware rims into juice or cordial before applying garnishes
2026-11-16,main,Heavy Hitter 14,PUBS#T#B##A####/I#R##ALEXANDER#/TIER#N#D##G####/H#W##N###SERVED/##H#FIGGY#L##L#/##O##N#L#ZIP#D#/CLUB#S#E##C#PEG/##S#P#INN#A##R#/RUE#L##L#F#SOFT/O##PUCCINI###L#/O###G##V#G##BOT/T#T##T#E#S#P#W#/SBAGLIATO##O#E#/##P##N##I##PURE/MASH#GIMLET####,1. Plural of the traditional public houses serving draught ales and hearty tavern fare | 6. Historic dessert cocktail shaking gin with rich brown crème de cacao and heavy sweet cream | 7. An individual horizontal layer of barrels stacked in a multi-story whiskey rickhouse | 8. Presented gracefully to a hospitality guest with appropriate glassware | 10. Sensory tasting descriptor for rich | 12. The bright effervescent snap and energetic citrus bite experienced in a well-balanced highball | 13. Carbonated filtered water charged with dissolved sodium salts to impart clean fizzy effervescence | 14. Historic colonial measure for a unit of spirits served with soda | 16. Historic roadside public house providing food | 17. Intensely bitter aromatic herb used in ancient folk tonics and medicinal restorative cordials | 19. Sensory descriptor for smooth | 20. Venetian sparkling cocktail variation pairing dry prosecco with fresh mandarin orange juice | 21. Colloquial abbreviation for a glass bottle stored in the speed well | 25. Accidental Negroni variation created in Milan by substituting sparkling prosecco for gin | 27. Distillate produced without additives artificial colorings or neutral grain cuts | 28. Mixture of crushed grains and hot water steeped to convert starches into fermentable sugars | 29. Crisp classic drink pairing London Dry gin with sweet preserved lime cordial or fresh juice,1. Bitter white spongy layer beneath citrus skin that must be avoided when garnishing | 2. The industrial operations room housing the mashing | 3. Astringent polyphenol compounds extracted from grape skins and charred oak staves | 4. The porous filter layer of crushed grain husks resting inside a mash tun during lautering | 5. Earthy | 9. Delicate creamy blossom that yields fragrant | 11. Pioneering Speyside single malt Scotch distillery legally licensed by George Smith in 1824 | 15. Heavy expandable rubber or metal expansion stopper used to seal open sparkling wine bottles | 17. Plural of the underground plant structures like gentian and angelica providing bitter depth | 18. Plural of the sweet Mediterranean fruits macerated into autumnal brandies and rich syrups | 22. Plural of the draught beer faucets lining the back counter of a modern public house | 23. Effervescent Jamaican sparkling grapefruit soda frequently paired with overproof white rum | 24. Audible sound of a sparkling wine cork release or colloquial term for soda | 26. Volatile aromatic liquid expelled from citrus rinds to perfume the surface of a cocktail
2026-11-17,mini,Quick Solve 15,SHAKER#/U#N####/M#SEKT#/##W###G/BREAD#U/A#R#RUM/T###Y##,1. Two or three-piece vessel used to chill aerate and dilute ingredients by vigorous agitation | 3. Traditional designation for German and Austrian sparkling wines produced in regional cellars | 5. Sensory descriptor for toasty brioche and yeast notes developed in vintage champagne | 7. Distilled spirit crafted directly from fermented sugarcane juice or molasses,1. The total financial balance of a bar check encompassing food | 2. clue | 4. Arabic tree exudate boiled with sugar to produce velvety gomme syrup | 5. Iconic fruit bat symbol emblazoned across every bottle of Bacardi rum since 1862 | 6. Flavor descriptor denoting the complete absence of residual sweetness
2026-11-17,midi,The Daily Grid 15,GIFT#G###T#/U#L#TIN#JAM/M#O##L###L#/##ROLL##BIT/G##P###C#S#/ROOTS#HOOK#/O##I###C#E#/VINCITTO#R#/E#E##I#A###/##WINEY####/#####R#####,1. A premium bottle of wine or aged spirit presented to a bartender or dinner host | 5. Metal vessel of a two-piece Boston shaker used to conduct thermal transfer | 6. Preserved fruit spread shaken into modern sours to deliver immediate fruit body and sweetness | 7. To gently tip a cocktail back and forth between two shaker tins to mix without creating foam | 9. Colloquial abbreviation for a micro-dose dash of aromatic bitters | 12. Plural of the underground plant structures like gentian and angelica providing bitter depth | 13. The Red Hook cocktail combining spicy rye whiskey with bitter Punt e Mes and maraschino | 14. Thick | 17. Exhibiting the rich tannic and fruity nuances typical of aged grape wine,1. Arabic tree exudate boiled with sugar to produce velvety gomme syrup | 2. The natural white veil of living yeast that covers biologically aging Fino and Manzanilla sherries | 3. Historic British imperial liquid measure equivalent to one quarter of a pint | 4. The solitary maritime single malt Scotch distillery situated on the windswept Isle of Skye | 8. Wall-mounted inverted measuring dispenser ubiquitous in British pubs to pour exact spirits | 10. A fragrant agricultural orchard of lemon | 11. Roasted cacao bean powder providing earthy chocolate bitterness to flips and dessert drinks | 15. Modern cocktail prefix designating contemporary regional classics like the New York Sour | 16. An individual horizontal layer of barrels stacked in a multi-story whiskey rickhouse
2026-11-17,main,The Masterpiece 15,##B#STRAWS#####/A#E#M####A##AJI/CREMA##M#P#P#A#/I#R#SPEAR#POURS/D#S#H##R###R###/S####C#G##BRUT#/#CAROUSALS#O###/#A###R#R###N#C#/#BLINDTIGERS#L#/###M#S#T####MOP/M##B##BARKS##C#/A#FIR#E#O#O##H#/P##B##L#ENJOYED/LYNE##L###U###O/E######VATS#FOG,2. Plural of the slender paper | 5. Peruvian spicy yellow chili pepper muddled into fiery pisco sours and tropical drinks | 7. The dense | 10. Long narrow strip of cucumber or pineapple used to adorn tall highballs | 11. Dispenses measured volumes of liquor from a bottle neck into a jigger or mixing tin | 13. Dry classification for sparkling wines containing less than twelve grams of sugar per liter | 14. Plural of the boisterous | 16. Plural of the illicit drinking dens that circumvented liquor laws with novelty attractions | 18. Long-handled absorbent cotton cleaning tool used to scrub and dry bar floors during closeout | 20. Plural of the dried tree coverings like cinchona and angostura providing bitter cocktail alkaloids | 23. Evergreen coniferous tree whose fresh needles infuse alpine gins and brandies | 24. Experienced with pleasure | 26. The horizontal or declining copper pipe directing alcohol vapor from a still head into condenser | 27. Plural of the massive wooden or stainless bulk holding tanks used to marry blended spirits | 28. Dense aromatic white vapor produced when dry ice or liquid nitrogen meets cocktail liquids,1. Fermented cereal beverages encompassing lagers ales stouts and wild lambics | 2. Variant of the Julep family pairing spirits and sweetener with muddled seasonal fruit and mint | 3. Sweet raw fluid tapped from birch or maple trees fermented into regional wilderness wines | 4. Plural of the organic chemical compounds like citric and malic acid that balance cocktail sugar | 6. Mason glass vessel popular for serving rustic Moonshine drinks and shrub coolers | 8. Celebrated tequila sour shaken with fresh lime juice and orange liqueur in a salted rim glass | 9. Plural of the traditional Spanish glass wine vessels equipped with pouring spouts | 12. Plural of the coagulated milk solids that capture bitter tannins and color during punch filtration | 14. Colloquial bar patron order shorthand for a glass of dry Cabernet Sauvignon red wine | 15. Glass dome bell jar placed over a cocktail to trap aromatic wood smoke before service | 17. The deliberate and joyful social act of drinking intoxicating cocktails in good company | 19. Tree sap boiled into rich syrup providing autumnal wood notes to brown spirits | 20. Bell-shaped Japanese jigger or the Division Bell mezcal cocktail created in New York | 21. Savory fish caviar served on mother-of-pearl spoons alongside chilled dry martinis | 22. Plural of the clear Korean distilled spirits traditionally produced from rice or sweet potatoes | 25. The classic Salty Dog cocktail combining vodka or gin with grapefruit juice in a salted glass
2026-11-18,mini,Morning Coffee 15,PERFUME/U#I##I#/B#C##L#/#CHILLS/####A#W/WATER#I/####DOG,1. Volatile | 4. Reduces beverage temperature via thermodynamic heat exchange with ice cubes | 7. The vital diluting agent and coolant released into a cocktail through melting ice | 8. The classic Salty Dog cocktail combining vodka or gin with grapefruit juice in a salted glass,1. Traditional British drinking establishment named as an abbreviation of public house | 2. Cocktail simple syrup prepared at a concentrated ratio of two parts sugar to one part water | 3. Heavy grooved roller machinery that pulverizes malted barley into grist before mashing | 5. Rendered pork lipid used in culinary mixology to fat-wash bourbon for savory old fashioneds | 6. A generous unmeasured gulp of a beverage taken directly from a glass or flask
2026-11-18,midi,Midday Break 15,####SIP#F#T/#BED##R#R#O/#E#ACAI#O#S/BEER##CASKS/A##K##K#T##/RUE#FOLLE##/S##F##Y#DOG/###L##P###L/##JAGGERY#O/###I##A###W/#NORI#RYES#,1. A small | 5. The porous filter layer of crushed grain husks resting inside a mash tun during lautering | 7. Dark purple Brazilian Amazonian palm berry pureed into vibrant | 8. Effervescent fermented malt beverage known as humanity's oldest alcoholic drink | 9. Wooden barrel containers used to age and mature spirits wines and beers | 10. Intensely bitter aromatic herb used in ancient folk tonics and medicinal restorative cordials | 11. Folle Blanche: historic high-acid white grape variety used to distill fine Armagnac | 13. The classic Salty Dog cocktail combining vodka or gin with grapefruit juice in a salted glass | 15. Traditional unrefined cane or palm sugar block used in South Asian beverages | 16. Toasted marine seaweed sheet clipped to glassware rims to provide maritime salinity | 17. Plural of the spicy American whiskeys distilled from a mash bill containing at least 51 percent rye,2. Vibrant magenta desert cactus fruit yielding sweet | 3. Chilled until an exterior layer of white condensation forms across the glassware surface | 4. To throw a cocktail through the air between high-held vessels to aerate and chill smoothly | 5. The industrious insect whose sweet wildflower honey anchors the Prohibition Bee's Knees | 6. Rich molasses-heavy rum classification or beer roasted to a deep mahogany hue | 8. Plural of the commercial hospitality establishments licensed to serve alcoholic beverages | 12. Theatrical bartending style involving juggling bottles tins and dazzling glass manipulation | 14. The warm amber luminescence displayed by an aged spirit when held up to barroom light
2026-11-18,main,Weekend Edition 15,###S####VAT#S#E/#BITING###HOPPY/###I##INN#R#E#E/##URBAN##TOPAZ#/####R###H#W#R##/#P##U#G#U#I###P/#I#NITROGEN#P#I/#T##S#O#O#GRAIN/#C##E#V##P##L#K/SHANDIES#A##O##/#E#####PUNTEMES/#R##P##R####A#I/P#O#LIPIDS##SAP/O#I#U##T######S/PALOMA#ZESTERS#,2. Enormous wooden or stainless vessel used for bulk spirit blending | 6. Astringent sharp sensation on the tongue caused by high acidity or un-aged alcohol | 8. Flavor profile characterized by intense floral bitterness and pine aromas from hop cones | 9. Historic roadside public house providing food | 10. City-center cocktail bars and micro-distilleries driving modern craft mixology revivals | 12. Luminous golden-amber gemstone hue displayed by aged rum and long-matured brandies | 17. Inert gas injected into draught lines to create velvety cascading heads on stouts | 19. Cereal crop seeds like rye barley corn and wheat that form the base mash of spirits | 21. Plural of the refreshing European coolers combining draught beer with sparkling lemonade | 23. Italian vermouth from Turin characterized by one point of sweetness and half a point of bitterness | 28. Fat molecules like butter or duck fat infused into spirits during the fat-washing process | 29. Sweet raw fluid tapped from birch or maple trees fermented into regional wilderness wines | 30. Refreshing Mexican tequila cocktail topped with fizzy tart grapefruit soda and salt | 31. Plural of the notched metal tools used to scrape ultra-fine threads of aromatic citrus rind,1. Gentle rotational mixing technique utilizing a teardrop barspoon to avoid aerating drinks | 3. Aerating a drink by repeatedly cascading it through the air between two vessels | 4. Long narrow strip of cucumber or pineapple used to adorn tall highballs | 5. Colloquial term for a morning revitalizer cocktail or a drop of modifier | 7. Botanical spirit flavored predominantly with aromatic juniper berries | 11. Over-agitated through violent shaking | 13. Alpine spritz cocktail combining sparkling prosecco with elderflower cordial | 14. Large glass or ceramic jug equipped with a handle and spout for serving table drinks | 15. A fragrant agricultural orchard of lemon | 16. Delicate pastel hue of pink gin seasoned with Angostura bitters or the gin Pink Lady | 18. Plural of the refreshing Mexican national cocktail pairing tequila with grapefruit soda | 20. Heavy copper or stainless saucepan used behind the bar to gently simmer simple syrups | 22. Venetian apéritif combining prosecco an Italian bitter aperitivo and a splash of soda water | 24. Measured | 25. Sweet stone fruit fermented into European slivovitz and Japanese umeshu plum liqueur | 26. Audible sound of a sparkling wine cork release or colloquial term for soda | 27. Volatile aromatic liquid expelled from citrus rinds to perfume the surface of a cocktail
2026-11-19,mini,Brain Snack 15,A###TAG/SPICE#R/H###ALE/#BUAL#Y/#E#####/DEEP###/#R#####,2. Printed label attached to a bottle neck declaring vintage | 4. Dried aromatic bark seed or fruit like cinnamon or nutmeg used to season drinks | 5. Top-fermented malt brew produced with warm fermentation yeast strains | 6. Fragrant | 7. Sensory descriptor for layered,1. Fine carbon residue produced from roasting agave hearts in subterranean earthen pit ovens | 2. Exotic blue-green color of tropical cocktails blending blue curaçao with pineapple juice | 3. Grey Goose: luxury French vodka distilled from Picardy wheat and Gensac spring water | 6. Effervescent fermented malt beverage known as humanity's oldest alcoholic drink
2026-11-19,midi,Brain Teaser 15,########S#U/###TORCHING/LIP#####P#N/A#E#GROGS#I/M#A####U#M#/BURNT#TABAC/#R##U##I#R#/#N#CREMANTS/##F#K##C#I#/#CORE#DOWNS/##G#Y##L#I#,3. Igniting expressed citrus oils or dried herbs with a flame to caramelize aromatics | 4. The outer rim of a glassware bowl where garnishes are balanced | 6. Plural of the historic Royal Navy drinks mixing dark rum | 9. Sensory descriptor for the dark | 12. Traditional French corner shop licensed to sell tobacco | 13. Plural of the traditional-method French sparkling wines produced outside the Champagne AOC | 15. The fibrous central interior of an apple or pineapple removed before juicing | 16. Cocktails served without ice in stemmed glasses after being shaken or stirred,1. Measured | 2. Ugni Blanc grape variety forming the vast majority of distillation wash for Cognac | 4. Belgian sour wheat ale fermented spontaneously with wild Brettanomyces yeasts in open vats | 5. Orchard fruit cold-fermented and double-distilled to yield fragrant clear Poire Williams brandy | 7. Aromatic phenolic compound responsible for delivering smoky | 8. The definitive stirred classic cocktail uniting crisp gin with dry white vermouth and an olive | 10. Heated ceramic or metal dispensing vessel utilized to keep mulled wine and hot toddies warm | 11. Eurasian nation where anise-scented raki is poured with water as the traditional Lion's Milk | 14. Dense aromatic white vapor produced when dry ice or liquid nitrogen meets cocktail liquids
2026-11-19,main,Brain Bender 15,#D#PUB##T###BIB/#R#E#URBAN#S##E/BASE#N##P#COUPE/#M#L#G#L###U#I#/##REDSNAPPER#P#/###R###C#I##WET/####C##TING##T#/#R##OUZO#E#OATS/#I##O##SOY#I#E#/#CHALICE###L##G/#H#P##O#A###P#A/###E##L#GIBSONS/MARRIED#A#I#T##/U##O####V#N#SOT/G##LEATHER#####,2. Traditional British drinking establishment named as an abbreviation of public house | 5. Acronym for Bottled in Bond | 7. City-center cocktail bars and micro-distilleries driving modern craft mixology revivals | 9. The foundational high-proof primary spirit around which a cocktail recipe is constructed | 10. Curved stemmed glassware originally designed for sparkling wine and ideal for shaken drinks | 13. The gin-based ancestor of the vodka Bloody Mary | 15. Cocktail formulation featuring a generous measure of vermouth relative to the base spirit | 17. Effervescent Jamaican sparkling grapefruit soda frequently paired with overproof white rum | 19. Sweet aromatic Greek apéritif distilled with anise mint and spices | 20. High-protein cereal grain added to brewing mashes to create silky | 21. Fermented umami-rich soybean sauce deployed in micro-drops to season savory modern martinis | 22. Heavy wide-mouthed stemmed goblet traditionally used for Belgian Trappist ales | 28. Plural of the savory Martini variation adorned with pickled pearl onions | 30. Blended together in neutral bulk vats to allow multiple cask distillates to harmonize | 31. Archaic colloquial term for an habitual or notorious drinker | 32. Aged,1. Traditional Scottish measure representing a small warm pour of whisky | 2. Y-shaped razor-sharp kitchen blade used to peel wide swaths of citrus rind | 3. Plural of the wooden or rubber stoppers hammered into barrel holes to seal aging spirits | 4. Faucet system used to draw draught beer or pre-batched cocktails from a pressurized keg | 6. The industrious insect whose sweet wildflower honey anchors the Prohibition Bee's Knees | 8. Foundational cocktail template balancing spirit with citrus and sweetener | 11. Slender graduated dropper used to apply exact drops of saline solution or acid to drinks | 12. Unfermentable milk sugar dissolved into sweet milk stouts to provide residual body and sweetness | 14. Aromatic descriptor for the crisp evergreen aroma imparted by juniper berries in gin | 16. To gently lower the temperature of a beverage or glassware prior to service | 18. Cocktail simple syrup prepared at a concentrated ratio of two parts sugar to one part water | 20. Volatile aromatic liquid expelled from citrus rinds to perfume the surface of a cocktail | 23. Bright orange Italian bitter liqueur with low proof and zesty rhubarb-orange gentian notes | 24. Essential serving temperature for crisp Martinis and carbonated highballs | 25. Carbon dioxide or nitrogen used to carbonate beverages and propel draught liquid through lines | 26. Desert succulent plant whose harvested core is roasted and pressed to produce mezcal | 27. Plural of the traditional bulbous copper kettles used for artisanal batch distillation | 29. Insulated stainless steel ice compartment in a cocktail well or cellar wine storage cubby | 30. Heavy handled vessel often crafted from copper or stoneware for cold drinks
2026-11-20,mini,Commuter Special 15,##FLAIR/####L#O/##SEC#W/JAM#O##/##O#HOP/INK#O##/##YOLK#,1. Theatrical bartending style involving juggling bottles tins and dazzling glass manipulation | 4. French wine and cordial label indicator denoting a dry profile | 5. Preserved fruit spread shaken into modern sours to deliver immediate fruit body and sweetness | 6. Cone-shaped flower that provides floral bitterness and antimicrobial properties to beer | 7. Cuttlefish or squid pigment deployed to turn savory cocktails midnight black | 8. Rich,2. Organic ethanol compound produced by yeast fermentation that induces intoxication | 3. Linear alignment of bottles arranged along a speed rail or backbar shelf | 4. Campfire and peat aroma notes characteristic of Islay whiskies and pit-roasted mezcal
2026-11-20,midi,Perfect Puzzler 15,##CHIP#BARS/##H##O#R###/SPIN#SHOCHU/##L#T##T###/HALFANDHALF/##S#P#R#L#O/#R#W##A#E#G/BASILSMASH#/#K#L#####O#/#IODINE#SOT/#########K#,1. Aromatic hardwood shaving burned inside a smoking gun to flavor cocktails under a cloche | 3. Plural of the commercial hospitality establishments licensed to serve alcoholic beverages | 4. To twirl a twisted barspoon or swizzle stick rapidly between both palms to chill a drink | 5. Traditional Japanese distilled spirit crafted from barley | 7. Draught beer presentation combining equal measures of two contrasting beer styles in one pint | 13. Modern Hamburg classic created by Jörg Meyer muddling gin with fresh lemon and basil leaves | 15. Medicinal antiseptic aroma nuance detected in heavily peated Islay single malt whiskies | 16. Archaic colloquial term for an habitual or notorious drinker,1. Reduces beverage temperature via thermodynamic heat exchange with ice cubes | 2. Point of sale computer terminal used by bartenders to enter drink orders and process checks | 3. Savory clarified meat or vegetable stock warmed with spirits for winter savory drinks | 6. Faucet system used to draw draught beer or pre-batched cocktails from a pressurized keg | 8. Traditional Scottish measure representing a small warm pour of whisky | 9. Plural classification of top-fermented beers encompassing pale ales | 10. Dense aromatic white vapor produced when dry ice or liquid nitrogen meets cocktail liquids | 11. Aniseed-flavored distilled spirit regarded as the national apéritif of Turkey | 12. Spontaneous fermentation driven by indigenous airborne yeasts and ambient microflora | 14. The Red Hook cocktail combining spicy rye whiskey with bitter Punt e Mes and maraschino
2026-11-20,main,The Grand Grid 15,Y#POLAND#M##F#F/O####P#E#IMBIBE/LIMONENE#X##G#R/K#I##R#P####GIN/##S##O##TODDY#E/FLORAL##A##O##T/###Y####V##G##S/###E##TIE#A#D##/PILS##A#RESTED#/O#####L#N#H#G#A/T#K##WIPES##R#D/STIRS#S#R##AEJO/##L#T#K#SUM#E#N/PUNTEMES#R#ASTI/####M#R#INK###S,2. Historic Eastern European home of premium rye and potato vodkas distilled across centuries | 8. The deliberate and joyful social act of drinking intoxicating cocktails in good company | 9. The dominant terpene hydrocarbon found in the cold-pressed oils of fresh citrus peels | 11. Botanical spirit flavored predominantly with aromatic juniper berries | 12. Comforting hot beverage crafted with spirit boiling water honey and winter spices | 14. Fragrant aroma nuances reminiscent of elderflower violets roses and chamomile | 16. Formal uniform neckwear or the act of knotting a slender strip of citrus peel for garnish | 19. Colloquial European shorthand for a crisp | 20. Stored in inert tanks or wooden vats for a short duration to harmonize flavors before bottling | 23. Sanitizing cloths kept in sanitizer buckets to clean sticky bar counters throughout the night | 24. Circular gentle rotations of a barspoon around a mixing glass to chill without bubbles | 26. Tequila matured in small wooden barrels for at least one year to impart amber wood nuances | 27. The total financial balance of a bar check encompassing food | 29. Italian vermouth from Turin characterized by one point of sweetness and half a point of bitterness | 30. Piedmontese province celebrated for sweet floral sparkling Moscato wines | 31. Cuttlefish or squid pigment deployed to turn savory cocktails midnight black,1. Rich | 3. Bright orange Italian bitter liqueur with low proof and zesty rhubarb-orange gentian notes | 4. Sensory descriptor for layered | 5. Pre-combined formulation of juices and modifiers designed for rapid assembly | 6. Sensory tasting descriptor for rich | 7. Plural of the intensely bitter | 10. Fermented Japanese savory paste fat-washed into bourbon to impart deep brothy umami | 12. Plural of the historic keepers and proprietors of colonial coaching inns and public alehouses | 13. The classic Salty Dog cocktail combining vodka or gin with grapefruit juice in a salted glass | 15. Plural of the spicy American whiskeys distilled from a mash bill containing at least 51 percent rye | 16. The solitary maritime single malt Scotch distillery situated on the windswept Isle of Skye | 17. Fine carbon residue produced from roasting agave hearts in subterranean earthen pit ovens | 18. Plural of the angular proof units or temperature units measured during brewing and mashing | 19. Plural of the traditional bulbous copper kettles used for artisanal batch distillation | 21. Classic low-proof cocktail uniting sweet vermouth and dry sherry with orange bitters | 22. High-temperature drying oven where germinated green barley is halted with warm air or peat | 25. Slender vertical glass column supporting the bowl to prevent hand heat warming the cocktail | 28. Heated ceramic or metal dispensing vessel utilized to keep mulled wine and hot toddies warm
2026-11-21,mini,Fast Five 15,C#PIPES/I#O###E/T#N#K#A/RADLERS/I###G#A/CUPS##L/####SOT,2. Plural of the large wooden casks used to age and ship fortified Portuguese port wine | 5. Plural of the German cycling thirst-quenchers blending crisp draught lager with citrus soda | 6. Plural of the historic British summer wine and fruit coolers traditionally fortified with spirits | 7. Archaic colloquial term for an habitual or notorious drinker,1. Sharp sour flavor profile characteristic of lemon lime and grapefruit juices | 2. Man-made cooling basin providing recycled cold water to distillery condensers | 3. Mineral salt evaporated from ocean water used to crust the perimeter of margarita glassware | 4. Stainless steel pressurized cylinder used to store and dispense draught beer or batched cocktails
2026-11-21,midi,Coffee Break 15,TAP#PERRIER/##E###A#C#Y/#BARHYGIENE/#A###I####S/#R#APEROL##/#S#N#L###D#/#TOT#DRYER#/#O#######A#/VOLSTEAD#M#/#L#O###I###/#S#T#NAPKIN,1. Faucet system used to draw draught beer or pre-batched cocktails from a pressurized keg | 3. Iconic French naturally carbonated mineral water captured in distinctive teardrop green bottles | 7. The comprehensive sanitation protocols practiced to keep the bar spotless | 9. Bright orange Italian bitter liqueur with low proof and zesty rhubarb-orange gentian notes | 11. Daily rum ration issued to Royal Navy sailors until Black Tot Day in 1970 | 12. Comparative tasting term denoting a cocktail formulation possessing less residual sugar | 13. The Volstead Act of 1919 providing statutory enforcement for American Prohibition | 16. Small folded paper square or linen coaster placed beneath a served drink to catch condensation,2. Butterfly pea blossom steeped to create an indigo tea that turns bright violet when exposed to acid | 4. Microfiber cloth or cotton towel deployed by a bartender to keep the service station dry | 5. The bartender's indispensable thermodynamic coolant and dilution control agent | 6. Plural of the spicy American whiskeys distilled from a mash bill containing at least 51 percent rye | 7. Plural of the tall counter-side seats arranged along the perimeter of the drinking rail | 8. The total percentage volume of pure alcohol extracted from a mashing and distillation run | 9. Roasted and crushed chicatana flying ant seasoning blended with salt to accompany neat mezcal | 10. Traditional Scottish measure representing a small warm pour of whisky | 14. Archaic colloquial term for an habitual or notorious drinker | 15. Quick immersion of glassware rims into juice or cordial before applying garnishes
2026-11-21,main,Heavy Hitter 15,P####YOLK##M##A/O#TAX##I##AIREN/TEA##SIP###L##C/##H##P###SPLASH/#BOOZE##C#E###O/##N##C##A#A####/SNAP#SAMBUCA#O#/E######A##H##U#/R#CELLAR#G#SUZE/C#H####TRUB##O#/ICED#A#I#M#DISH/A#L#BRINE##E##E/LEAN#R#I#FIR##A/##D##A#####B##D/#DARKNSTORMY##S,2. Rich | 6. Federal excise duty levied on distilled spirits that sparked the historic Whiskey Rebellion | 7. Drought-resistant Spanish white grape variety widely planted to distill Brandy de Jerez | 8. Tannic herbal infusion frequently deployed as the diluting weak element in historic punches | 9. A small | 10. Imprecise free-pour measure of a mixer liquid added to top off a highball | 12. Colloquial slang term for intoxicating alcoholic beverages | 14. The crisp | 15. Sweet Italian anise-flavored clear liqueur traditionally garnished with coffee beans | 18. Temperature-controlled subterranean storage room for maturing wines and vintage kegs | 20. Iconic French bittersweet apéritif distilled from wild yellow gentian roots | 21. Coagulated protein and hop sediment that settles to the bottom of the brewing kettle | 22. Thoroughly chilled with solid ice chunks or served over crystalline cubes in a tumbler | 24. Shallow ceramic bar bowl filled with spiced olives or roasted almonds for table snacks | 26. Salty | 27. A bone-dry cocktail formulation prepared with minimal sweetening agents to emphasize spirit | 28. Evergreen coniferous tree whose fresh needles infuse alpine gins and brandies | 29. Bermudan highball combining spicy ginger beer over ice with a rich floating cap of black rum,1. Traditional bulbous copper alembic still utilized for rich batch distillation | 3. The outer rim of a glassware bowl where garnishes are balanced | 4. Heavy grooved roller machinery that pulverizes malted barley into grist before mashing | 5. Dried poblano chile providing sweet raisin notes and smoky warmth to Mexican liqueurs | 6. Massive volcanic stone wheel pulled by a mule to crush roasted agave piñas | 9. The precise ingredient measurements and operational steps defining a standard cocktail recipe | 11. Orchard stone fruit pureed with sparkling prosecco to create the Venetian Bellini | 13. Colloquial bar patron order shorthand for a glass of dry Cabernet Sauvignon red wine | 14. The driest and crispest style of fortified Madeira wine | 16. The definitive stirred classic cocktail uniting crisp gin with dry white vermouth and an olive | 17. Plural of the sweet anise-flavored apéritifs enjoyed across the seaside cafes of Greece | 18. Crisp Mexican beer serve seasoned simply with fresh Persian lime juice and a sea salt rim | 19. Arabic tree exudate boiled with sugar to produce velvety gomme syrup | 23. Scottish island whose Lochranza distillery produces unpeated | 24. Classic cocktail shaking bourbon with fresh tart grapefruit juice and honey syrup | 25. The volatile
2026-11-22,mini,Quick Solve 16,H#B#SOY/I#U#T##/GUAVA#R/H#L#V#I/###BEAM/###I#J#/SANGRIA,3. Fermented umami-rich soybean sauce deployed in micro-drops to season savory modern martinis | 4. Fragrant tropical fruit pureed into sweet pink nectars for Caribbean tiki swizzles | 6. Famous Kentucky bourbon distilling family synonymous with Clermont and white label whiskey | 8. Spanish wine punch infused with fresh chopped fruits brandy and citrus juices,1. Glass style or drink format served long with sparkling mixer in a tall tumbler | 2. Fragrant | 3. Narrow | 5. Circumference of a cocktail glass often coated with citrus juice and salt or sugar | 6. Large format geometric ice cube carved to minimize surface area and slow down dilution | 7. Peruvian spicy yellow chili pepper muddled into fiery pisco sours and tropical drinks
2026-11-22,midi,The Daily Grid 16,##G######B#/#GLEN#CEDAR/I#E###H##R#/BIN#B#A#ASH/U#L#OIL##T#/SHIFT#K#BOX/C#V#A####O#/AGE###CHILE/L#TAPS##N##/E###O###NUT/##BATIDA###,3. Scottish Gaelic geographical term for a valley | 4. Aromatic softwood whose fragrant shavings are burned to smoke cocktail glassware | 6. Insulated stainless steel ice compartment in a cocktail well or cellar wine storage cubby | 8. Fine carbon residue produced from roasting agave hearts in subterranean earthen pit ovens | 9. Volatile aromatic liquid expelled from citrus rinds to perfume the surface of a cocktail | 10. A bartender's scheduled operational working hours behind the service counter | 11. Cellar storage crate or modern bag-in-box wine packaging format | 12. Maturation period inside a wooden cask that mellows raw distillate | 13. Pungent capsicum pepper muddled into spicy margaritas to deliver direct tongue heat | 15. Plural of the draught beer faucets lining the back counter of a modern public house | 17. Hard-shelled seed like hazelnut or walnut macerated to yield rich nutty winter liqueurs | 18. Traditional Brazilian long drink blending cachaça with fruit juice and sweetened milk,1. Pioneering Speyside single malt Scotch distillery legally licensed by George Smith in 1824 | 2. Tall backless or cushioned seat positioned along the front length of a bar counter | 4. Sensory descriptor for dry | 5. International Bitterness Units scale measuring the concentration of hop bitterness in beer | 7. Traditional teardrop-shaped Spanish leather bladder used to squirt wine into the mouth | 14. Historic roadside public house providing food | 16. Traditional bulbous copper alembic still utilized for rich batch distillation
2026-11-22,main,The Masterpiece 16,LINES##STABLE##/##E###F#E#####W/RAW#P#R#R#J#M#I/O##PAPERPLANE#L/C###N#E#E#R#LID/K#P##C##N###O##/S#EFFERVESCENT#/TAG##L##S###C#P/U###LEES#BASE#I/M##I#R#L####LOG/BRANDY#O##T#L##/L##N#S#E#THROWN/EGG#FAT###Y##A#/R####L####M##X#/##HAITI##TEAL##,1. Plural of the insulated draught tubing lines running from cold walk-in kegs to bar faucets | 3. A cocktail foam or emulsion that maintains its structural aeration without collapsing | 7. Unrefined natural sugar or raw unpasteurized egg white used to create a silky sour foam | 11. Modern equal-parts bourbon cocktail containing Aperol Amaro Nonino and fresh lemon juice | 12. The tight-fitting metal cap placed over a cocktail shaker tin before shaking | 15. Lively | 16. Printed label attached to a bottle neck declaring vintage | 18. Dead yeast cells and sediment settling to the bottom of wine and beer tanks | 20. The foundational high-proof primary spirit around which a cocktail recipe is constructed | 22. The official shift journal recording daily bar inventory | 23. Distillate produced by boiling fermented grape wine or crushed orchard fruits | 25. Aerated smoothly by pouring the liquid back and forth between two distant vessels | 27. Emulsifying cocktail ingredient whose white yields a silky textural foam collar | 28. Rich lipid substance like melted butter | 29. Caribbean nation renowned for its artisanal | 30. Exotic blue-green color of tropical cocktails blending blue curaçao with pineapple juice,2. Modern cocktail prefix designating contemporary regional classics like the New York Sour | 4. Aromatic hydrocarbon compounds abundant in citrus rinds juniper berries and hops | 5. Pouring technique where fluid volume is estimated accurately by mental tempo without jiggers | 6. Spontaneous fermentation driven by indigenous airborne yeasts and ambient microflora | 7. Sturdy | 8. Heavy copper or stainless saucepan used behind the bar to gently simmer simple syrups | 9. Mason glass vessel popular for serving rustic Moonshine drinks and shrub coolers | 10. Creamy Italian melon liqueur prepared by blending pureed cantaloupe with alcohol and cream | 13. Historic colonial measure for a unit of spirits served with soda | 14. Savory seasoning blend combining crushed celery seeds with fine salt | 17. Historic term for a clandestine unlicensed 19th-century saloon | 19. Wild astringent blackthorn plum steeped with sugar and spirit to produce traditional sloe gin | 21. Historic roadside public house providing food | 24. Woody garden herb lending savory herbal notes to syrups and botanical spirits | 26. Natural beeswax melted over bottle closures to protect aged vintage spirits from ambient oxygen
2026-11-23,mini,Morning Coffee 16,CAVA#B#/###A#E#/#FOLLE#/H##B##R/E#KOMBU/R##R##M/BUNGS#S,1. Spanish sparkling wine produced predominantly in Catalonia via the traditional method | 4. Folle Blanche: historic high-acid white grape variety used to distill fine Armagnac | 7. Giant dried kelp providing natural glutamic acid umami to savory martinis | 8. Plural of the wooden or rubber stoppers hammered into barrel holes to seal aging spirits,2. Historic Danish distillery famous for producing traditional caraway-scented akvavit | 3. The industrious insect whose sweet wildflower honey anchors the Prohibition Bee's Knees | 5. Fragrant green plant leaf used fresh or dried to infuse botanical syrups and spirits | 6. Plural classification of cane-derived distillates encompassing dark
2026-11-23,midi,Midday Break 16,GIBSON#B###/#N###I#U#S#/#K###PALOMA/A#EGG##L#O#/P#L#ALES#K#/ELDER##HAY#/R#I#N##O###/I#A#I#STEMS/TUBES#O###M/I#L#HAT###O/FOOT####FOG,1. Savory variation of the classic gin Martini garnished uniquely with a pickled cocktail onion | 6. Refreshing Mexican tequila cocktail topped with fizzy tart grapefruit soda and salt | 8. Emulsifying cocktail ingredient whose white yields a silky textural foam collar | 10. Plural classification of top-fermented beers encompassing pale ales | 11. Elderflower or elderberry plant whose blossoms yield fragrant | 12. Toasted sweet meadow grass infused into modern artisanal bourbons to impart rustic farm notes | 13. Slender vertical supports of fine glassware designed to prevent hand heat warming the drink | 15. Cylindrical glass shooter vials utilized to serve modern party shots and cocktail flights | 16. Dense | 17. The flat | 18. Dense aromatic white vapor produced when dry ice or liquid nitrogen meets cocktail liquids,2. Cuttlefish or squid pigment deployed to turn savory cocktails midnight black | 3. A diminutive pour or pocket-sized serving of spirits | 4. Savory mid-century classic cocktail shaking cold vodka with seasoned beef bouillon and lemon | 5. Campfire and peat aroma notes characteristic of Islay whiskies and pit-roasted mezcal | 7. Dry or bitter low-alcohol drink consumed prior to a meal to stimulate appetite | 8. Refreshing highball cocktail combining reposado tequila with crème de cassis | 9. The decorative and aromatic citrus | 13. Archaic colloquial term for an habitual or notorious drinker | 14. A thick
2026-11-23,main,Weekend Edition 16,HOPS####NEGRA##/#A#Y###D###U###/STIRS#PORRON##H/W##A###S#A##V#O/I#CHAMPAGNE#E#P/G#A#R##G#C#DROP/##S#D##E#I##D#Y/SEC#BUD#GOLDEN#/U#O#E##S##O###W/M###G##HUMULENE/#PEA#A#A##N###B/#E#G#M#V##G#C##/MACERATE##ETHYL/#C###R######A#O/CHARRO##ROBUR#W,1. Plural of the green cone flowers that provide bitter alpha acids and floral aromatics to beer | 4. Spanish classification for dark | 7. Circular gentle rotations of a barspoon around a mixing glass to chill without bubbles | 8. Glass wine pitcher featuring a long pointed spout used to pour a stream into the mouth | 12. French sparkling wine produced exclusively within its eponymous region via method champenoise | 14. Small bead of liquid such as saline solution or aromatic bitters applied with an eye-dropper | 15. French wine and cordial label indicator denoting a dry profile | 16. Aromatic dried flower bud like clove or unexpanded hop cone used in brewing and infusions | 17. Hue acquired by spirits matured briefly in toasted or charred oak casks | 21. Woody and spicy terpene compound found in noble European hops that seasons fine pilsners | 22. Butterfly pea blossom steeped to create an indigo tea that turns bright violet when exposed to acid | 26. To steep botanical roots | 27. Ethyl alcohol or ethanol | 29. Charro Negro: popular Mexican highball combining blanco tequila | 30. Quercus robur or European pedunculate oak wood prized for aging brandies,2. Cereal grain added to brewing mashes to contribute velvety mouthfeel and creamy head to stout | 3. Dark | 5. A single complete cycle of heating | 6. Sweet wine and sugar mixture added to champagne bottles following disgorgement | 7. A generous unmeasured gulp of a beverage taken directly from a glass or flask | 9. Complex | 10. Flavor profile characterized by intense floral bitterness and pine aromas from hop cones | 11. Portuguese descriptor for young | 12. Spanish cooperage term for an oak barrel or wooden cask utilized for aging wines | 13. Islay single malt distillery famed for producing deeply peated malts with vibrant lemon zing | 15. The total financial balance of a bar check encompassing food | 18. Plush comfortably appointed hospitality space dedicated to relaxed cocktail sipping | 19. Ultra-fine snow-like ice scraped from a clear block to build mounded julep presentations | 20. Tangled gossamer threads spun by cellar spiders across historic vintage wine bottles | 22. Orchard stone fruit pureed with sparkling prosecco to create the Venetian Bellini | 23. Maturation period inside a wooden cask that mellows raw distillate | 24. Italian herbal liqueur macerated with bitter roots and botanicals drunk as a digestif | 25. The blackened carbonized wood layer torched into the interior walls of new bourbon barrels | 28. Cocktail classification featuring reduced alcohol by volume designed for daytime session sipping
2026-11-24,mini,Brain Snack 16,##RUBY#/D#U####/REMUAGE/Y#S##U#/E##BEET/R####S#/#FRUIT#,1. Deep red fortified port wine style matured in vats to preserve vibrant young fruit notes | 3. The labor-intensive manual riddling process turning champagne bottles toward the neck | 5. Earthy crimson root vegetable roasted and pureed to lend deep red hue and earthy sugar to sours | 6. Broad flavor category encompassing berries,1. Plural classification of cane-derived distillates encompassing dark | 2. Comparative tasting term denoting a cocktail formulation possessing less residual sugar | 4. A customer welcomed into a hospitality establishment to enjoy food
2026-11-24,midi,Brain Teaser 16,##H#FIGS##U/##A#L#####N/FIR#INFUSED/A#DIP#####E/T##N##ROBUR/#RAKIS##O#B/#Y###K#SODA/LEES#I##Z#R/###U#MULE#S/#POD#######/###SLING###,2. Plural of the sweet Mediterranean fruits macerated into autumnal brandies and rich syrups | 4. Evergreen coniferous tree whose fresh needles infuse alpine gins and brandies | 5. Steeped with botanicals spices fruits or vegetables to absorb natural flavors | 6. Quick immersion of glassware rims into juice or cordial before applying garnishes | 8. Quercus robur or European pedunculate oak wood prized for aging brandies | 10. Plural of the aniseed-flavored spirits served with cold water as Turkey's national drink | 12. Carbonated water charged with carbon dioxide to impart effervescence without sugar | 13. Dead yeast cells and sediment settling to the bottom of wine and beer tanks | 15. The classic highball template combining a base spirit with spicy ginger beer and fresh lime | 16. Vanilla or cardamom seed vessel macerated into rich cocktail syrups | 17. Historic long drink consisting of spirit water and sugar often augmented with fruit liqueurs,1. Beverage containing significant alcoholic strength | 2. Creamy historic cocktail category shaken with spirits sugar and a whole intact raw egg | 3. Plural of the lower modular stainless steel sinks and drainboards situated beneath the bar | 4. Rich lipid substance like melted butter | 7. Cuttlefish or squid pigment deployed to turn savory cocktails midnight black | 9. Colloquial slang term for intoxicating alcoholic beverages | 10. Grain spirit that lends a dry and peppery spice backbone to a classic Manhattan | 11. To remove floating fat caps | 14. The thick aerated foam head blooming atop a freshly poured draught beer or stout
2026-11-24,main,Brain Bender 16,###W##T#CREME#A/##CERVEZA###L#I/###B##A#N#B#D#R/P#G#C#L#E#OLIVE/OPAQUE#A##O#A#N/D#S#B##J##Z#B##/###PARTICLE#L##/##G###E##I#CORE/#MIMOSAS#P###U#/##L#R##A##B##E#/##LOG##T#FULL##/C###E##U##C#I##/U#D#A#DRINKING#/PIRATE#N####J##/S#Y#####GOMME##,3. French cordial designation for sweet | 6. The Spanish word for cold | 11. Briny savory garnish speared on a cocktail pick to accompany a classic dry Martini | 12. Completely impenetrable to light | 14. Microscopic solid matter removed from cloudy juices through fine-mesh double-straining | 18. The fibrous central interior of an apple or pineapple removed before juicing | 20. Plural of the popular brunch cocktails combining fresh orange juice with sparkling wine | 24. The official shift journal recording daily bar inventory | 25. Sensory descriptor for a rich | 29. The communal human social ritual of partaking in fermented beverages and mixed cocktails | 30. Seafaring outlaw historically associated with stolen Spanish wine and Caribbean rum rations | 31. Compound syrup emulsified with gum arabic to impart a luxurious silky mouthfeel,1. Tangled gossamer threads spun by cellar spiders across historic vintage wine bottles | 2. Exotic blue-green color of tropical cocktails blending blue curaçao with pineapple juice | 3. Tall tropical grass whose sweet sap is harvested to produce sugar and rum | 4. Refreshing highball cocktail combining reposado tequila with crème de cassis | 5. Drought-resistant Spanish white grape variety widely planted to distill Brandy de Jerez | 7. Colloquial slang term for intoxicating alcoholic beverages | 8. Vanilla or cardamom seed vessel macerated into rich cocktail syrups | 9. Carbon dioxide or nitrogen used to carbonate beverages and propel draught liquid through lines | 10. The Caribbean island nation that birthed the Daiquiri | 13. Peruvian spicy yellow chili pepper muddled into fiery pisco sours and tropical drinks | 15. Tannic herbal infusion frequently deployed as the diluting weak element in historic punches | 16. The outer rim of a glassware bowl where garnishes are balanced | 17. Historic British imperial liquid measure equivalent to one quarter of a pint | 19. Intensely bitter aromatic herb used in ancient folk tonics and medicinal restorative cordials | 21. Milky French sweet syrup crafted from blanched almonds sugar and orange blossom water | 22. Award-winning gin-based tiki cocktail shaken with passionfruit | 23. Historic highball family pairing spirits with citrus juice and effervescent ginger beer | 26. Norwegian aquavit matured in seasoned sherry casks that cross the equator twice on cargo ships | 27. Plural of the historic British summer wine and fruit coolers traditionally fortified with spirits | 28. Flavor descriptor denoting the complete absence of residual sweetness
2026-11-25,mini,Commuter Special 16,###PUBS/I#C##U#/CRYSTAL/E#P##L#/D#R#B#S/#OUZO#U/##S#WEB,1. Plural of the traditional public houses serving draught ales and hearty tavern fare | 5. High-clarity glass formulated with minerals | 8. Sweet aromatic Greek apéritif distilled with anise mint and spices | 9. Tangled gossamer threads spun by cellar spiders across historic vintage wine bottles,2. Fragrant | 3. Thoroughly chilled with solid ice chunks or served over crystalline cubes in a tumbler | 4. Eastern Mediterranean island nation renowned for grape pomace zivania and Commandaria wine | 6. Classic black silk necktie worn by formal bartenders in traditional European hotel bars | 7. To swap one spirit or modifier for another in a standard recipe to create a variation
2026-11-25,midi,Perfect Puzzler 16,Z##COSMO###/I##H##A####/PINEY#T####/###C#P##W##/RICKHOUSES#/#####U##L##/#B#BARK#L#R/#L#A#S#SPEY/#AIR##L#R#E/#N#S#GOSE##/ICE###G#PAY,2. Colloquial abbreviation for the pink Cosmopolitan cocktail shaken with citron vodka and cranberry | 4. Aromatic descriptor for the crisp evergreen aroma imparted by juniper berries in gin | 7. Plural of the multi-story timber warehouses where American whiskey casks age under heat | 9. Angostura tree or cinchona covering harvested to yield bitter aromatic cocktail alkaloids | 11. Fast-flowing Scottish river whose gravelly valley cradles the world's densest whisky region | 12. Delicate aerated foam or bubble cloud created with soy lecithin to crown modern cocktails | 14. Historic German warm-fermented wheat beer style brewed with coriander seed and sea salt | 15. The bartender's indispensable thermodynamic coolant and dilution control agent | 16. To settle the itemized cocktail ledger before departing a hospitality establishment,1. The bright effervescent snap and energetic citrus bite experienced in a well-balanced highball | 2. The tabulated bill of charges presented to a patron at the conclusion of their bar visit | 3. Textured rubber runner placed beneath glassware on the bar rail to collect overflow droplets | 5. Dispenses measured volumes of liquor from a bottle neck into a jigger or mixing tin | 6. Stocking the primary speed rail with house spirits before doors open for service | 8. French classification for clear unaged rum | 9. Plural of the commercial hospitality establishments licensed to serve alcoholic beverages | 10. Grain spirit that lends a dry and peppery spice backbone to a classic Manhattan | 13. The official shift journal recording daily bar inventory
2026-11-25,main,The Grand Grid 16,###A#######G###/CHILLS###C#RYES/###E#U#SHAVE##N/#S#X#D#A#R#Y##A/#TEARS#PEA##H#P/#E#N##K##FINES#/VERDITAS#E##E##/#P#E##B#R#B#RIM/#E#R#CORONA#I#I/#D####S#W#RUN#Z/##PULQUE##B#G#U/##O#I###MEAD##N/B#PINAS###C#G#A/I###J##KICK#U#R/BEAKER####SUM#A,3. Reduces beverage temperature via thermodynamic heat exchange with ice cubes | 6. Plural of the spicy American whiskeys distilled from a mash bill containing at least 51 percent rye | 8. Ultra-fine snow-like ice scraped from a clear block to build mounded julep presentations | 10. Droplets forming on glass walls caused by surface tension and alcohol evaporation | 11. Butterfly pea blossom steeped to create an indigo tea that turns bright violet when exposed to acid | 14. Delicate high-proof brandies distilled from exceptional estate wine harvests | 15. Plural of the bright green Mexican chasers blending pineapple juice | 18. Circumference of a cocktail glass often coated with citrus juice and salt or sugar | 20. The crown of creamy foam resting atop a poured beer or a famous brand of Mexican lager | 21. A single complete cycle of heating | 22. Ancient cloudy Mexican beverage produced by naturally fermenting fresh raw agave sap | 24. Ancient fermented alcoholic beverage produced by fermenting honey with water and yeast | 26. Plural of the trimmed hearts of agave plants roasted to yield mezcal and tequila | 28. The invigorating alcoholic warmth and ginger spice delivered by a well-made Moscow Mule | 29. Heavy glass vessel often styled with diamond cuts used for stirring cocktails | 30. The total financial balance of a bar check encompassing food,1. Historic dessert cocktail shaking gin with rich brown crème de cacao and heavy sweet cream | 2. Grey Goose: luxury French vodka distilled from Picardy wheat and Gensac spring water | 4. The thick aerated foam head blooming atop a freshly poured draught beer or stout | 5. Stemless glass vessel utilized to present water table wine or batched spirits | 7. The crisp | 8. Sweet raw fluid tapped from birch or maple trees fermented into regional wilderness wines | 9. Soaked in warm or ambient liquid to extract soluble flavors | 12. Historic Danish dark cherry liqueur company founded in Copenhagen in 1818 | 13. Juicy | 16. Linear alignment of bottles arranged along a speed rail or backbar shelf | 17. Plural of the indispensable bar assistants who stock ice | 19. Rare Japanese oak tree species that requires centuries to mature | 22. Audible sound of a sparkling wine cork release or colloquial term for soda | 23. Norwegian aquavit matured in seasoned sherry casks that cross the equator twice on cargo ships | 25. Acronym for Bottled in Bond | 27. Arabic tree exudate boiled with sugar to produce velvety gomme syrup
2026-11-26,mini,Fast Five 16,##BRISK/TEA###E/O#R#Y#G/TENDER#/S###A#P/####S#O/TWISTED,1. Sharp invigorating sensation delivered by dry sparkling ciders and gin highballs | 3. Tannic herbal infusion frequently deployed as the diluting weak element in historic punches | 5. Informal shorthand for a bartender charged with running a service station and hosting guests | 7. Curled into a tight spiral to express essential citrus oils across the surface of a cocktail,1. Traditional timber farm building where rustic Belgian farmhouse saison ales are brewed | 2. Stainless steel pressurized cylinder used to store and dispense draught beer or batched cocktails | 3. Plural of the historic daily rum rations issued to sailors across the British Royal Navy | 4. Microscopic single-celled fungus responsible for converting sugar into ethanol and carbon dioxide | 6. Vanilla or cardamom seed vessel macerated into rich cocktail syrups
2026-11-26,midi,Coffee Break 16,B###GIMLETS/RATIO#U###I/I###SODA##P/SEC#L##TAPS/K##RIM#O#U#/#P##N##MINT/JAM#G##I#C#/#L#ASH#Z#H#/#O#####E#Y#/#MIZUNARA##/#A#########,2. Plural of the classic maritime cocktail uniting London dry gin with lime juice | 5. The proportional mathematical relationship between base spirit | 6. Carbonated water charged with carbon dioxide to impart effervescence without sugar | 8. French wine and cordial label indicator denoting a dry profile | 9. Plural of the draught beer faucets lining the back counter of a modern public house | 11. Circumference of a cocktail glass often coated with citrus juice and salt or sugar | 13. Herbaceous aromatic plant gently pressed or slapped to release essential oils in a Julep | 14. Preserved fruit spread shaken into modern sours to deliver immediate fruit body and sweetness | 15. Fine carbon residue produced from roasting agave hearts in subterranean earthen pit ovens | 16. Rare Japanese oak tree species that requires centuries to mature,1. Sharp invigorating sensation delivered by dry sparkling ciders and gin highballs | 2. Bermudan black rum producer holding the registered trademark for the Dark 'n Stormy | 3. Sediment or rich dark slurry left at the base of poorly strained infusions | 4. Measured | 7. Small mechanical spray bottle used to dispense an ultra-fine mist of absinthe or peated scotch | 10. Possessing bold spirit strength and concentrated vibrant flavor intensity | 12. Refreshing Mexican tequila cocktail topped with fizzy tart grapefruit soda and salt
2026-11-26,main,Heavy Hitter 16,###E##B###R###L/RUBY#FOAM#ITALY/H##E##R###M#J#N/U#H#PLAZA##BITE/B#E###G##M#I###/ARANCHELLO#SOJU/R#D##E#I#S#T#U#/B#S#DEEP#CURDLE/###B#R###A#O#E#/M#VASITO#T###P#/I##R#N##DOLIN#T/X##T#G##A###U#A/E##E##I#I#F#TUB/RHINE#CASCO####/S##D##E#Y#GLOW#,5. Deep red fortified port wine style matured in vats to preserve vibrant young fruit notes | 6. Silky aerated head produced atop a cocktail by shaking proteins like egg whites or aquafaba | 7. Mediterranean country that birthed the Negroni | 10. Historic European city square lined with outdoor café terraces serving afternoon apéritifs | 11. Sharp alcohol burn or ginger heat perceived acutely on the palate | 13. Sweet Italian citrus liqueur crafted by infusing fresh orange peels into pure neutral spirit | 16. Clear Korean distilled spirit traditionally produced from rice or sweet potatoes | 18. Sensory descriptor for layered | 19. The process where acidic citrus juices destabilize milk proteins during punch clarification | 22. Small | 23. Renowned French vermouth producer based in the alpine region of Chambery | 28. Large container packed with crushed ice to chill bottled beers and wines | 29. Historic German river valley celebrated worldwide for steep slate vineyards producing Riesling | 30. Spanish cooperage term for an oak barrel or wooden cask utilized for aging wines | 31. The warm amber luminescence displayed by an aged spirit when held up to barroom light,1. Colloquial term for a morning revitalizer cocktail or a drop of modifier | 2. Edible star-shaped blue flower featuring a crisp cucumber flavor floated across historic summer cups | 3. Circumference of a cocktail glass often coated with citrus juice and salt or sugar | 4. The horizontal or declining copper pipe directing alcohol vapor from a still head into condenser | 5. Tart vegetal stalk whose bitter roots form the base of traditional Rabarbaro amari | 8. Peruvian spicy yellow chili pepper muddled into fiery pisco sours and tropical drinks | 9. The volatile | 11. Intimate | 12. Fragrant white grape variety cultivated in Asti to yield sweet low-alcohol sparkling wine | 14. Historic Danish dark cherry liqueur company founded in Copenhagen in 1818 | 15. The outer rim of a glassware bowl where garnishes are balanced | 17. Historic American beverage of spirits sugar and crushed ice crowned with fresh mint | 20. To professionally mix cocktails | 21. Non-alcoholic carbonated sodas juices and tonics paired with base spirits | 23. Classic cocktail ancestor of the Margarita featuring spirits citrus and a fruit liqueur | 24. Hard-shelled seed like hazelnut or walnut macerated to yield rich nutty winter liqueurs | 25. Running ledger of drink purchases settled at the conclusion of a bar visit | 26. The bartender's indispensable thermodynamic coolant and dilution control agent | 27. Dense aromatic white vapor produced when dry ice or liquid nitrogen meets cocktail liquids
2026-11-27,mini,Quick Solve 17,T###BOX/A#AJI##/MOP#BAY/I#E###U/S#ROW#Z/##O###U/WALNUT#,2. Cellar storage crate or modern bag-in-box wine packaging format | 3. Peruvian spicy yellow chili pepper muddled into fiery pisco sours and tropical drinks | 4. Long-handled absorbent cotton cleaning tool used to scrub and dry bar floors during closeout | 5. Coastal cocktail family characterized by the Bay Breeze pairing vodka with fruit juices | 7. Linear alignment of bottles arranged along a speed rail or backbar shelf | 8. Nut utilized to produce traditional bitter Italian Nocino digestif liqueurs,1. Flat circular drum sieve fitted with fine mesh used for straining syrups | 2. Acronym for Bottled in Bond | 3. Bright orange Italian bitter liqueur with low proof and zesty rhubarb-orange gentian notes | 6. Tart aromatic East Asian citrus fruit bridging the flavors of lemon and grapefruit
2026-11-27,midi,The Daily Grid 17,##H###LARD#/##EYE###U#T/TEA##BEAM#A/##D##E##SUB/THYMOL#F###/R##A#G#OLD#/U##R#I#L##P/BRUT#ULLAGE/#A#I#M#E##A/#G#N######T/##MIMOSAS#S,2. Rendered pork lipid used in culinary mixology to fat-wash bourbon for savory old fashioneds | 4. Colloquial term for a morning revitalizer cocktail or a drop of modifier | 6. Tannic herbal infusion frequently deployed as the diluting weak element in historic punches | 7. Famous Kentucky bourbon distilling family synonymous with Clermont and white label whiskey | 8. To swap one spirit or modifier for another in a standard recipe to create a variation | 9. Natural aromatic monoterpene phenol providing the signature herbal scent of thyme | 12. Historic classification for vintage cocktail formulas or Victorian sweetened Old Tom gin | 14. Dry classification for sparkling wines containing less than twelve grams of sugar per liter | 16. The empty air space existing between liquid and closure in a bottle or cask | 17. Plural of the popular brunch cocktails combining fresh orange juice with sparkling wine,1. Possessing a dense luxurious foam collar or intensely aromatic spirit potency | 3. Plural classification of cane-derived distillates encompassing dark | 5. Running ledger of drink purchases settled at the conclusion of a bar visit | 7. European brewing mecca world-renowned for Trappist monastery ales and wild lambics | 9. Coagulated protein and hop sediment that settles to the bottom of the brewing kettle | 10. The definitive stirred classic cocktail uniting crisp gin with dry white vermouth and an olive | 11. Folle Blanche: historic high-acid white grape variety used to distill fine Armagnac | 13. Plural of the compressed decomposed bogs burned to smoke malting barley in Scotland | 15. Microfiber cloth or cotton towel deployed by a bartender to keep the service station dry
2026-11-27,main,The Masterpiece 17,DUNK####NOSE###/A###CAN##I#####/SPILL#O#FLORAL#/H###O#G####O##A/##CAVAS#HOPS##R/E#O#E####R#E##A/Y#I##JUG#GALLON/ETNA###A#E#L##C/O#T#B##U#ALE##H/PORTOLIGHT##BEE/E#E#T##E##N#O#L/N#A#ANT###E#N#L/E#U###A##CASINO/R###ZIP###T#T##/######SWIG#NORI,1. German dark bottom-fermented lager style brewed with Munich malts delivering toasty bread notes | 2. The complex olfactory bouquet of aromas perceived above a cocktail glass | 4. Aluminum beverage container increasingly used for ready-to-drink craft cocktails | 6. Liquid droplets caught safely inside the lower rubber grate of a bar service mat | 7. Fragrant aroma nuances reminiscent of elderflower violets roses and chamomile | 10. Plural of the traditional-method Spanish sparkling wines crafted predominantly in Catalonia | 11. Plural of the green cone flowers that provide bitter alpha acids and floral aromatics to beer | 14. Bulbous ceramic or glass container used to dispense communal table punch | 16. Large liquid measure equal to four quarts or one hundred twenty-eight ounces | 17. Volcanic Sicilian mountain whose mineral-rich slopes yield complex wines and herbal amari | 19. Top-fermented malt brew produced with warm fermentation yeast strains | 20. Modern South American sour shaking Peruvian pisco with lime | 21. The industrious insect whose sweet wildflower honey anchors the Prohibition Bee's Knees | 23. Roasted and crushed chicatana flying ant seasoning blended with salt to accompany neat mezcal | 25. Classic gin sour accented with maraschino liqueur lemon juice and orange bitters | 26. The bright effervescent snap and energetic citrus bite experienced in a well-balanced highball | 27. A generous unmeasured gulp of a beverage taken directly from a glass or flask | 28. Toasted marine seaweed sheet clipped to glassware rims to provide maritime salinity,1. Standard micro-measurement dispensed from a bitters bottle with a single downward flick | 3. Volatile aromatic liquid expelled from citrus rinds to perfume the surface of a cocktail | 4. Pungent dried flower bud pinned into citrus peels for hot spiced winter punches | 5. Plural of the rich egg | 8. African hibiscus variety steeped with ginger and winter spices to brew Caribbean holiday sorrel | 9. Sweet Italian citrus liqueur crafted by infusing fresh orange peels into pure neutral spirit | 10. Renowned French clear orange triple sec liqueur formulated with sweet and bitter peels | 12. Milky French sweet syrup crafted from blanched almonds sugar and orange blossom water | 13. Historic morning cocktail like a Corpse Reviver taken to soothe the previous night's excess | 15. The dial instrument measuring internal pressure in gas cylinders and draft beer systems | 18. Traditional teardrop-shaped Spanish leather bladder used to squirt wine into the mouth | 21. Dried fermented skipjack tuna flakes infused into spirits to yield umami depth | 22. Spirits served at ambient room temperature directly from the bottle without ice | 24. Plural of the draught beer faucets lining the back counter of a modern public house
2026-11-28,mini,Morning Coffee 17,Y#ZING#/E###A##/AGE#RIB/S###D#I/TOPPING/S#U#N##/##BRINE,2. The lively palate prickle created by a sharp burst of fresh citrus and active effervescence | 4. Maturation period inside a wooden cask that mellows raw distillate | 5. Crisp stalk of fresh green celery trimmed to garnish a savory Bloody Mary or Red Snapper | 7. Adding a final splash of sparkling soda or champagne to finish a highball | 9. Salty,1. Plural of the diverse strains of microscopic fungi that convert simple sugars into ethanol | 3. Historic distillery in Bassano del Grappa celebrated for grappa and bitter digestifs | 6. Large format geometric ice cube carved to minimize surface area and slow down dilution | 8. Traditional British drinking establishment named as an abbreviation of public house
2026-11-28,midi,Midday Break 17,##P#SOT#T#H/CROZE##LIME/U#L#CAB#P#E/PEAT###F##R/##N#TRAIL#I/VODKA##G##N/####B##SMOG/SEALED##U##/####R###L#I/#GLEN#STEIN/####A#####N,2. Archaic colloquial term for an habitual or notorious drinker | 5. The circular groove carved into the interior ends of barrel staves to seat the head | 6. Green citrus fruit providing the essential tart crispness in Margaritas and Daiquiris | 7. Colloquial bar patron order shorthand for a glass of dry Cabernet Sauvignon red wine | 8. Decomposed vegetable matter burned to dry barley malt and impart phenolic smoke | 10. The Kentucky Bourbon Trail: an organized tourism route connecting historic distilleries | 11. Neutral spirit distilled from grain or potatoes and charcoal-filtered to pristine clarity | 12. A thick | 14. Secured against ambient oxygen with a natural cork closure | 16. Scottish Gaelic geographical term for a valley | 17. Traditional German stoneware or glass beer mug fitted with a hinged pewter thumb-lid,1. Historic Eastern European home of premium rye and potato vodkas distilled across centuries | 2. French wine and cordial label indicator denoting a dry profile | 3. Financial gratuity left by a patron to reward attentive hospitalian service | 4. Historic Danish dark cherry liqueur company founded in Copenhagen in 1818 | 5. Pimm's-based fruit and botanical cooler traditionally garnished with cucumber | 9. Plural of the sweet Mediterranean fruits macerated into autumnal brandies and rich syrups | 10. Historic regional Mexican term for an artisanal distillery producing agave spirits | 13. The classic highball template combining a base spirit with spicy ginger beer and fresh lime | 15. Historic roadside public house providing food
2026-11-28,main,Weekend Edition 17,##D#CYPRUS#####/PORTO#I##E#BEET/##Y#I#L##C##S#O/CLEAN#SUB###T#B/O#R#TIN##BANANA/R###R#E##R##T#L/K#CLEARICE##E#A/E#H#A##N#W#S##S/D#A#U##K#M#W#R#/#OIL####CASINO#/#R#INN#T#S#R#A#/#GUM##WORT#LUSH/#E#E#B#N#E#I#T#/BAR#JIGGER#N###/#T###B#S##UGNI#,2. Eastern Mediterranean island nation renowned for grape pomace zivania and Commandaria wine | 5. Traditional Portuguese geographic designation for rich fortified wines from the Douro | 6. Earthy crimson root vegetable roasted and pureed to lend deep red hue and earthy sugar to sours | 9. Palate descriptor for a neutral | 10. To swap one spirit or modifier for another in a standard recipe to create a variation | 11. Metal vessel of a two-piece Boston shaker used to conduct thermal transfer | 12. Tropical fruit whose sweet essence is captured in tiki cordials and brandies | 13. Crystal-clear ice devoid of air bubbles created by directional freezing methods | 17. Volatile aromatic liquid expelled from citrus rinds to perfume the surface of a cocktail | 19. Classic gin sour accented with maraschino liqueur lemon juice and orange bitters | 20. Historic roadside public house providing food | 22. Arabic tree exudate boiled with sugar to produce velvety gomme syrup | 23. Sweet unfermented liquid extracted from mashing grains before yeast pitching | 24. A cocktail profile characterized by rich | 26. The counter across which hospitality and mixed drinks are served | 27. Hourglass-shaped dual-sided metal measuring tool vital for bar precision | 28. Ugni Blanc grape variety forming the vast majority of distillation wash for Cognac,1. Comparative tasting term denoting a cocktail formulation possessing less residual sugar | 2. Renowned French clear orange triple sec liqueur formulated with sweet and bitter peels | 3. Tall slender footed glass designed to showcase the clarity and bubbles of crisp lagers | 4. French wine and cordial label indicator denoting a dry profile | 7. Agricultural property where spirits | 8. Plural of the tiny wild mountain agaves celebrated for yielding intensely floral | 9. Wine ruined by the chemical compound TCA | 12. Lead technical expert responsible for recipe development | 13. Spiced black tea infusion featuring cardamom cloves and cinnamon used in punches | 14. Cuttlefish or squid pigment deployed to turn savory cocktails midnight black | 15. Rotating a glass in small circles to coat the walls and release volatile aromatics | 16. The thermal process of heavily kilning barley malts to produce dark chocolate and coffee notes | 17. Milky French sweet syrup crafted from blanched almonds sugar and orange blossom water | 18. Green citrus fruit providing the essential tart crispness in Margaritas and Daiquiris | 21. Spring-loaded utensil used to handle ice cubes and fragile garnishes hygienically | 25. Acronym for Bottled in Bond
2026-11-29,mini,Brain Snack 17,#O###A#/#L#DUNK/#I#A#T#/#V#T###/REPEAL#/U#I#S##/MUG#HOT,3. German dark bottom-fermented lager style brewed with Munich malts delivering toasty bread notes | 4. The ratification of the Twenty-First Amendment in 1933 that abolished Prohibition | 7. Heavy handled vessel often crafted from copper or stoneware for cold drinks | 8. Serving temperature suited for a buttered rum or winter toddy,1. Briny savory garnish speared on a cocktail pick to accompany a classic dry Martini | 2. Roasted and crushed chicatana flying ant seasoning blended with salt to accompany neat mezcal | 3. Sweet desert palm fruit steeped into rich brandies and spiced syrups for winter punches | 4. Distilled spirit crafted directly from fermented sugarcane juice or molasses | 5. Historic term for a clandestine unlicensed 19th-century saloon | 6. Fine carbon residue produced from roasting agave hearts in subterranean earthen pit ovens
2026-11-29,midi,Brain Teaser 17,#T#K####Z#T/CASINO##E#A/#R#L##B#S#R/#TINTORETTO/B##S##A#E##/A#L#B#U#RAG/CHIPOTLE###/K#N#X#I#SEC/B#J##FOAM##/ALE##I##O##/R####TWIGS#,5. Classic gin sour accented with maraschino liqueur lemon juice and orange bitters | 7. Venetian sparkling cocktail variation pairing dry prosecco with tart fresh pomegranate juice | 11. Microfiber cloth or cotton towel deployed by a bartender to keep the service station dry | 12. Smoke-dried ripe red jalapeño pepper delivering pungent campfire smoke to savory cocktails | 13. French wine and cordial label indicator denoting a dry profile | 14. Silky aerated head produced atop a cocktail by shaking proteins like egg whites or aquafaba | 15. Top-fermented malt brew produced with warm fermentation yeast strains | 16. Plural of the woody botanical sprigs like thyme and rosemary deployed as fragrant garnishes,1. Sharp mouth-puckering sourness derived from unripened fruit or fresh citrus | 2. Plural of the large drying ovens where germinated barley is halted with warm air or peat smoke | 3. Small metal kitchen tool featuring sharp circular teeth to scrape citrus zest | 4. Starchy purple tropical root vegetable pureed into vibrant | 6. Alpine amaro from Bormio aged in Slavonian oak barrels flavored with juniper and wormwood | 8. Illuminated display shelving behind the bar counter showcasing the spirits inventory | 9. Norwegian aquavit matured in seasoned sherry casks that cross the equator twice on cargo ships | 10. Cellar storage crate or modern bag-in-box wine packaging format | 13. A thick | 14. The secure friction seal formed between two metal tins when locking a Boston shaker
2026-11-29,main,Brain Bender 17,D#O######T##ASH/RIB#ICESTAMP#E#/O#A##H#A#W#LARD/PENICILLIN#A#V#/#A###L#T#Y#T#I#/RUMS#E#S##CORNS/#D#A##I#R#O##G#/BEAM##CHARRED##/#V#BITE#W#O####/#I#U##C###N#R#S/#E#C##H#GRAVITY/C#KAFFIR####C#R/A#V#I#S##LIME#U/SEABREEZE#N#SAP/K#S###L##INK##S,4. Fine carbon residue produced from roasting agave hearts in subterranean earthen pit ovens | 6. Crisp stalk of fresh green celery trimmed to garnish a savory Bloody Mary or Red Snapper | 7. Heavy heated brass die utilized by mixologists to imprint custom monograms onto clear ice | 11. Rendered pork lipid used in culinary mixology to fat-wash bourbon for savory old fashioneds | 12. Modern classic Scotch sour created by Sam Ross featuring ginger honey and a peaty float | 14. Plural classification of cane-derived distillates encompassing dark | 16. Plural of the cereal grains that must comprise at least 51 percent of an American bourbon mash | 19. Famous Kentucky bourbon distilling family synonymous with Clermont and white label whiskey | 20. Heavily burned on the interior with open flames to create an active carbon filtration layer | 21. Sharp alcohol burn or ginger heat perceived acutely on the palate | 24. Specific gravity measurement tracking sugar depletion during active fermentation | 26. Fragrant hourglass-shaped citrus leaf delivering intense lime perfume to Southeast Asian cocktails | 28. Green citrus fruit providing the essential tart crispness in Margaritas and Daiquiris | 30. Refreshing highball cocktail combining crisp vodka with cranberry juice and grapefruit juice | 31. Sweet raw fluid tapped from birch or maple trees fermented into regional wilderness wines | 32. Cuttlefish or squid pigment deployed to turn savory cocktails midnight black,1. Small bead of liquid such as saline solution or aromatic bitters applied with an eye-dropper | 2. Western Highland coastal distillery town renowned for maritime | 3. Amber-brown oxidized color descriptor for ports aged for decades in porous wooden casks | 5. The gracious physical delivery of finished beverages and hospitality to a patron | 8. Pungent capsicum pepper muddled into spicy margaritas to deliver direct tongue heat | 9. Mineral seasonings deployed to suppress perceived bitterness and heighten fruit flavors | 10. Hydrometer scale measuring the concentration of dissolved extract in beer wort | 13. Clear unaged fruit brandy produced by fermenting and distilling orchard fruit like pears or plums | 15. Sweet Italian anise-flavored clear liqueur traditionally garnished with coffee beans | 16. The crown of creamy foam resting atop a poured beer or a famous brand of Mexican lager | 17. Multi-pronged or beveled steel hand blade utilized to split and sculpt clear block ice | 18. Unrefined natural sugar or raw unpasteurized egg white used to create a silky sour foam | 22. Plural of the cultivated grains fermented into Japanese sake and distilled into Korean soju | 23. Plural category of concentrated liquid sweeteners balancing cocktail acids | 25. Individual wooden barrel used to mature refine and color fine spirits | 26. Traditional Slavic beverage fermented from stale sourdough rye bread | 27. Evergreen coniferous tree whose fresh needles infuse alpine gins and brandies | 29. Historic roadside public house providing food
2026-11-30,mini,Commuter Special 17,##AMARO/###A##R/POIRE#D/O##C##E/T#K#BAR/SHED#L#/##G#NEW,1. Italian herbal liqueur macerated with bitter roots and botanicals drunk as a digestif | 4. Clear French fruit eau-de-vie double-distilled from ripe Williams pears | 6. The counter across which hospitality and mixed drinks are served | 8. Rustic wooden outbuilding housing an artisanal moonshine still or barrel maturation rack | 9. Modern cocktail prefix designating contemporary regional classics like the New York Sour,2. French pomace brandy distilled from the skins and seeds remaining after grape pressing | 3. The itemized drink ticket transmitted from the floor to the service well for preparation | 4. Plural of the traditional bulbous copper kettles used for artisanal batch distillation | 5. Stainless steel pressurized cylinder used to store and dispense draught beer or batched cocktails | 7. Top-fermented malt brew produced with warm fermentation yeast strains
2026-11-30,midi,Perfect Puzzler 17,#CALAMANSI#/#L###A#E##P/ROW#GLOW##U/#S#I#T##RIB/SECCO#B##N#/#O#E##A##F#/MUDDLERS#U#/#T####K#ASH/####I#E##E#/####CHELADA/VERVE#P####,1. Tiny | 5. Linear alignment of bottles arranged along a speed rail or backbar shelf | 6. The warm amber luminescence displayed by an aged spirit when held up to barroom light | 8. Crisp stalk of fresh green celery trimmed to garnish a savory Bloody Mary or Red Snapper | 10. Italian wine and vermouth label descriptor denoting a dry crisp finish | 12. Plural of the hardwood or composite mallets used to crush herbs and citrus | 13. Fine carbon residue produced from roasting agave hearts in subterranean earthen pit ovens | 15. Crisp Mexican beer serve seasoned simply with fresh Persian lime juice and a sea salt rim | 16. Vibrant,1. The late-night procedure of counting drawers wiping down rails and storing garnishes | 2. Germinated barley dried in a kiln that forms the basis of single malt whiskies | 3. Modern cocktail prefix designating contemporary regional classics like the New York Sour | 4. Traditional British drinking establishment named as an abbreviation of public house | 7. Thoroughly chilled with solid ice chunks or served over crystalline cubes in a tumbler | 9. Steeped with botanicals spices fruits or vegetables to absorb natural flavors | 11. Colloquial term for a professional host and bartender working behind the counter | 14. The bartender's indispensable thermodynamic coolant and dilution control agent
2026-11-30,main,The Grand Grid 17,###T#C####ROCKS/##OAXACAN#U#A##/#P#S#P##ALMOND#/#O#T####K##A###/#SHED##VEGETAL#/###R##S#D####E#/ICE#S#E#F##P#M#/#I#CHICHA#SAVOR/#T##A###M##D#N#/#R##K#S#O##D##G/BOOZE#PLUG#L##A/#N##N#L#S#BEERS/##B###I###O##Y#/#POTENT###N#TEA/##X###SHAVED#S#,3. Solid chunks of ice or a classic short tumbler served with spirits over ice | 5. Oaxaca Old Fashioned created by Phil Ward marrying reposado tequila | 8. Nut that provides the core fatty flavor foundation for orgeat and amaretto | 10. Rustic wooden outbuilding housing an artisanal moonshine still or barrel maturation rack | 11. Raw plant or green bell pepper flavor characteristics typical of un-aged mezcals | 14. The bartender's indispensable thermodynamic coolant and dilution control agent | 18. Ancient Andean beverage produced by fermenting corn chewed to convert starches | 19. To taste slowly and mindfully | 22. Colloquial slang term for intoxicating alcoholic beverages | 23. Heavy expandable rubber or metal expansion stopper used to seal open sparkling wine bottles | 24. Fermented cereal beverages encompassing lagers ales stouts and wild lambics | 27. Possessing elevated alcoholic strength or concentrated flavor density | 28. Tannic herbal infusion frequently deployed as the diluting weak element in historic punches | 29. Scraped from a clear ice block into micro-thin flakes to pack into frosted julep cups,1. Professional evaluator assessing the balance flavor and defects in spirits | 2. Protective closure over a bottle finish or the frothy crown atop a sour | 3. Distilled spirit crafted directly from fermented sugarcane juice or molasses | 4. Aluminum beverage container increasingly used for ready-to-drink craft cocktails | 6. Modern equal-parts classic created by Joaquín Simó with mezcal | 7. Point of sale computer terminal used by bartenders to enter drink orders and process checks | 9. Cereal grain added to brewing mashes to contribute velvety mouthfeel and creamy head to stout | 12. Bright yellow citrus fruit providing clean crisp citric acid to classic cocktails | 13. French wine and cordial label indicator denoting a dry profile | 15. Large fragrant citrus fruit with a thick rind historically candied and infused into vodkas | 16. Agitated forcefully back and forth inside an iced metal tin to chill | 17. Wooden board crafted with circular indentations to serve a tasting flight of craft beers | 20. Plural of the miniature 187-milliliter bottles of champagne or wine holding a single serving | 21. Carbon dioxide or nitrogen used to carbonate beverages and propel draught liquid through lines | 24. Bone dry: a cocktail or wine completely devoid of perceived residual sweetness | 25. Plural of the spicy American whiskeys distilled from a mash bill containing at least 51 percent rye | 26. Cellar storage crate or modern bag-in-box wine packaging format
2026-12-01,mini,Fast Five 17,S#E####/P#SHIMS/E#T####/ALEMBIC/R#R#E#A/#LYNE#N/####ROE,3. Plural classification of low-proof session cocktails crafted to mitigate intoxication | 4. Historic copper distillation vessel featuring a rounded boiler and curved swan neck | 7. The horizontal or declining copper pipe directing alcohol vapor from a still head into condenser | 8. Savory fish caviar served on mother-of-pearl spoons alongside chilled dry martinis,1. Long narrow strip of cucumber or pineapple used to adorn tall highballs | 2. Fruity funk-forward aroma profile produced by esters during warm wild fermentation | 5. Effervescent fermented malt beverage known as humanity's oldest alcoholic drink | 6. Tall tropical grass whose sweet sap is harvested to produce sugar and rum
2026-12-01,midi,Coffee Break 17,I###WASH###/COCO##P#C##/E#R#S#E#O#C/#LIMONCELLO/A#S#T#S#D#P/CAP##A#S##P/I##ANETHOLE/DOG##J#O##R/#U#FLOATS##/#Z##O######/HOT#WALNUT#,2. The fermented liquid wort or wine ready to be pumped into a copper still | 4. Cream of coconut shorthand | 9. Sweet southern Italian liqueur produced by steeping fresh Sorrento lemon peels in alcohol | 11. Protective closure over a bottle finish or the frothy crown atop a sour | 14. The volatile essential oil compound responsible for the signature licorice flavor in anise | 15. The classic Salty Dog cocktail combining vodka or gin with grapefruit juice in a salted glass | 17. Delicate spirit layers poured over the back of a spoon to rest atop a drink | 19. Serving temperature suited for a buttered rum or winter toddy | 20. Nut utilized to produce traditional bitter Italian Nocino digestif liqueurs,1. The bartender's indispensable thermodynamic coolant and dilution control agent | 3. The precise ingredient measurements and operational steps defining a standard cocktail recipe | 5. Clean refreshing sensation produced by high acidity brisk carbonation and cold | 6. Essential serving temperature for crisp Martinis and carbonated highballs | 7. Archaic colloquial term for an habitual or notorious drinker | 8. Malleable reddish metal used to fabricate distillation stills and mule mugs | 10. Sour chemical compound like citric or malic acid that balances cocktail sugars | 12. Tequila matured in small wooden barrels for at least one year to impart amber wood nuances | 13. Standard single measure of spirits consumed rapidly from a small heavy-bottomed glass | 16. Sweet aromatic Greek apéritif distilled with anise mint and spices | 18. Cocktail classification featuring reduced alcohol by volume designed for daytime session sipping
2026-12-01,main,Heavy Hitter 17,F#####V#C#TORCH/OUZOS#E#O#W###O/G###T#GARNISH#P/#S##G#E#N#S#A#S/PALMETTO##T#Y##/#L##R#A#FREE###/ZIP#M#L###D#O##/#N#BAG#DRY##I#S/NEW#I###A#R#LIP/O#A#NAVYGROG##R/G#R##S####C###I/#SMASH#B##K#M#T/##S#L#BUCKSFIZZ/####O##S#I##S#E/#LIME#SHERBET#R,4. Butane culinary flame used behind the bar to caramelize herbs and toast sweet garnishes | 6. Plural of the sweet anise-flavored apéritifs enjoyed across the seaside cafes of Greece | 8. The decorative and aromatic citrus | 11. Equal-parts stirred classic often hailed as a rum Manhattan combining aged rum with sweet vermouth | 12. Pouring technique where fluid volume is estimated accurately by mental tempo without jiggers | 13. The bright effervescent snap and energetic citrus bite experienced in a well-balanced highball | 15. Canvas Lewis pouch utilized with a heavy wooden mallet to pulverize clear ice into gravel | 16. Flavor descriptor denoting the complete absence of residual sweetness | 19. Modern cocktail prefix designating contemporary regional classics like the New York Sour | 22. The outer rim of a glassware bowl where garnishes are balanced | 23. Potent three-rum tropical cocktail traditionally served around an architectural shaved ice cone | 25. Variant of the Julep family pairing spirits and sweetener with muddled seasonal fruit and mint | 29. Historic British brunch cocktail created at the Buck's Club pairing champagne with orange juice | 31. Green citrus fruit providing the essential tart crispness in Margaritas and Daiquiris | 32. Historic citrus oleo-saccharum base paste mixed with fresh juice to anchor punch bowls,1. Dense aromatic white vapor produced when dry ice or liquid nitrogen meets cocktail liquids | 2. Raw plant or green bell pepper flavor characteristics typical of un-aged mezcals | 3. Primary grain component required to comprise at least 51 percent of an American bourbon mash | 4. Curled into a tight spiral to express essential citrus oils across the surface of a cocktail | 5. Plural of the green cone flowers that provide bitter alpha acids and floral aromatics to beer | 7. Modern French elderflower liqueur affectionately nicknamed the bartender's ketchup | 9. Toasted sweet meadow grass infused into modern artisanal bourbons to impart rustic farm notes | 10. Salt water solution added via dropper to enhance flavors and suppress bitterness | 14. Volatile aromatic liquid expelled from citrus rinds to perfume the surface of a cocktail | 17. Microfiber cloth or cotton towel deployed by a bartender to keep the service station dry | 18. Simple | 19. Rich holiday beverage crafted with beaten eggs cream sugar and spirits | 20. Gently raises the temperature of a spiced holiday ale or mulled winter wine before serving | 21. Solid chunks of ice or a classic short tumbler served with spirits over ice | 24. Fine carbon residue produced from roasting agave hearts in subterranean earthen pit ovens | 26. Wild astringent blackthorn plum steeped with sugar and spirit to produce traditional sloe gin | 27. Colloquial term for the historic Bushmills Irish whiskey distillery in County Antrim | 28. An ultra-fine atomized cloud of peated scotch or absinthe sprayed across a finished cocktail | 30. Classic French apéritif combining crème de cassis with a pour of crisp dry white Aligoté wine
2026-12-02,mini,Quick Solve 18,F####A#/RUMS#J#/O#E#GIG/TRAIL#O/H#D#E#L/##S#R#D/###BAT#,3. Plural classification of cane-derived distillates encompassing dark | 5. Slang term for a bartender guest shift or evening hospitality event | 7. The Kentucky Bourbon Trail: an organized tourism route connecting historic distilleries | 8. Iconic fruit bat symbol emblazoned across every bottle of Bacardi rum since 1862,1. The light | 2. Peruvian spicy yellow chili pepper muddled into fiery pisco sours and tropical drinks | 4. Plural of the ancient fermented beverages crafted from honey | 5. The aromatic white grape variety grown in northeastern Italy to make Prosecco | 6. Golden tequila or rum classification indicating brief wooden cask resting or caramel tint
2026-12-02,midi,The Daily Grid 18,GAS#BARBERA/##O#E##U#I#/D#FLAVOR#N#/R#T#M##N#D#/A####FIT#S#/MARC#L#####/###A#U###T#/#S#V#T#DROP/JALAPENO#N#/#B##I##WHIP/#A#STEIN#C#,1. Carbon dioxide or nitrogen used to carbonate beverages and propel draught liquid through lines | 3. High-acid | 7. The complete sensory synthesis of taste aroma temperature and mouthfeel | 8. The secure friction seal formed between two metal tins when locking a Boston shaker | 9. French pomace brandy distilled from the skins and seeds remaining after grape pressing | 13. Small bead of liquid such as saline solution or aromatic bitters applied with an eye-dropper | 14. Pungent green Mexican pepper sliced fresh to garnish spicy margaritas and savory sours | 16. A rapid shake conducted with only a few pebble ice cubes to aerate without over-diluting | 17. Traditional German stoneware or glass beer mug fitted with a hinged pewter thumb-lid,2. Sensory descriptor for smooth | 3. Famous Kentucky bourbon distilling family synonymous with Clermont and white label whiskey | 4. Sensory descriptor for the dark | 5. Plural of the tough protective skins of citrus fruits containing volatile aromatic oil sacs | 6. Traditional Scottish measure representing a small warm pour of whisky | 8. Slender stemmed glassware designed to preserve carbonation and visual bubbles | 10. Spanish sparkling wine produced predominantly in Catalonia via the traditional method | 11. Bitter carbonated mixer sweetened with sugar and flavored with cinchona quinine | 12. Ancient Italian syrup produced by slowly simmering unfermented grape must over open fires | 13. Cocktail served chilled without ice in a stemmed glass after being shaken or stirred | 15. Subterranean earthen conical oven filled with burning hardwood used to roast agave hearts
2026-12-02,main,The Masterpiece 18,#######MELTING#/#K#VATS###O###M/BIB##A#S##TONKA/#R#MASHTUNS###P/#S#O#T#E#O#ROLL/#COPPERMUG####E/#H##A##S##G####/A#C#L#Z##ALES#H/L#HEERING#E#PEA/EYE###P#RINSE#R/M#A##U##E###Y#S/B#TANGY#Y#B#S#H/I#E##N###TONIC#/CURDLING##W#D##/S#######MULLED#,1. The thermodynamic phase change of solid ice into water that provides necessary dilution | 4. Plural of the massive wooden or stainless bulk holding tanks used to marry blended spirits | 7. Acronym for Bottled in Bond | 9. Fragrant South American seed rich in natural coumarin evoking vanilla | 10. Plural of the insulated vessels where milled grains steep in hot water to convert starches | 12. To gently tip a cocktail back and forth between two shaker tins to mix without creating foam | 13. Conductive metal mug designed to frost heavily on the outside when holding an icy Moscow Mule | 19. Plural classification of top-fermented beers encompassing pale ales | 22. Historic Danish dark cherry liqueur company founded in Copenhagen in 1818 | 24. Butterfly pea blossom steeped to create an indigo tea that turns bright violet when exposed to acid | 25. Colloquial term for a morning revitalizer cocktail or a drop of modifier | 26. Technique of coating a chilled glass interior with a fragrant spirit like absinthe before pouring | 28. Palate descriptor for a mouth-watering sweet-and-sour fruit balance that stimulates saliva | 30. Bitter carbonated mixer sweetened with sugar and flavored with cinchona quinine | 31. Using acidic citrus juice to destabilize milk proteins during punch clarification | 32. Gently heated with winter spices like cinnamon and clove,2. Plural of the historic daily rum rations issued to sailors across the British Royal Navy | 3. Clear German fruit eau-de-vie double-distilled from whole crushed morello cherries | 5. Primary gustatory sensory perception detecting sweet sour salty bitter and umami | 6. Tree sap boiled into rich syrup providing autumnal wood notes to brown spirits | 8. Slender vertical supports of fine glassware designed to prevent hand heat warming the drink | 10. Long-handled absorbent cotton cleaning tool used to scrub and dry bar floors during closeout | 11. Rich holiday beverage crafted with beaten eggs cream sugar and spirits | 14. Light-hued ale style characterized by crisp malt profiles and aromatic hops | 15. Scottish Gaelic geographical term for a valley | 16. Plural of the historic pot stills featuring a rounded kettle and swan neck | 17. Small squeeze bottle or speed bottle holding small portions of juices or bitter liqueurs | 18. The bright effervescent snap and energetic citrus bite experienced in a well-balanced highball | 20. The dense heartland of Scottish single malt production centered around the River Spey | 21. Palate descriptor for raw | 23. Grey Goose: luxury French vodka distilled from Picardy wheat and Gensac spring water | 27. Ugni Blanc grape variety forming the vast majority of distillation wash for Cognac | 29. Vessel designed for communal punches or the fluid basin of a cocktail glass
2026-12-03,mini,Morning Coffee 18,#THROWN/#####I#/##SHANK/#K###E#/FILTER#/#R#I#Y#/#SAP###,1. Aerated smoothly by pouring the liquid back and forth between two distant vessels | 3. The threaded metal pipe running through the bar wall connecting the beer line to the faucet | 5. Porous paper | 7. Sweet raw fluid tapped from birch or maple trees fermented into regional wilderness wines,2. An agricultural estate or processing facility where harvested grapes are fermented into wine | 4. Plural of the classic French apéritifs combining crème de cassis with crisp dry white wine | 6. Financial gratuity left by a patron to reward attentive hospitalian service
2026-12-03,midi,Midday Break 18,M#E###JUG##/U#GLERA##P#/LOG###R#BOX/E##HOPS##I#/S####A###R#/#MIXOLOGIES/#I###O#R##P/#D###M#ACAI/ROLL#A#P##L/#R###S#PEEL/GIG####A###,3. Bulbous ceramic or glass container used to dispense communal table punch | 4. The aromatic white grape variety grown in northeastern Italy to make Prosecco | 6. The official shift journal recording daily bar inventory | 7. Cellar storage crate or modern bag-in-box wine packaging format | 8. Plural of the green cone flowers that provide bitter alpha acids and floral aromatics to beer | 10. Plural of the diverse global schools | 13. Dark purple Brazilian Amazonian palm berry pureed into vibrant | 14. To gently tip a cocktail back and forth between two shaker tins to mix without creating foam | 15. Wide strip of citrus rind pared away to express fragrant oils across the surface of a drink | 16. Slang term for a bartender guest shift or evening hospitality event,1. Plural of the refreshing highball cocktails pairing spirit with spicy ginger beer and fresh lime | 2. Emulsifying cocktail ingredient whose white yields a silky textural foam collar | 3. Plural of the handled glass mason vessels frequently utilized for rustic moonshine cocktails | 5. Clear French fruit eau-de-vie double-distilled from ripe Williams pears | 9. Plural of the refreshing Mexican national cocktail pairing tequila with grapefruit soda | 10. Electric-green Japanese melon liqueur flavored with premium muskmelon distillates | 11. Northern Italian pomace brandy distilled from the skins | 12. Liquid droplets caught safely inside the lower rubber grate of a bar service mat
2026-12-03,main,Weekend Edition 18,#R#P#MANHATTANS/FINES##I####N##/#C#A##OCEAN#TOT/SHIFT##K######I/M##L##LAMB#PALE/O#BONE#N#A##G#R/K##W###D#RICES#/E##E#B#N#K##D#M/#CARPANO#EGG##I/C####R#RYE##WAX/I#TINS#A#P##A##/D#O###L#MIXERS#/E#S###E##N##M##/RESIDUAL#G#SEAL/S#####F#####D##,3. Classic pairings of American rye or bourbon with Italian sweet vermouth | 6. Delicate high-proof brandies distilled from exceptional estate wine harvests | 7. Sensory descriptor for salty sea spray and briny seaweed aromas in coastal Scotch whiskies | 8. Daily rum ration issued to Royal Navy sailors until Black Tot Day in 1970 | 10. A bartender's scheduled operational working hours behind the service counter | 11. Belgian sour wheat ale fermented spontaneously with wild Brettanomyces yeasts in open vats | 13. Light-hued ale style characterized by crisp malt profiles and aromatic hops | 15. Bone dry: a cocktail or wine completely devoid of perceived residual sweetness | 16. Plural of the cultivated grains fermented into Japanese sake and distilled into Korean soju | 19. Turin distillery credited with commercializing sweet vermouth through Antonio Carpano | 20. Emulsifying cocktail ingredient whose white yields a silky textural foam collar | 22. Grain spirit that lends a dry and peppery spice backbone to a classic Manhattan | 23. Natural beeswax melted over bottle closures to protect aged vintage spirits from ambient oxygen | 24. Plural of the stainless steel vessels that seal together to form a two-piece Boston shaker | 26. Non-alcoholic carbonated sodas juices and tonics paired with base spirits | 27. Unfermented natural sugars lingering in wine or beer after yeast activity ceases | 28. Protective heat-shrink foil capsule or wax shell safeguarding a bottle closure from air,1. Cocktail simple syrup prepared at a concentrated ratio of two parts sugar to one part water | 2. Butterfly pea blossom tea that dramatically shifts from royal blue to purple when touched by acid | 4. Bell-shaped | 5. Roasted and crushed chicatana flying ant seasoning blended with salt to accompany neat mezcal | 9. An individual horizontal layer of barrels stacked in a multi-story whiskey rickhouse | 10. Dense vapor generated by burning oak or applewood chips beneath a presentation cloche | 12. The art | 14. Matured inside charred or toasted wooden casks to pick up color and complexity | 17. Plural of the commercial hospitality establishments licensed to serve alcoholic beverages | 18. Pre-combined formulation of juices and modifiers designed for rapid assembly | 21. Plural of the fermented apple beverages encompassing dry | 23. Brought to a comforting | 24. To throw a cocktail through the air between high-held vessels to aerate and chill smoothly | 25. Aromatic fresh plant leaf like spearmint
2026-12-04,mini,Brain Snack 18,#R##C##/CIDER#C/#B##U#O/####SIP/HARSH#P/A#O#E#E/Y#ELDER,3. Fermented beverage crafted from the pressed juice of bittersweet apples | 5. A small | 6. Palate descriptor for raw | 8. Elderflower or elderberry plant whose blossoms yield fragrant,1. Crisp stalk of fresh green celery trimmed to garnish a savory Bloody Mary or Red Snapper | 2. Ice shattered into tiny crystalline fragments to maximize chilling rate in tropical drinks | 4. Malleable reddish metal used to fabricate distillation stills and mule mugs | 6. Toasted sweet meadow grass infused into modern artisanal bourbons to impart rustic farm notes | 7. Savory fish caviar served on mother-of-pearl spoons alongside chilled dry martinis
2026-12-04,midi,Brain Teaser 18,###INN#WHIP/##F#A#V#O#I/#SOURNESS#L/C#R#D#L#E#S/OAT#I#A####/R#H#N#DISH#/D##FINO#A#P/I#####R#L#I/AUTOCLAVE#P/L#O#A###ROE/##PUNCHES#S,1. Historic roadside public house providing food | 3. A rapid shake conducted with only a few pebble ice cubes to aerate without over-diluting | 8. The palate perception of crisp tart acidity derived from fresh citrus juices | 10. Cereal grain added to brewing mashes to contribute velvety mouthfeel and creamy head to stout | 11. Shallow ceramic bar bowl filled with spiced olives or roasted almonds for table snacks | 13. Very pale | 15. High-pressure industrial stainless steel steam cooker used to bake harvested agave hearts rapidly | 18. Savory fish caviar served on mother-of-pearl spoons alongside chilled dry martinis | 19. Communal bowls of spirit citrus spices sugar and water that birthed modern cocktails,2. Historic distillery in Bassano del Grappa celebrated for grappa and bitter digestifs | 4. Flexible food-grade silicone tubing used to transfer beer wash or spirits between vessels | 5. Colloquial European shorthand for a crisp | 6. Scottish firth near Edinburgh whose shores house historic grain distilleries and bond houses | 7. Fluted glass prayer candle holder repurposed in Oaxacan bars to serve neat mezcal | 9. Sweet fruit-forward or herbal liqueur or an intensely concentrated sour syrup | 12. Centuries-old French gentian apéritif produced in the volcanic Massif Central | 14. Plural of the large wooden casks used to age and ship fortified Portuguese port wine | 16. To fill the remaining headspace of a tall glass with soda | 17. Aluminum beverage container increasingly used for ready-to-drink craft cocktails
2026-12-04,main,Brain Bender 18,####RIB##TAJIN#/##L#A#URN####O#/#CORKED####FINO/N#W#I##CASK##I#/U#BASE###N###N#/TEA#####FIASCO#/##L##S###F#U###/WALNUT#BIT#BRUT/A####R#A#E##I##/RAW##A#TERPENES/M####I#C##L#S##/SAP#ANCHO#AGED#/##O####I##T####/HAT####N#WOOD##/##S#TWIGS######,1. Crisp stalk of fresh green celery trimmed to garnish a savory Bloody Mary or Red Snapper | 3. Popular Mexican seasoning blend combining ground chili peppers | 6. Heated ceramic or metal dispensing vessel utilized to keep mulled wine and hot toddies warm | 7. Wine ruined by the chemical compound TCA | 8. Very pale | 10. Individual wooden barrel used to mature refine and color fine spirits | 12. The foundational high-proof primary spirit around which a cocktail recipe is constructed | 13. Tannic herbal infusion frequently deployed as the diluting weak element in historic punches | 14. Historic round straw-covered glass flask traditionally used to package Chianti wine | 17. Nut utilized to produce traditional bitter Italian Nocino digestif liqueurs | 18. Colloquial abbreviation for a micro-dose dash of aromatic bitters | 19. Dry classification for sparkling wines containing less than twelve grams of sugar per liter | 21. Unrefined natural sugar or raw unpasteurized egg white used to create a silky sour foam | 22. Aromatic hydrocarbon compounds abundant in citrus rinds juniper berries and hops | 24. Sweet raw fluid tapped from birch or maple trees fermented into regional wilderness wines | 26. Dried poblano chile providing sweet raisin notes and smoky warmth to Mexican liqueurs | 27. Matured inside charred or toasted wooden casks to pick up color and complexity | 28. Dense | 29. Porous European or American oak whose extraction provides vanillin and color to resting spirits | 30. Plural of the woody botanical sprigs like thyme and rosemary deployed as fragrant garnishes,1. Plural of the aniseed-flavored spirits served with cold water as Turkey's national drink | 2. Aromatic dried flower bud like clove or unexpanded hop cone used in brewing and infusions | 4. Distinguished Friulian family distillery celebrated for artisanal grappa and Amaro Nonino | 5. Short flat-bottomed tumbler identical to an Old Fashioned or rocks glass | 9. Hard-shelled seed like hazelnut or walnut macerated to yield rich nutty winter liqueurs | 11. Short-stemmed wide-bottomed glass narrowing at the top to concentrate brandy aromas | 15. To swap one spirit or modifier for another in a standard recipe to create a variation | 16. To separate liquid cocktail from used ice and muddled pulp when pouring into the serving glass | 17. Gently raises the temperature of a spiced holiday ale or mulled winter wine before serving | 18. Scaling and pre-combining cocktail recipes in bulk to ensure consistency and speed | 20. Technique of coating a chilled glass interior with a fragrant spirit like absinthe before pouring | 23. Hydrometer scale measuring the concentration of dissolved extract in beer wort | 25. Plural of the traditional bulbous copper kettles used for artisanal batch distillation
2026-12-05,mini,Commuter Special 18,##G##A#/#BRAZIL/T#E##R#/AGE####/J#CUMIN/ICE#A##/N##STIR,3. South American giant renowned for unrefined sugarcane cachaça and the muddled lime Caipirinha | 5. Maturation period inside a wooden cask that mellows raw distillate | 6. Earthy | 8. The bartender's indispensable thermodynamic coolant and dilution control agent | 9. Gentle rotational mixing technique utilizing a teardrop barspoon to avoid aerating drinks,1. Mediterranean nation celebrated for aniseed-flavored ouzo and floral Metaxa grape brandy | 2. Delicate aerated foam or bubble cloud created with soy lecithin to crown modern cocktails | 4. Popular Mexican seasoning blend combining ground chili peppers | 7. Textured rubber runner placed beneath glassware on the bar rail to collect overflow droplets
2026-12-05,midi,Perfect Puzzler 18,TIP####BURN/A#O#C##O##U/B#STRAWTEST/#V##E###A#S/TEA#M##RUN#/#R#CAN##D#S/#D##N#SWEET/PIRATE##V#E/#T##S#A#I#M/DATE##LEES#/#S##TIE####,1. Financial gratuity left by a patron to reward attentive hospitalian service | 3. The warming | 6. Quality control ritual using a finger-capped straw to sample a drop of cocktail | 9. Tannic herbal infusion frequently deployed as the diluting weak element in historic punches | 10. A single complete cycle of heating | 11. Aluminum beverage container increasingly used for ready-to-drink craft cocktails | 13. Primary taste sensation delivered by sucrose honey and fruit nectars | 14. Seafaring outlaw historically associated with stolen Spanish wine and Caribbean rum rations | 16. Sweet desert palm fruit steeped into rich brandies and spiced syrups for winter punches | 17. Dead yeast cells and sediment settling to the bottom of wine and beer tanks | 18. Formal uniform neckwear or the act of knotting a slender strip of citrus peel for garnish,1. Running ledger of drink purchases settled at the conclusion of a bar visit | 2. Point of sale computer terminal used by bartenders to enter drink orders and process checks | 3. Colloquial abbreviation for a glass bottle stored in the speed well | 4. Complimentary roasted and salted legumes served on bar counters to stimulate thirst | 5. Plural of the traditional-method French sparkling wines produced outside the Champagne AOC | 7. Clear unaged fruit brandy produced by fermenting and distilling orchard fruit like pears or plums | 8. Plural of the bright green Mexican chasers blending pineapple juice | 12. Slender vertical glass column supporting the bowl to prevent hand heat warming the cocktail | 15. Top-fermented malt brew produced with warm fermentation yeast strains
2026-12-05,main,The Grand Grid 18,AGE#######B##T#/L##ELDERFLOWER#/EGG#A##O##X##A#/M###WINE#C#L#I#/BUCK#N##TREACLE/I#R##NET#A#R###/CLEAN###ICED#U#/S#M####C#K##DRY/#GARIBALDI###B#/####S##Y#NORWAY/###HOT#DOG#O#N#/#P##M##E###O##H/#ULLAGE##ANT##O/#M##L####S#SUDS/#PORTOLIGHT###E,1. Maturation period inside a wooden cask that mellows raw distillate | 4. Delicate creamy blossom that yields fragrant | 7. Emulsifying cocktail ingredient whose white yields a silky textural foam collar | 8. Fermented beverage crafted from the juice of vitis vinifera grapes | 12. Historic highball family pairing spirits with citrus juice and effervescent ginger beer | 14. British dark sweet syrup bridging golden cane syrup and blackstrap molasses | 15. Fine wire mesh screen used during double-straining to catch microscopic ice shards | 16. Palate descriptor for a neutral | 17. Thoroughly chilled with solid ice chunks or served over crystalline cubes in a tumbler | 20. Flavor descriptor denoting the complete absence of residual sweetness | 21. Simple Italian two-ingredient masterpiece combining bitter Campari with aerated orange juice | 23. Nordic home of Linje aquavit aged inside oak sherry casks that cross the equator on sea vessels | 25. Serving temperature suited for a buttered rum or winter toddy | 26. The classic Salty Dog cocktail combining vodka or gin with grapefruit juice in a salted glass | 29. The empty air space existing between liquid and closure in a bottle or cask | 30. Roasted and crushed chicatana flying ant seasoning blended with salt to accompany neat mezcal | 31. The thick aerated foam head blooming atop a freshly poured draught beer or stout | 32. Modern South American sour shaking Peruvian pisco with lime,1. Plural of the historic pot stills featuring a rounded kettle and swan neck | 2. Cellar storage crate or modern bag-in-box wine packaging format | 3. The Kentucky Bourbon Trail: an organized tourism route connecting historic distilleries | 5. Legislative statute governing liquor licensing closing hours and taxation | 6. Savory fish caviar served on mother-of-pearl spoons alongside chilled dry martinis | 9. Historic roadside public house providing food | 10. Striking an ice cube with the back of a barspoon to fracture it for chilling | 11. Rendered pork lipid used in culinary mixology to fat-wash bourbon for savory old fashioneds | 13. The dense | 18. City-center cocktail bars and micro-distilleries driving modern craft mixology revivals | 19. Historic Scottish river running through Glasgow that powered the Scotch export shipping trade | 22. Sugar alcohol utilized by modern mixologists to blow structural clear sugar garnishes | 24. Plural of the underground plant structures like gentian and angelica providing bitter depth | 27. Mechanical impeller transferring hot wort | 28. Flexible food-grade silicone tubing used to transfer beer wash or spirits between vessels | 30. Fine carbon residue produced from roasting agave hearts in subterranean earthen pit ovens
2026-12-06,mini,Fast Five 18,##FLIPS/#P#E#O#/PARADIS/#L#F#R#/FOG#BEE/#M##I##/CAROB##,1. Category of rich cocktails shaken with spirits sugar and an entire raw egg | 5. Dark secluded cellar where a Cognac house preserves its oldest vintage demijohns | 6. Dense aromatic white vapor produced when dry ice or liquid nitrogen meets cocktail liquids | 7. The industrious insect whose sweet wildflower honey anchors the Prohibition Bee's Knees | 8. Sweet Mediterranean tree pod roasted and infused into rich winter liqueurs and cordials,2. Aromatic fresh plant leaf like spearmint | 3. Clear French fruit eau-de-vie double-distilled from ripe Williams pears | 4. Refreshing Mexican tequila cocktail topped with fizzy tart grapefruit soda and salt | 7. Acronym for Bottled in Bond
2026-12-06,midi,Coffee Break 18,M######WHIP/A#GINS#O#C#/R####C#RYE#/CLOSEOUT##B/###U#T##TEA/GAMMEL##O#C/I#A##A#ARAK/N#L##N##C##/#CLOUD##HAT/##E#####E#I/##TOASTED#P,2. A rapid shake conducted with only a few pebble ice cubes to aerate without over-diluting | 4. Plural classification of botanical distillates defined by dominant wild juniper berry aromatics | 6. Grain spirit that lends a dry and peppery spice backbone to a classic Manhattan | 7. The late-night procedure of counting drawers wiping down rails and storing garnishes | 10. Tannic herbal infusion frequently deployed as the diluting weak element in historic punches | 11. Gammel Dansk: traditional Danish bitter herbal spirit consumed at celebratory breakfast toasts | 13. Clear Levantine distilled spirit flavored with aniseed that turns milky white with water | 14. The milky | 15. Dense | 17. Heavily heated over fire without burning to caramelize wood sugars inside barrel staves,1. French pomace brandy distilled from the skins and seeds remaining after grape pressing | 2. Sweet unfermented liquid extracted from mashing grains before yeast pitching | 3. The bartender's indispensable thermodynamic coolant and dilution control agent | 5. The nation world-renowned for single malt whiskies matured inside seasoned oak casks | 8. The total financial balance of a bar check encompassing food | 9. Small secondary glass of water soda or beer served alongside a neat pour | 10. Singed with an open butane flame to release caramelized essential oils from fresh garnishes | 11. Botanical spirit flavored predominantly with aromatic juniper berries | 12. Heavy wooden hammer utilized alongside a canvas Lewis bag to crush ice | 16. Financial gratuity left by a patron to reward attentive hospitalian service
2026-12-06,main,Heavy Hitter 18,BED##P#B#ETNA##/##ROSEMARY#U#G#/##Y##R#R#E#T#U#/PIPE#RAKI#STEMS/##O##Y#E###Y##I/#BUNG##E#H####P/##R##COPPER#S##/S####U###M##P#P/A##KIT###IMBIBE/B#####L##N##N#A/ASH#Z#I#AGAR##C/#H##U#M##W#O##H/BICICLETTA#OIL#/#M##C##O#Y#T#O#/##BEAM#T####AGE,1. The porous filter layer of crushed grain husks resting inside a mash tun during lautering | 5. Volcanic Sicilian mountain whose mineral-rich slopes yield complex wines and herbal amari | 7. Resinous | 9. Traditional wooden cask size utilized for aging and shipping fortified port wine | 10. Aniseed-flavored distilled spirit regarded as the national apéritif of Turkey | 11. Slender vertical supports of fine glassware designed to prevent hand heat warming the drink | 13. Tapered wooden or silicone stopper hammered into a barrel hole to seal it | 15. Malleable reddish metal used to fabricate distillation stills and mule mugs | 19. Portable leather or canvas roll containing a bartender's personal jiggers | 20. The deliberate and joyful social act of drinking intoxicating cocktails in good company | 22. Fine carbon residue produced from roasting agave hearts in subterranean earthen pit ovens | 25. Plant-based gelatin extracted from red algae utilized for freeze-thaw cocktail clarification | 27. Italian café apéritif combining dry white table wine with bitter Campari and a soda topper | 29. Volatile aromatic liquid expelled from citrus rinds to perfume the surface of a cocktail | 31. Famous Kentucky bourbon distilling family synonymous with Clermont and white label whiskey | 32. Maturation period inside a wooden cask that mellows raw distillate,2. Measuring spirits and syrups into an empty shaker tin before adding the ice cubes | 3. Traditional fermented beverage produced exclusively from the juice of specific pear varieties | 4. Colloquial term for a professional host and bartender working behind the counter | 5. Colloquial term for a morning revitalizer cocktail or a drop of modifier | 6. Sensory tasting descriptor for oxidized hazelnut notes found in Oloroso sherries and orgeat | 8. Arabic tree exudate boiled with sugar to produce velvety gomme syrup | 12. A small | 14. Daiquiri variation favored by the author featuring white rum lime grapefruit juice and maraschino | 15. The deliberate operational division separating heads | 16. To twirl a twisted barspoon or swizzle stick rapidly between both palms to chill a drink | 17. Ancient Italian syrup produced by slowly simmering unfermented grape must over open fires | 18. Orchard stone fruit pureed with sparkling prosecco to create the Venetian Bellini | 21. Green citrus fruit providing the essential tart crispness in Margaritas and Daiquiris | 23. Low-alcohol cocktail engineered to moderate ethanol consumption over long sessions | 24. Historic Italian amaro flavored with Chinese rhubarb root and cardamom | 26. Underground plant tissue such as ginger or gentian that contributes grounding earthy notes | 28. Daily rum ration issued to Royal Navy sailors until Black Tot Day in 1970 | 30. The official shift journal recording daily bar inventory
2026-12-07,mini,Quick Solve 19,PIG####/O##CHAR/R#L###A/TWISTED/S#N#W#L/##JUICE/AGE#G#R,1. Historic term for a clandestine unlicensed 19th-century saloon | 2. The blackened carbonized wood layer torched into the interior walls of new bourbon barrels | 5. Curled into a tight spiral to express essential citrus oils across the surface of a cocktail | 7. Fresh liquid extracted from citrus fruits providing the indispensable acid foundation in sours | 8. Maturation period inside a wooden cask that mellows raw distillate,1. Plural of the fortified Portuguese sweet dessert wines aged in seasoned wooden pipes | 3. German thirst-quenching hybrid drink blending crisp lager with citrus soda | 4. Norwegian aquavit matured in seasoned sherry casks that cross the equator twice on cargo ships | 6. Woody botanical sprig of rosemary or thyme torched over a cocktail glass as a smoking garnish
2026-12-07,midi,The Daily Grid 19,POP##V#####/##I#RINDS##/MINT#N####B/U##I#C##H#A/LEAN#I#PEAT/E##T#T##A##/S#LASTWORD#/##I##O##T##/TAPS##SECCO/#J##TEA#U##/TINS##P#TAB,1. Audible sound of a sparkling wine cork release or colloquial term for soda | 4. Plural of the tough protective skins of citrus fruits containing volatile aromatic oil sacs | 5. Herbaceous aromatic plant gently pressed or slapped to release essential oils in a Julep | 9. A bone-dry cocktail formulation prepared with minimal sweetening agents to emphasize spirit | 10. Decomposed vegetable matter burned to dry barley malt and impart phenolic smoke | 11. Prohibition-era equal-parts sour combining gin green Chartreuse maraschino liqueur and fresh lime | 12. Plural of the draught beer faucets lining the back counter of a modern public house | 14. Italian wine and vermouth label descriptor denoting a dry crisp finish | 15. Tannic herbal infusion frequently deployed as the diluting weak element in historic punches | 16. Plural of the stainless steel vessels that seal together to form a two-piece Boston shaker | 17. Running ledger of drink purchases settled at the conclusion of a bar visit,2. Slender metal or bamboo skewer used to spear brandied cherries and olives | 3. Thick | 5. Plural of the refreshing highball cocktails pairing spirit with spicy ginger beer and fresh lime | 6. Tinta Roriz: the Portuguese name for Tempranillo grapes used to make fortified port wine | 7. Iconic fruit bat symbol emblazoned across every bottle of Bacardi rum since 1862 | 8. The pristine middle fraction of a distillation run captured for cask aging | 11. The outer rim of a glassware bowl where garnishes are balanced | 13. Peruvian spicy yellow chili pepper muddled into fiery pisco sours and tropical drinks | 14. Sweet raw fluid tapped from birch or maple trees fermented into regional wilderness wines
2026-12-07,main,The Masterpiece 19,ASH#Q#A##SHARD#/#E#MULL##U#####/#A##E#O##D##E#M/FLAIR#E##SWIG#I/O###C##M##O#GAS/G#B#U##AMARI##O/#WASSAIL##T####/##G####V#####V#/M##R#BUAL###BED/ANTICA#S#I#P#N#/R##C#T#ISOMALT#/S#CHICHA#D#L###/A#O##H###I#OAK#/L#CUBES##N#M#I#/A#O##D#CREMANTS,1. Fine carbon residue produced from roasting agave hearts in subterranean earthen pit ovens | 5. Sharp needle of ice caught by a fine-mesh cone strainer during the double-straining pass | 6. Process of heating cider or red wine with whole winter spices and citrus peels | 9. Theatrical bartending style involving juggling bottles tins and dazzling glass manipulation | 10. A generous unmeasured gulp of a beverage taken directly from a glass or flask | 13. Carbon dioxide or nitrogen used to carbonate beverages and propel draught liquid through lines | 15. Plural classification of bitter herbal Italian digestif liqueurs | 16. Historic English spiced ale or mulled cider punch shared communally during winter festivals | 20. Fragrant | 21. The porous filter layer of crushed grain husks resting inside a mash tun during lautering | 22. Carpano Antica Formula: luxurious sweet red vermouth rich with real vanilla beans | 25. Sugar alcohol utilized by modern mixologists to blow structural clear sugar garnishes | 26. Ancient Andean beverage produced by fermenting corn chewed to convert starches | 27. Wood barrel standard responsible for lending vanillin and wood tannins to aged spirits | 29. Uniform square ice units utilized for standard shaking | 30. Plural of the traditional-method French sparkling wines produced outside the Champagne AOC,2. Protective heat-shrink foil capsule or wax shell safeguarding a bottle closure from air | 3. Botanical tree genus encompassing the white and European oaks used for spirit casks | 4. Succulent desert plant whose soothing | 5. The thick aerated foam head blooming atop a freshly poured draught beer or stout | 7. Emulsifying cocktail ingredient whose white yields a silky textural foam collar | 8. Fermented Japanese savory paste fat-washed into bourbon to impart deep brothy umami | 9. Dense aromatic white vapor produced when dry ice or liquid nitrogen meets cocktail liquids | 11. Sweet unfermented liquid extracted from mashing grains before yeast pitching | 12. Ancient Mediterranean grape variety yielding rich | 14. Canvas Lewis pouch utilized with a heavy wooden mallet to pulverize clear ice into gravel | 17. Gas relief valve atop a fermentation tank allowing metabolic carbon dioxide to escape safely | 18. Fortified wine produced around the Sicilian city of Marsala used in aperitifs and cooking | 19. Cocktail simple syrup prepared at a concentrated ratio of two parts sugar to one part water | 20. Pre-measured and combined in bulk quantities to ensure rapid | 23. Medicinal antiseptic aroma nuance detected in heavily peated Islay single malt whiskies | 24. Refreshing Mexican tequila cocktail topped with fizzy tart grapefruit soda and salt | 26. Cream of coconut shorthand | 28. Portable leather or canvas roll containing a bartender's personal jiggers
2026-12-08,mini,Morning Coffee 19,###FLIP/K#H###I/I#A#DEN/R#Z#E#E/SPEAR#N/####B#E/TOMMYS#,1. Creamy historic cocktail category shaken with spirits sugar and a whole intact raw egg | 5. Intimate subterranean cocktail lounge or cozy neighborhood retreat dedicated to fine drinks | 6. Long narrow strip of cucumber or pineapple used to adorn tall highballs | 7. Tommy's Margarita: modern San Francisco classic substituting rich agave nectar for triple sec,2. Sharp pine-scented terpene compound found in juniper berries rosemary and turpentine | 3. Plural of the classic French apéritifs combining crème de cassis with crisp dry white wine | 4. Pleasing cloudy suspension of natural proteins and hop polyphenols in unfiltered craft ales | 5. Classic cocktail shaking bourbon with fresh tart grapefruit juice and honey syrup
2026-12-08,midi,Midday Break 19,#PUB#C#####/#H##BARREL#/DEN##S###E#/#N#TIKIS#A#/NOG##S#H#F#/#L####BIT##/#STIRS#K#G#/##O#U##W#A#/#UNDERBARS#/##I####S###/RICARD#AEJO,1. Traditional British drinking establishment named as an abbreviation of public house | 3. Wooden coopered storage vessel that expands and contracts to mature spirits over years | 5. Intimate subterranean cocktail lounge or cozy neighborhood retreat dedicated to fine drinks | 6. Plural term for tropical drinks served in exotic ceramic Polynesian vessels | 8. Rich holiday beverage crafted with beaten eggs cream sugar and spirits | 9. Colloquial abbreviation for a micro-dose dash of aromatic bitters | 10. Circular gentle rotations of a barspoon around a mixing glass to chill without bubbles | 14. Plural of the lower modular stainless steel sinks and drainboards situated beneath the bar | 15. Iconic commercial pastis brand created in Marseille renowned for its licorice profile | 16. Tequila matured in small wooden barrels for at least one year to impart amber wood nuances,1. Plural of the medicinal | 2. Wooden barrel containers used to age and mature spirits wines and beers | 4. Aromatic fresh plant leaf like spearmint | 7. Tart Okinawan flat lemon squeezed over crushed ice with local awamori spirit in highball serves | 11. Bitter carbonated mixer sweetened with sugar and flavored with cinchona quinine | 12. Intensely bitter aromatic herb used in ancient folk tonics and medicinal restorative cordials | 13. Carbon dioxide or nitrogen used to carbonate beverages and propel draught liquid through lines
2026-12-08,main,Weekend Edition 19,#W#L#TOP#ROLLED/BOTA###AJI##I#R/#R#R#A#D#M##B#Y/#MUDDLED###HAY#/#B###E#L##D#T##/#O#MASHES#I#I##/#X######TEA#O#F/###R##T#R#CYNAR/POMEGRANATE#S#O/U##P##P#I#T###T/F#KEGS##N#Y#G#H/F##A###B#FLORA#/###LOG#A#R##E##/####I##CHERRY##/HOTEL##K#E#####,3. To fill the remaining headspace of a tall glass with soda | 5. Gently tipped between mixing tins without agitation to mix a drink without creating foam | 8. Traditional teardrop-shaped Spanish leather bladder used to squirt wine into the mouth | 9. Peruvian spicy yellow chili pepper muddled into fiery pisco sours and tropical drinks | 11. Pressed firmly with a blunt tool to extract juices oils and aromatic compounds | 12. Toasted sweet meadow grass infused into modern artisanal bourbons to impart rustic farm notes | 14. Plural of the warm cereal and hot water mixtures resting inside distillery mash tuns | 16. Tannic herbal infusion frequently deployed as the diluting weak element in historic punches | 20. Bitter Italian amaro infused with artichoke leaves and a proprietary blend of botanicals | 21. Ruby-seeded fruit freshly pressed and simmered with sugar to craft authentic cocktail grenadine | 22. Plural of the stainless steel pressurized barrels delivering draught beer and cider to bar taps | 25. The diverse botanical plant kingdom providing aromatic roots | 26. The official shift journal recording daily bar inventory | 28. Stone fruit brandied or preserved in marasca syrup to garnish classic stirred Manhattans | 29. Grand hospitality establishment whose bars birthed classic drinks like the Singapore Sling,1. Cold water cooling tub housing the coiled copper condensing worm of a traditional still | 2. Rendered pork lipid used in culinary mixology to fat-wash bourbon for savory old fashioneds | 4. Wooden board crafted with circular indentations to serve a tasting flight of craft beers | 5. Circumference of a cocktail glass often coated with citrus juice and salt or sugar | 6. Plural of the ceremonial drink pourings to deities or cheerful rounds enjoyed with friends | 7. Flavor descriptor denoting the complete absence of residual sweetness | 10. Plural classification of top-fermented beers encompassing pale ales | 13. Natural fermentation byproduct contributing a rich | 15. To separate liquid cocktail from used ice and muddled pulp when pouring into the serving glass | 17. The light | 18. The ratification of the Twenty-First Amendment in 1933 that abolished Prohibition | 19. Faucet system used to draw draught beer or pre-batched cocktails from a pressurized keg | 21. A fragrant plume of wood smoke escaping when a cloche is lifted before a guest | 23. Grey Goose: luxury French vodka distilled from Picardy wheat and Gensac spring water | 24. Small secondary glass of water soda or beer served alongside a neat pour | 25. Pouring technique where fluid volume is estimated accurately by mental tempo without jiggers | 27. Volatile aromatic liquid expelled from citrus rinds to perfume the surface of a cocktail
2026-12-09,mini,Brain Snack 19,#FLORAL/#E#####/#R#BITE/#N#E#I#/AERATED/#T#M##I/ASH#SAP,1. Fragrant aroma nuances reminiscent of elderflower violets roses and chamomile | 2. Sharp alcohol burn or ginger heat perceived acutely on the palate | 4. Charged with microscopic air bubbles through vigorous shaking to create velvety mouthfeel | 6. Fine carbon residue produced from roasting agave hearts in subterranean earthen pit ovens | 7. Sweet raw fluid tapped from birch or maple trees fermented into regional wilderness wines,1. Plural of the intensely bitter | 2. Famous Kentucky bourbon distilling family synonymous with Clermont and white label whiskey | 3. Formal uniform neckwear or the act of knotting a slender strip of citrus peel for garnish | 5. Quick immersion of glassware rims into juice or cordial before applying garnishes
2026-12-09,midi,Brain Teaser 19,CHOPIN##PUB/O##I#A##E#E/P##T#K#BASE/PIN##E#I##T/E##BODEGAS#/R##A#F###E#/#S#R#A#ACAI/#H#F#M###S#/RAIL#O##OAK/#K#Y#U###L#/RED##SOT#T#,1. Luxury Polish vodka brand distilled exclusively from estate-grown potatoes | 4. Traditional British drinking establishment named as an abbreviation of public house | 6. The foundational high-proof primary spirit around which a cocktail recipe is constructed | 7. Slender metal or bamboo skewer used to spear brandied cherries and olives | 8. Plural of the traditional Spanish aging cellars where sherry soleras mature under heat | 11. Dark purple Brazilian Amazonian palm berry pureed into vibrant | 12. The front perimeter channel of the bar counter where patrons lean and drinks are presented | 13. Wood barrel standard responsible for lending vanillin and wood tannins to aged spirits | 14. Vibrant crimson tint characteristic of an Italian bitter apéritif or sweet vermouth | 15. Archaic colloquial term for an habitual or notorious drinker,1. Malleable reddish metal used to fabricate distillation stills and mule mugs | 2. Subterranean earthen conical oven filled with burning hardwood used to roast agave hearts | 3. Modern equal-parts classic created by Joaquín Simó with mezcal | 4. Butterfly pea blossom steeped to create an indigo tea that turns bright violet when exposed to acid | 5. Earthy crimson root vegetable roasted and pureed to lend deep red hue and earthy sugar to sours | 6. Large format geometric ice cube carved to minimize surface area and slow down dilution | 8. A colorful slang term for a regular patron who spends long hours seated at the bar counter | 9. Mineral salt evaporated from ocean water used to crust the perimeter of margarita glassware | 10. Agitative mixing technique used with citrus and dairy to chill aerate and emulsify
2026-12-09,main,Brain Bender 19,#FIT#SPEED##S##/#L#U#####E#NEW#/#A#BATCHING#K#G/#G##N#L##M#ETNA/HOT#T#O#RAIL##S/#N#P##V##R#D###/##VESPER#K#I#C#/#N#N#E####WASH#/NORI#ACIDS#B#A#/#N#C#R####BLOCK/TIKI##T#T##O#H#/#N#LINALOOL##A#/COOL##P#R#A#W#B/###I####CERVEZA/DOWNS###H#D#B#R,1. The secure friction seal formed between two metal tins when locking a Boston shaker | 3. Ergonomic cocktail layout engineered to maximize rapid drink production during busy rushes | 6. Modern cocktail prefix designating contemporary regional classics like the New York Sour | 7. Scaling and pre-combining cocktail recipes in bulk to ensure consistency and speed | 11. Volcanic Sicilian mountain whose mineral-rich slopes yield complex wines and herbal amari | 12. Serving temperature suited for a buttered rum or winter toddy | 13. The front perimeter channel of the bar counter where patrons lean and drinks are presented | 15. The iconic dry martini variation conceived by Ian Fleming combining gin vodka and Kina Lillet | 19. The fermented liquid wort or wine ready to be pumped into a copper still | 20. Toasted marine seaweed sheet clipped to glassware rims to provide maritime salinity | 21. Plural of the organic chemical compounds like citric and malic acid that balance cocktail sugar | 22. Massive geometric cube of crystal-clear Clinebell ice carved to melt at a slow | 23. Polynesian pop cocktail genre celebrated for exotic rums and elaborate tropical decor | 26. Floral terpene alcohol compound naturally present in lavender | 28. To gently lower the temperature of a beverage or glassware prior to service | 31. The Spanish word for cold | 32. Cocktails served without ice in stemmed glasses after being shaken or stirred,1. Large historical vessel with a handle and spout used to hold beer cider or wine | 2. Large container packed with crushed ice to chill bottled beers and wines | 4. Scandinavian nation renowned as the historic home of Peter Heering's cherry cordial | 5. Traditional designation for German and Austrian sparkling wines produced in regional cellars | 8. Roasted and crushed chicatana flying ant seasoning blended with salt to accompany neat mezcal | 9. Pungent dried flower bud pinned into citrus peels for hot spiced winter punches | 10. Carbon dioxide or nitrogen used to carbonate beverages and propel draught liquid through lines | 11. Refreshing highball cocktail combining reposado tequila with crème de cassis | 14. Modern classic Scotch sour created by Sam Ross featuring ginger honey and a peaty float | 16. Orchard fruit cold-fermented and double-distilled to yield fragrant clear Poire Williams brandy | 17. Clear | 18. Distinguished Friulian family distillery celebrated for artisanal grappa and Amaro Nonino | 24. Faucet system used to draw draught beer or pre-batched cocktails from a pressurized keg | 25. Butane culinary flame used behind the bar to caramelize herbs and toast sweet garnishes | 27. Rendered pork lipid used in culinary mixology to fat-wash bourbon for savory old fashioneds | 29. Tangled gossamer threads spun by cellar spiders across historic vintage wine bottles | 30. The counter across which hospitality and mixed drinks are served
2026-12-10,mini,Commuter Special 19,TAX#G##/O##RUBY/PIG#S#E/P###A#A/I#BUNGS/N#E#O#T/GREY##S,1. Federal excise duty levied on distilled spirits that sparked the historic Whiskey Rebellion | 3. Deep red fortified port wine style matured in vats to preserve vibrant young fruit notes | 5. Historic term for a clandestine unlicensed 19th-century saloon | 6. Plural of the wooden or rubber stoppers hammered into barrel holes to seal aging spirits | 7. Grey Goose: luxury French vodka distilled from Picardy wheat and Gensac spring water,1. Adding a final splash of sparkling soda or champagne to finish a highball | 2. The agave moth caterpillar roasted and ground with sea salt and dried chilis for mezcal | 4. Plural of the diverse strains of microscopic fungi that convert simple sugars into ethanol | 6. The industrious insect whose sweet wildflower honey anchors the Prohibition Bee's Knees
2026-12-10,midi,Perfect Puzzler 19,ACAI#DATES#/N#######S#S/T#BRISK#TOT/I#O#####E#R/CUT#SANGRIA/A#T#U###I#I/#FLAMED#FIN/##I#####Y#I/TANKARD###N/I#G###R#DOG/N##RUBY####,1. Dark purple Brazilian Amazonian palm berry pureed into vibrant | 2. Plural of the sweet desert palm fruits steeped into rich dark rum punches and syrups | 5. Sharp invigorating sensation delivered by dry sparkling ciders and gin highballs | 6. Daily rum ration issued to Royal Navy sailors until Black Tot Day in 1970 | 7. The deliberate operational division separating heads | 8. Spanish wine punch infused with fresh chopped fruits brandy and citrus juices | 9. Ignited with a match to singe expressed citrus oils and create dramatic aromatic sparks | 10. Delicate citrus peel wing trimmed to resemble a fish fin for garnish | 11. Sturdy drinking vessel featuring a heavy base handle and occasionally a hinged lid | 13. The classic Salty Dog cocktail combining vodka or gin with grapefruit juice in a salted glass | 14. Deep red fortified port wine style matured in vats to preserve vibrant young fruit notes,1. Carpano Antica Formula: luxurious sweet red vermouth rich with real vanilla beans | 3. Chemical synthesis of alcohols and acids into intensely fruity aromatic compounds | 4. Pouring a cocktail through a perforated metal tool to separate ice from liquid | 5. The packaging of rested spirits or conditioned beers into sterile glass containers | 8. The total financial balance of a bar check encompassing food | 11. Metal vessel of a two-piece Boston shaker used to conduct thermal transfer | 12. Flavor descriptor denoting the complete absence of residual sweetness
2026-12-10,main,The Grand Grid 19,#N##CORPSEFIVE#/KOMBU#U#A#A##G#/#G##T#M#T#TONGS/A#K##D#SUM####A/CHICHI##R#PROOF/I#R##SPIN#####R/DISH#T####R###O/I#C#LIBATIONS#L/T#H##L####S#Y#E/Y##MULL##BEERS#/#A#I#####I##I##/ELIXIR#SUB##NET/#E####I#G#LOG##/###FLACON###O##/######E#I##GLOW,2. Corpse Reviver Number Two variation shaking gin with Lillet Blanc | 7. Giant dried kelp providing natural glutamic acid umami to savory martinis | 8. Spring-loaded utensil used to handle ice cubes and fragile garnishes hygienically | 13. The total financial balance of a bar check encompassing food | 14. Tropical cocktail variation substituting neutral vodka for light rum in a classic Piña Colada | 15. Traditional scale measuring the ethanol concentration of spirits at twice the ABV | 16. To twirl a twisted barspoon or swizzle stick rapidly between both palms to chill a drink | 17. Shallow ceramic bar bowl filled with spiced olives or roasted almonds for table snacks | 19. Plural of the ceremonial drink pourings to deities or cheerful rounds enjoyed with friends | 21. Process of heating cider or red wine with whole winter spices and citrus peels | 22. Fermented cereal beverages encompassing lagers ales stouts and wild lambics | 24. Sweetened hydro-alcoholic botanical solution historically prescribed as medicine | 25. To swap one spirit or modifier for another in a standard recipe to create a variation | 27. Fine wire mesh screen used during double-straining to catch microscopic ice shards | 29. The official shift journal recording daily bar inventory | 30. Small elegant glass bottle or pocket flask used to hold rare liqueurs or bitters | 31. The warm amber luminescence displayed by an aged spirit when held up to barroom light,1. Rich holiday beverage crafted with beaten eggs cream sugar and spirits | 2. The deliberate operational division separating heads | 3. Distilled spirit crafted directly from fermented sugarcane juice or molasses | 4. Award-winning gin-based tiki cocktail shaken with passionfruit | 5. Rich lipid substance like melted butter | 6. Emulsifying cocktail ingredient whose white yields a silky textural foam collar | 9. Organic ether compound historically extracted from sassafras root to brew root beer | 10. The crisp tart biting chemical sensation imparted by citric malic or tartaric acids | 11. Clear German fruit eau-de-vie double-distilled from whole crushed morello cherries | 12. To separate volatile alcohol vapor from boiling liquid wash inside a copper still | 18. Delicate fragrant pink water distilled from flower petals used in Middle Eastern punches | 20. Phenolic aroma compound produced by toasting wood staves that delivers sweet campfire smoke | 21. Pre-combined formulation of juices and modifiers designed for rapid assembly | 22. Acronym for Bottled in Bond | 23. Top-fermented malt brew produced with warm fermentation yeast strains | 26. Ugni Blanc grape variety forming the vast majority of distillation wash for Cognac | 28. The bartender's indispensable thermodynamic coolant and dilution control agent
2026-12-11,mini,Fast Five 19,######S/M#BYRRH/AGE###O/R#E#B#T/CORKED#/S###E##/##NUTTY,3. French fortified red wine apéritif aromatized with quinine bark and orange peel | 4. Maturation period inside a wooden cask that mellows raw distillate | 6. Wine ruined by the chemical compound TCA | 7. Sensory tasting descriptor for oxidized hazelnut notes found in Oloroso sherries and orgeat,1. Standard single measure of spirits consumed rapidly from a small heavy-bottomed glass | 2. Plural of the rustic French pomace brandies distilled from spent grape skins and seeds | 3. Effervescent fermented malt beverage known as humanity's oldest alcoholic drink | 5. Earthy crimson root vegetable roasted and pureed to lend deep red hue and earthy sugar to sours
2026-12-11,midi,Coffee Break 19,KICK###AJI#/E##O#R##U#F/G##M#O##L#I/#R#BEEZNEEZ/YUZU####P#Z/#M###S##S##/#STRAWS#TEA/I#O##O##R#N/CAP#CREMANT/E####D##I##/#CAVAS#SNAP,1. The invigorating alcoholic warmth and ginger spice delivered by a well-made Moscow Mule | 3. Peruvian spicy yellow chili pepper muddled into fiery pisco sours and tropical drinks | 8. Prohibition cocktail sweetening gin and fresh tart lemon with rich wildflower honey syrup | 9. Tart aromatic East Asian citrus fruit bridging the flavors of lemon and grapefruit | 11. Plural of the slender paper | 13. Tannic herbal infusion frequently deployed as the diluting weak element in historic punches | 16. Protective closure over a bottle finish or the frothy crown atop a sour | 17. Appellation for French traditional-method sparkling wines produced outside Champagne | 18. Plural of the traditional-method Spanish sparkling wines crafted predominantly in Catalonia | 19. The crisp,1. Stainless steel pressurized cylinder used to store and dispense draught beer or batched cocktails | 2. Giant dried kelp providing natural glutamic acid umami to savory martinis | 4. Perforated oval concave metal spoon designed to hold back ice cubes inside a mixing beaker | 5. Savory fish caviar served on mother-of-pearl spoons alongside chilled dry martinis | 6. Effervescent highball featuring gin citrus and sugar charged with club soda | 7. Plural classification of cane-derived distillates encompassing dark | 10. Plural of the retro plastic cocktail picks shaped like miniature dueling foils | 12. To fill the remaining headspace of a tall glass with soda | 14. Roasted and crushed chicatana flying ant seasoning blended with salt to accompany neat mezcal | 15. The bartender's indispensable thermodynamic coolant and dilution control agent
2026-12-11,main,Heavy Hitter 19,TABERNA#P##L#R#/O#E###SALINITY#/PEAT##H#A##B#E#/##M#N###T#OAT##/#S#ZOMBIE##T#P#/#P##B#I###AIREN/#R##L#T####O#W#/GINGER##M##NUT#/#G#O##PLUM#S#E#/U##L#F##L###URN/N##DILUTED####O/I####O#A###TING/C#STARANISE#C#S/U##I###G####E##/MIXERS#YOLK#DRY,1. Historic regional Mexican term for an artisanal distillery producing agave spirits | 7. The concentration of dissolved mineral salts that heightens cocktail flavor profiles | 8. Decomposed vegetable matter burned to dry barley malt and impart phenolic smoke | 10. Cereal grain added to brewing mashes to contribute velvety mouthfeel and creamy head to stout | 12. Lethal tropical drink created by Donn Beach combining multiple rums lime and spices | 15. Drought-resistant Spanish white grape variety widely planted to distill Brandy de Jerez | 16. Spicy rhizome muddled or brewed into fiery beer for Bucks and Mules | 19. Hard-shelled seed like hazelnut or walnut macerated to yield rich nutty winter liqueurs | 20. Sweet stone fruit fermented into European slivovitz and Japanese umeshu plum liqueur | 23. Heated ceramic or metal dispensing vessel utilized to keep mulled wine and hot toddies warm | 25. Softened in alcohol proof and expanded in flavor volume through the melting of cocktail ice | 27. Effervescent Jamaican sparkling grapefruit soda frequently paired with overproof white rum | 29. Star-shaped spice pod rich in volatile anethole oils used to perfume mulled wines and cordials | 31. Non-alcoholic carbonated sodas juices and tonics paired with base spirits | 32. Rich | 33. Flavor descriptor denoting the complete absence of residual sweetness,1. To fill the remaining headspace of a tall glass with soda | 2. Famous Kentucky bourbon distilling family synonymous with Clermont and white label whiskey | 3. Fine carbon residue produced from roasting agave hearts in subterranean earthen pit ovens | 4. Horizontal perforated bubble tray inside a continuous column still separating vapor fractions | 5. Plural of the ceremonial drink pourings to deities or cheerful rounds enjoyed with friends | 6. Grain spirit that lends a dry and peppery spice backbone to a classic Manhattan | 9. Traditional European aroma hop varieties like Saaz | 11. Small fresh cutting of mint or rosemary used as an aromatic vertical garnish | 13. Colloquial abbreviation for a micro-dose dash of aromatic bitters | 14. Malleable metal alloy historically crafted into heavy | 17. Golden tequila or rum classification indicating brief wooden cask resting or caramel tint | 18. The classic highball template combining a base spirit with spicy ginger beer and fresh lime | 21. Historic Hungarian bittersweet herbal digestif liqueur formulated with over 40 botanicals | 22. The natural white veil of living yeast that covers biologically aging Fino and Manzanilla sherries | 24. Plural of the rich egg | 26. Palate descriptor for a mouth-watering sweet-and-sour fruit balance that stimulates saliva | 28. Thoroughly chilled with solid ice chunks or served over crystalline cubes in a tumbler | 30. Formal uniform neckwear or the act of knotting a slender strip of citrus peel for garnish
2026-12-12,mini,Quick Solve 20,##SHAVE/CUT###Y/##R###E/SHANDY#/O#I#R#B/FIN#I#I/T###PIN,1. Ultra-fine snow-like ice scraped from a clear block to build mounded julep presentations | 3. The deliberate operational division separating heads | 4. Refreshing European cooler combining draught beer with sparkling lemonade or ginger beer | 7. Delicate citrus peel wing trimmed to resemble a fish fin for garnish | 8. Slender metal or bamboo skewer used to spear brandied cherries and olives,1. To separate liquid cocktail from used ice and muddled pulp when pouring into the serving glass | 2. Colloquial term for a morning revitalizer cocktail or a drop of modifier | 4. Sensory descriptor for smooth | 5. The slow | 6. Insulated stainless steel ice compartment in a cocktail well or cellar wine storage cubby
2026-12-12,midi,The Daily Grid 20,B###F##FIZZ/A#M#INK###I/SHIFT###NIP/I#N#####A##/L#D#C#Y#RIM/##E#L#I#D#U/CARVONE#I#G/U#A#U#L#N##/POS#D#DRIP#/##E######E#/SHRUB##OBAN,3. Effervescent highball featuring gin citrus and sugar charged with club soda | 6. Cuttlefish or squid pigment deployed to turn savory cocktails midnight black | 7. A bartender's scheduled operational working hours behind the service counter | 8. A diminutive pour or pocket-sized serving of spirits | 11. Circumference of a cocktail glass often coated with citrus juice and salt or sugar | 13. Terpenoid compound providing the cool characteristic flavor of spearmint leaves | 14. Point of sale computer terminal used by bartenders to enter drink orders and process checks | 15. The slow | 17. Colonial-era sweet-and-sour drinking syrup preserved with vinegar and macerated fruit | 18. Western Highland coastal distillery town renowned for maritime,1. Pungent green garden herb muddled into modern gin smashes and savory drinks | 2. The secure friction seal formed between two metal tins when locking a Boston shaker | 4. The bright effervescent snap and energetic citrus bite experienced in a well-balanced highball | 5. Layered highball shooter built over ice with vodka | 8. Historic distillery in Bassano del Grappa celebrated for grappa and bitter digestifs | 9. The milky | 10. The total percentage volume of pure alcohol extracted from a mashing and distillation run | 12. Heavy handled vessel often crafted from copper or stoneware for cold drinks | 13. Pimm's-based fruit and botanical cooler traditionally garnished with cucumber | 16. Butterfly pea blossom steeped to create an indigo tea that turns bright violet when exposed to acid
2026-12-12,main,The Masterpiece 20,###L#KIWI##ASH#/#B#Y#I####C#H#Z/DOWN#ROW##O#AJI/#T#E#S#H##R#V#N/CAB###TEMPERING/##L#E##Y#E##N##/#CELLARS#T##G##/##N#I#Y##N#S#P#/V#D#X#E##A#A#A#/A#E#I##BOTTLING/CIDER##A###O##R/U##T#BUG#ALOE#O/V##N#E###L#N##V/I#GALLON#E##ALE/N####L###SIP###,2. Fuzzy emerald fruit featuring tart black seeds muddled into modern summer caipiroskas | 3. Fine carbon residue produced from roasting agave hearts in subterranean earthen pit ovens | 8. Cocktail served chilled without ice in a stemmed glass after being shaken or stirred | 9. Linear alignment of bottles arranged along a speed rail or backbar shelf | 11. Peruvian spicy yellow chili pepper muddled into fiery pisco sours and tropical drinks | 12. Colloquial bar patron order shorthand for a glass of dry Cabernet Sauvignon red wine | 14. Letting sub-zero freezer ice warm to ambient temperature so it will not shatter | 17. Plural of the cool | 22. The packaging of rested spirits or conditioned beers into sterile glass containers | 24. Fermented beverage crafted from the pressed juice of bittersweet apples | 26. Wild ginger fermentation starter culture cultivated with sugar and water to brew ginger beer | 27. Succulent desert plant whose soothing | 28. Large liquid measure equal to four quarts or one hundred twenty-eight ounces | 29. Top-fermented malt brew produced with warm fermentation yeast strains | 30. A small,1. The horizontal or declining copper pipe directing alcohol vapor from a still head into condenser | 2. Plural of the classic French apéritifs combining crème de cassis with crisp dry white wine | 4. Scraping micro-thin snow-like flakes from a solid clear ice block for juleps | 5. Traditional teardrop-shaped Spanish leather bladder used to squirt wine into the mouth | 6. The fibrous central interior of an apple or pineapple removed before juicing | 7. The lively palate prickle created by a sharp burst of fresh citrus and active effervescence | 10. Plural of the liquid proteins remaining in clarified punch that impart a silky mouthfeel | 13. Homogenized with crushed ice in an electric machine to yield a frozen slush | 15. Pétillant Naturel: rustic sparkling wine bottled before initial alcoholic fermentation completes | 16. Sweetened hydro-alcoholic botanical solution historically prescribed as medicine | 18. Grain spirit that lends a dry and peppery spice backbone to a classic Manhattan | 19. Classic American frontier establishment known for whiskey pours swinging doors and card tables | 20. Heavy copper or stainless saucepan used behind the bar to gently simmer simple syrups | 21. Hand vacuum pump device used to extract air from open wine bottles to delay oxidation | 22. Canvas Lewis pouch utilized with a heavy wooden mallet to pulverize clear ice into gravel | 23. A fragrant agricultural orchard of lemon | 25. Volcanic Sicilian mountain whose mineral-rich slopes yield complex wines and herbal amari | 26. Bell-shaped Japanese jigger or the Division Bell mezcal cocktail created in New York | 27. Plural classification of top-fermented beers encompassing pale ales
2026-12-13,mini,Morning Coffee 20,####G#S/C##BRUT/ROE#O#I/U###G#R/SAKES#S/T##Y###/A#DEEP#,4. Dry classification for sparkling wines containing less than twelve grams of sugar per liter | 5. Savory fish caviar served on mother-of-pearl spoons alongside chilled dry martinis | 6. Plural of the traditional Japanese fermented rice beverages brewed with koji mold | 8. Sensory descriptor for layered,1. Plural of the historic Royal Navy drinks mixing dark rum | 2. Circular gentle rotations of a barspoon around a mixing glass to chill without bubbles | 3. Classic nineteenth-century cocktail featuring an all-over sugar rim and huge lemon peel | 7. Colloquial term for a morning revitalizer cocktail or a drop of modifier
2026-12-13,midi,Midday Break 20,#F####WASH#/#INN#D##P#C/#N##COBBLER/POP##L##I#I/I#I##I##T#A/TOPPING#S#D/H#E##S####E/##SAP##P##R/#F#J##TINTA/KIWI###L#I#/#R##PRESSED,2. The fermented liquid wort or wine ready to be pumped into a copper still | 4. Historic roadside public house providing food | 7. Nineteenth-century wine or sherry drink served over crushed ice with sugar and fresh fruit | 8. Audible sound of a sparkling wine cork release or colloquial term for soda | 10. Adding a final splash of sparkling soda or champagne to finish a highball | 11. Sweet raw fluid tapped from birch or maple trees fermented into regional wilderness wines | 15. Tinta Roriz: the Portuguese name for Tempranillo grapes used to make fortified port wine | 17. Fuzzy emerald fruit featuring tart black seeds muddled into modern summer caipiroskas | 18. Extracted under mechanical lever pressure,1. Very pale | 3. Plural of the miniature 187-milliliter bottles of champagne or wine holding a single serving | 5. Plural representation of the crisp botanical vermouths produced in Chambery | 6. An individual nursery tier of barrels in a Spanish solera fractional blending system | 8. Bitter white spongy layer beneath citrus skin that must be avoided when garnishing | 9. Plural of the large wooden casks used to age and ship fortified Portuguese port wine | 12. Peruvian spicy yellow chili pepper muddled into fiery pisco sours and tropical drinks | 13. Colloquial European shorthand for a crisp | 14. Evergreen coniferous tree whose fresh needles infuse alpine gins and brandies | 16. Formal uniform neckwear or the act of knotting a slender strip of citrus peel for garnish
2026-12-13,main,Weekend Edition 20,#BARHYGIENE#SIP/#U#####C#E##P##/FLAVOR#E#WINES#/#L#O##B#####E##/#SILVERFIZZ#D##/#H#S##E##O###M#/FORTH#W##MALLET/#T#E###TAB###D#/###A#A###I#COOL/#ORDER#P#E#H#C#/B#I##ALE#GRAF#H/A#C##K#R#L#R##O/STOUT#SUGAR#ZIP/E##R#####S##I#S/#CAN#INFUSION##,1. The comprehensive sanitation protocols practiced to keep the bar spotless | 4. A small | 5. The complete sensory synthesis of taste aroma temperature and mouthfeel | 7. Plural of the fermented grape beverages encompassing reds | 9. Classic gin sour shaken with an egg white to generate a pristine | 12. Scottish firth near Edinburgh whose shores house historic grain distilleries and bond houses | 13. Heavy wooden hammer utilized alongside a canvas Lewis bag to crush ice | 14. Running ledger of drink purchases settled at the conclusion of a bar visit | 16. To gently lower the temperature of a beverage or glassware prior to service | 17. The itemized drink ticket transmitted from the floor to the service well for preparation | 21. Top-fermented malt brew produced with warm fermentation yeast strains | 22. Rustic farmhouse hybrid beverage produced by co-fermenting sweet apple cider with beer wort | 24. Very dark top-fermented ale brewed with roasted malts delivering coffee and chocolate notes | 26. Crystalline carbohydrate derived from cane or beets vital for simple syrup | 27. The bright effervescent snap and energetic citrus bite experienced in a well-balanced highball | 28. Aluminum beverage container increasingly used for ready-to-drink craft cocktails | 29. Process of steeping herbs spices or fruits into ethanol to absorb soluble flavors,1. Savory mid-century classic cocktail shaking cold vodka with seasoned beef bouillon and lemon | 2. The bartender's indispensable thermodynamic coolant and dilution control agent | 3. Modern cocktail prefix designating contemporary regional classics like the New York Sour | 4. Ergonomic cocktail layout engineered to maximize rapid drink production during busy rushes | 6. The Volstead Act of 1919 providing statutory enforcement for American Prohibition | 8. To ferment malted grains into beer or steep roasted beans for coffee cocktails | 10. Extremely tall | 11. Prestigious Left Bank Bordeaux wine region celebrated for tannic | 15. Clear Levantine distilled spirit flavored with aniseed that turns milky white with water | 16. The blackened carbonized wood layer torched into the interior walls of new bourbon barrels | 18. Puerto Rico: the Caribbean island territory celebrated as the historic birthplace of the Piña Colada | 19. The South American Andean nation celebrated for grape pisco and the iconic egg-white Pisco Sour | 20. The foundational high-proof primary spirit around which a cocktail recipe is constructed | 23. Plural of the green cone flowers that provide bitter alpha acids and floral aromatics to beer | 25. Heated ceramic or metal dispensing vessel utilized to keep mulled wine and hot toddies warm | 27. Colloquial bar patron order shorthand for a pour of jammy Californian Zinfandel wine
2026-12-14,mini,Brain Snack 20,#C####Z/#OAK##E/#R#NOGS/COCO##T/#N#TOSS/CAB##E#/####ICE,3. Wood barrel standard responsible for lending vanillin and wood tannins to aged spirits | 5. Plural of the rich egg | 6. Cream of coconut shorthand | 7. To throw a cocktail through the air between high-held vessels to aerate and chill smoothly | 9. Colloquial bar patron order shorthand for a glass of dry Cabernet Sauvignon red wine | 10. The bartender's indispensable thermodynamic coolant and dilution control agent,1. The crown of creamy foam resting atop a poured beer or a famous brand of Mexican lager | 2. Plural of the micro-planed outer citrus skins used to infuse rich oleo-saccharum syrups | 4. Decorative knot tied into a long strip of citrus peel before floating it across a drink | 8. French wine and cordial label indicator denoting a dry profile
2026-12-14,midi,Brain Teaser 20,#P###P##G##/RUE#RESTING/#P#G#A##N#O/PIPAS##C##L/#T#M##BUILD/#RIM#P#B#I#/#E#E#E#E#M#/##FLOATS#E#/#D###R##ASH/#ROOTS####A/#Y######FIT,4. Intensely bitter aromatic herb used in ancient folk tonics and medicinal restorative cordials | 5. Allowing batched cocktails or spirits to marry in glass or vats before service | 8. Plural of the traditional large oak casks used to age and transport fortified port wine | 10. Mixing technique assembling a cocktail directly inside the serving glass without a shaker | 12. Circumference of a cocktail glass often coated with citrus juice and salt or sugar | 14. Delicate spirit layers poured over the back of a spoon to rest atop a drink | 16. Fine carbon residue produced from roasting agave hearts in subterranean earthen pit ovens | 18. Plural of the underground plant structures like gentian and angelica providing bitter depth | 19. The secure friction seal formed between two metal tins when locking a Boston shaker,1. Hinged wooden A-frame riddling rack used to tilt and turn champagne bottles | 2. Butterfly pea blossom steeped to create an indigo tea that turns bright violet when exposed to acid | 3. Botanical spirit flavored predominantly with aromatic juniper berries | 6. Golden tequila or rum classification indicating brief wooden cask resting or caramel tint | 7. Gammel Dansk: traditional Danish bitter herbal spirit consumed at celebratory breakfast toasts | 9. Uniform square ice units utilized for standard shaking | 11. Plural of the green citrus fruits that provide the foundational tart acid for Margaritas | 13. Plural of the fragrant green orchard fruits distilled into delicate clear eau-de-vie | 15. Flavor descriptor denoting the complete absence of residual sweetness | 17. Dense
2026-12-14,main,Brain Bender 20,KEGS#FIR##O#R##/#L###I#ESPADIN#/#D##SNAP##K#B#S/WET#O##O###O##A/#R#CUT#SAVORING/#F##T##A#A#D##E/#LOCH##D#T#E###/#O##SPOON#FROTH/#W##I#####R###O/#E##DRAWS#E#A#L/CREME##I#REPEAL/U###SHANK###J#A/B#A##E#E#THROWN/ANSWER###E#E##D/##H##B#BRANDY##,1. Plural of the stainless steel pressurized barrels delivering draught beer and cider to bar taps | 3. Evergreen coniferous tree whose fresh needles infuse alpine gins and brandies | 7. The most commonly cultivated agave variety utilized to produce artisanal mezcal | 8. The crisp | 10. Cocktail formulation featuring a generous measure of vermouth relative to the base spirit | 12. The deliberate operational division separating heads | 13. Mindfully appreciating the layered flavor development and lingering finish of a drink | 15. Deep Scottish freshwater lake supplying soft peaty brewing and chilling water to distilleries | 16. Long spiral-shafted metal bar implement featuring a calibrated teardrop bowl | 17. The light | 19. Dispenses fresh draught beer from a pressurized cellar line through a counter faucet | 22. French cordial designation for sweet | 23. The ratification of the Twenty-First Amendment in 1933 that abolished Prohibition | 24. The threaded metal pipe running through the bar wall connecting the beer line to the faucet | 27. Aerated smoothly by pouring the liquid back and forth between two distant vessels | 29. clue | 30. Distillate produced by boiling fermented grape wine or crushed orchard fruits,2. Delicate creamy blossom that yields fragrant | 3. Delicate citrus peel wing trimmed to resemble a fish fin for garnish | 4. Tequila aged in white oak barrels for a gentle duration between two months and one full year | 5. Wood barrel standard responsible for lending vanillin and wood tannins to aged spirits | 6. Crisp stalk of fresh green celery trimmed to garnish a savory Bloody Mary or Red Snapper | 8. Plural of the crisp spearmint gin sour historically favored in Chicago country clubs | 9. Velvety green garden herb with piney camphor notes shaken into savory modern gin smashes | 11. The itemized drink ticket transmitted from the floor to the service well for preparation | 14. Enormous wooden or stainless vessel used for bulk spirit blending | 17. Pouring technique where fluid volume is estimated accurately by mental tempo without jiggers | 18. The low-country nation that invented malt-wine genever | 20. Fermented beverage crafted from the juice of vitis vinifera grapes | 21. Tequila matured in small wooden barrels for at least one year to impart amber wood nuances | 22. The Caribbean island nation that birthed the Daiquiri | 25. Fragrant green plant leaf used fresh or dried to infuse botanical syrups and spirits | 26. Fine carbon residue produced from roasting agave hearts in subterranean earthen pit ovens | 27. Tannic herbal infusion frequently deployed as the diluting weak element in historic punches | 28. Vibrant crimson tint characteristic of an Italian bitter apéritif or sweet vermouth
2026-12-15,mini,Commuter Special 20,STOPPER/T##O##Y/I##PURE/R####O#/RAIL#U#/E#N#EGG/RUN##E#,1. Decorative glass cork or rubber plug used to seal decanters and opened bottles | 4. Distillate produced without additives artificial colorings or neutral grain cuts | 6. The front perimeter channel of the bar counter where patrons lean and drinks are presented | 8. Emulsifying cocktail ingredient whose white yields a silky textural foam collar | 9. A single complete cycle of heating,1. Slender tool or swizzle stick deployed to agitate ice and mix long beverages | 2. Audible sound of a sparkling wine cork release or colloquial term for soda | 3. Grain spirit that lends a dry and peppery spice backbone to a classic Manhattan | 5. French classification for sweet red vermouth or rich red table wine | 7. Historic roadside public house providing food
2026-12-15,midi,Perfect Puzzler 20,####POSSET#/L#C#U#U##O#/OCEAN#Z##P#/C#L#C#E#J##/H#L#H##NUTS/#SAGE#M#L##/E#R#SHAKEN#/GUM###N#P##/G#A###G#CAB/#KNOT#O#U#A/########PAY,1. Historic British restorative beverage crafted from hot curdled spiced milk mixed with ale or sack | 6. Sensory descriptor for salty sea spray and briny seaweed aromas in coastal Scotch whiskies | 8. Complimentary roasted and salted legumes served on bar counters to stimulate thirst | 9. Velvety green garden herb with piney camphor notes shaken into savory modern gin smashes | 12. Agitated forcefully back and forth inside an iced metal tin to chill | 13. Arabic tree exudate boiled with sugar to produce velvety gomme syrup | 14. Colloquial bar patron order shorthand for a glass of dry Cabernet Sauvignon red wine | 16. Decorative knot tied into a long strip of citrus peel before floating it across a drink | 17. To settle the itemized cocktail ledger before departing a hospitality establishment,1. Communal bowls of spirit citrus spices sugar and water that birthed modern cocktails | 2. Iconic French bittersweet apéritif distilled from wild yellow gentian roots | 3. To fill the remaining headspace of a tall glass with soda | 4. Deep Scottish freshwater lake supplying soft peaty brewing and chilling water to distilleries | 5. Technical specialist responsible for managing barrel aging | 7. Traditional silver or pewter chalice frosted heavily on the outside with crushed ice and mint | 10. Luscious tropical stone fruit pureed into frozen sours and paired with smoky mezcal | 11. Emulsifying cocktail ingredient whose white yields a silky textural foam collar | 15. Coastal cocktail family characterized by the Bay Breeze pairing vodka with fruit juices
2026-12-15,main,The Grand Grid 20,#SUB#D#W#HYSSOP/#Y##NONINO#E###/DRY##L#N#R#CUPS/#U#RICKEYS###O#/#PAY#E#S#E#PURE/###E##P##R#I#T#/BIG#G#U#PASTIS#/##R#A#M##D##N##/H#A#LUPULIN#K##/O#I#L####S#####/TANNINS#CHIP###/####A##V###O##R/#QUININE#Z#SOJU/##R#O##N#I####E/PIN####TINTO###,1. To swap one spirit or modifier for another in a standard recipe to create a variation | 4. Blue-flowered garden herb infused into Green Chartreuse and absinthe to impart herbal complexity | 6. Distinguished Friulian family distillery celebrated for artisanal grappa and Amaro Nonino | 7. Flavor descriptor denoting the complete absence of residual sweetness | 8. Plural of the historic British summer wine and fruit coolers traditionally fortified with spirits | 10. Plural of the zero-sugar highball pairing spirit with fresh lime and club soda | 11. To settle the itemized cocktail ledger before departing a hospitality establishment | 12. Distillate produced without additives artificial colorings or neutral grain cuts | 14. Large format geometric ice cube carved to minimize surface area and slow down dilution | 17. French anise-flavored apéritif that turns opaque and milky white when diluted with water | 20. The yellow resinous gland on hop cones containing bitter alpha acids and essential oils | 21. Astringent polyphenol compounds extracted from grape skins and charred oak staves | 22. Aromatic hardwood shaving burned inside a smoking gun to flavor cocktails under a cloche | 26. Bitter alkaloid extracted from cinchona tree bark essential for authentic tonic water | 29. Clear Korean distilled spirit traditionally produced from rice or sweet potatoes | 30. Slender metal or bamboo skewer used to spear brandied cherries and olives | 31. Spanish designation for deep red table wine,1. Solution of dissolved sugar and water used as the primary liquid sweetening agent | 2. Italian wine and liqueur label descriptor denoting a distinctly sweet profile | 3. Plural of the fermented grape beverages encompassing reds | 4. Pungent white root grated fresh into savory tomato mixes to deliver sharp | 5. French wine and cordial label indicator denoting a dry profile | 9. Plural of the fortified Portuguese sweet dessert wines aged in seasoned wooden pipes | 10. Grain spirit that lends a dry and peppery spice backbone to a classic Manhattan | 12. Subterranean earthen conical oven filled with burning hardwood used to roast agave hearts | 13. Mechanical impeller transferring hot wort | 15. Cereal crop seeds like rye barley corn and wheat that form the base mash of spirits | 16. Sweet herbal Italian liqueur presented in an iconic towering skyscraper bottle | 18. Cuttlefish or squid pigment deployed to turn savory cocktails midnight black | 19. Serving temperature suited for a buttered rum or winter toddy | 23. Point of sale computer terminal used by bartenders to enter drink orders and process checks | 24. Gas relief valve atop a fermentation tank allowing metabolic carbon dioxide to escape safely | 25. Intensely bitter aromatic herb used in ancient folk tonics and medicinal restorative cordials | 27. Heated ceramic or metal dispensing vessel utilized to keep mulled wine and hot toddies warm | 28. Colloquial bar patron order shorthand for a pour of jammy Californian Zinfandel wine
2026-12-16,mini,Fast Five 20,#NUT#M#/R##I#A#/O#SPELT/O#I##L#/TIPPLES/S##O#T#/#SUDS##,1. Hard-shelled seed like hazelnut or walnut macerated to yield rich nutty winter liqueurs | 5. Ancient nutty cereal grain mashed and distilled into smooth | 6. Plural of the leisurely alcoholic mixed drinks and spirit measures enjoyed by bar patrons | 8. The thick aerated foam head blooming atop a freshly poured draught beer or stout,2. Financial gratuity left by a patron to reward attentive hospitalian service | 3. Heavy wooden hammer utilized alongside a canvas Lewis bag to crush ice | 4. Plural of the underground plant structures like gentian and angelica providing bitter depth | 5. A small | 7. Vanilla or cardamom seed vessel macerated into rich cocktail syrups
2026-12-16,midi,Coffee Break 20,###ICED##T#/#BIN###T#I#/#A#K##WIPES/URN####K##T/#W#K#DRIP#A/PAPAYA####V/#R#B#S#V##E/AEJO#H#A##S/###SWEETEN#/SOJU#S###U#/######PEATS,1. Thoroughly chilled with solid ice chunks or served over crystalline cubes in a tumbler | 3. Insulated stainless steel ice compartment in a cocktail well or cellar wine storage cubby | 5. Sanitizing cloths kept in sanitizer buckets to clean sticky bar counters throughout the night | 7. Heated ceramic or metal dispensing vessel utilized to keep mulled wine and hot toddies warm | 9. The slow | 10. Sweet tropical fruit pureed for frozen island cocktails and punch bowls | 12. Tequila matured in small wooden barrels for at least one year to impart amber wood nuances | 13. To introduce simple syrup honey or fruit cordials to balance sharp cocktail acids | 15. Clear Korean distilled spirit traditionally produced from rice or sweet potatoes | 16. Plural of the compressed decomposed bogs burned to smoke malting barley in Scotland,1. Cuttlefish or squid pigment deployed to turn savory cocktails midnight black | 2. Formal uniform neckwear or the act of knotting a slender strip of citrus peel for garnish | 3. The specialized hardware suite encompassing shakers | 4. Polynesian pop cocktail genre celebrated for exotic rums and elaborate tropical decor | 6. Narrow beveled wooden planks bent and hooped together to form a barrel | 8. Juicy | 9. Plural micro-measures of aromatic bitters dispensed with firm downward shakes | 11. Enormous wooden or stainless vessel used for bulk spirit blending | 14. Hard-shelled seed like hazelnut or walnut macerated to yield rich nutty winter liqueurs
2026-12-16,main,Heavy Hitter 20,#####FLOW#A###P/########I#L#P#O/####TUBES#OCEAN/##W###O#P#E#R#D/#MOSCATO#I##F##/##R#L#T##SOJUS#/BOT#E#L##O##M##/O##PALE##M##EGG/DEN#N#DOSAGE##A/Y#U##G###L##F#M/##T#GRAVITY#L#M/#####I######ALE/#DRAWS#U##I#V#L/##O##THROWN#O##/##EYE##N##K#RED,1. The calibrated fluid stream emerging from a speed pour spout into a metal jigger | 6. Cylindrical glass shooter vials utilized to serve modern party shots and cocktail flights | 8. Sensory descriptor for salty sea spray and briny seaweed aromas in coastal Scotch whiskies | 10. Fragrant white grape variety cultivated in Asti to yield sweet low-alcohol sparkling wine | 13. Plural of the clear Korean distilled spirits traditionally produced from rice or sweet potatoes | 14. Colloquial abbreviation for a glass bottle stored in the speed well | 15. Light-hued ale style characterized by crisp malt profiles and aromatic hops | 16. Emulsifying cocktail ingredient whose white yields a silky textural foam collar | 18. Intimate subterranean cocktail lounge or cozy neighborhood retreat dedicated to fine drinks | 20. Sweet wine and sugar mixture added to champagne bottles following disgorgement | 23. Specific gravity measurement tracking sugar depletion during active fermentation | 24. Top-fermented malt brew produced with warm fermentation yeast strains | 25. Dispenses fresh draught beer from a pressurized cellar line through a counter faucet | 29. Aerated smoothly by pouring the liquid back and forth between two distant vessels | 30. Colloquial term for a morning revitalizer cocktail or a drop of modifier | 31. Vibrant crimson tint characteristic of an Italian bitter apéritif or sweet vermouth,2. A delicate curling thread of aromatic hardwood smoke trapped beneath a presentation cloche | 3. Succulent desert plant whose soothing | 4. Man-made cooling basin providing recycled cold water to distillery condensers | 5. Volatile | 7. Packaged into glass containers fitted with corks | 9. Sweet unfermented liquid extracted from mashing grains before yeast pitching | 11. Palate descriptor for a neutral | 12. Sugar alcohol utilized by modern mixologists to blow structural clear sugar garnishes | 14. The textural weight viscosity and substance of a beverage upon the tongue | 17. Gammel Dansk: traditional Danish bitter herbal spirit consumed at celebratory breakfast toasts | 19. Hard-shelled seed like hazelnut or walnut macerated to yield rich nutty winter liqueurs | 21. Coarsely ground malted barley milled between rollers and prepared for the hot mash tun | 22. The complete sensory synthesis of taste aroma temperature and mouthfeel | 26. Savory fish caviar served on mother-of-pearl spoons alongside chilled dry martinis | 27. Heated ceramic or metal dispensing vessel utilized to keep mulled wine and hot toddies warm | 28. Cuttlefish or squid pigment deployed to turn savory cocktails midnight black